ID	Description	GeneRatio	BgRatio	pvalue	p.adjust	qvalue	geneID	Count
GO:0021877	forebrain neuron fate commitment	2/25	10/18866	7.53706930882756e-05	0.0176988696951212	0.0138728434249086	DLX1/DLX2	2
GO:0021892	cerebral cortex GABAergic interneuron differentiation	2/25	11/18866	9.2044894957025e-05	0.0176988696951212	0.0138728434249086	DLX1/DLX2	2
GO:0048715	negative regulation of oligodendrocyte differentiation	2/25	13/18866	0.000130324398488687	0.0176988696951212	0.0138728434249086	DLX1/DLX2	2
GO:0097154	GABAergic neuron differentiation	2/25	14/18866	0.000151921628284302	0.0176988696951212	0.0138728434249086	DLX1/DLX2	2
GO:0060850	regulation of transcription involved in cell fate commitment	2/25	16/18866	0.000200010917346739	0.0179574695642736	0.0140755408601828	DLX1/DLX2	2
GO:0042475	odontogenesis of dentin-containing tooth	3/25	91/18866	0.000231212054475625	0.0179574695642736	0.0140755408601828	DLX1/DLX2/ITGA6	3
GO:0021544	subpallium development	2/25	24/18866	0.000457045446121141	0.0289144422250163	0.0226639066005888	DLX1/DLX2	2
GO:0021895	cerebral cortex neuron differentiation	2/25	25/18866	0.000496385274249206	0.0289144422250163	0.0226639066005888	DLX1/DLX2	2
GO:0045686	negative regulation of glial cell differentiation	2/25	28/18866	0.000623923809058295	0.032059554987515	0.0251291293893556	DLX1/DLX2	2
GO:0042476	odontogenesis	3/25	132/18866	0.000687973282993885	0.032059554987515	0.0251291293893556	DLX1/DLX2/ITGA6	3
GO:0006536	glutamate metabolic process	2/25	33/18866	0.000867982559478038	0.0337066560597305	0.0264201708893754	GAD1/SLC25A12	2
GO:0009954	proximal/distal pattern formation	2/25	33/18866	0.000867982559478038	0.0337066560597305	0.0264201708893754	DLX1/DLX2	2
GO:0045746	negative regulation of Notch signaling pathway	2/25	40/18866	0.00127498436045487	0.0424387651408549	0.0332646295547248	DLX1/DLX2	2
GO:0048713	regulation of oligodendrocyte differentiation	2/25	40/18866	0.00127498436045487	0.0424387651408549	0.0332646295547248	DLX1/DLX2	2
GO:1900371	regulation of purine nucleotide biosynthetic process	2/25	42/18866	0.00140510506982973	0.0428851629312418	0.033614527980892	SLC25A12/PDK1	2
GO:0030808	regulation of nucleotide biosynthetic process	2/25	43/18866	0.00147245194613706	0.0428851629312418	0.033614527980892	SLC25A12/PDK1	2
GO:0014014	negative regulation of gliogenesis	2/25	46/18866	0.001683592785944	0.0461502493088179	0.0361737892707472	DLX1/DLX2	2
GO:0021879	forebrain neuron differentiation	2/25	51/18866	0.00206559995791974	0.0534760877994777	0.0419159757542778	DLX1/DLX2	2
GO:0021872	forebrain generation of neurons	2/25	61/18866	0.00294081330897496	0.072127315893807	0.0565353029481613	DLX1/DLX2	2
GO:0046530	photoreceptor cell differentiation	2/25	63/18866	0.0031333935550347	0.0730080698323085	0.0572256612419495	DLX1/DLX2	2
GO:0048663	neuron fate commitment	2/25	67/18866	0.00353585453860407	0.0784622959518808	0.0615008283155696	DLX1/DLX2	2
GO:0003407	neural retina development	2/25	72/18866	0.00407106641766599	0.0856111413716501	0.0671042829364414	DLX1/DLX2	2
GO:0009064	glutamine family amino acid metabolic process	2/25	75/18866	0.00440915749553563	0.0856111413716501	0.0671042829364414	GAD1/SLC25A12	2
GO:0045685	regulation of glial cell differentiation	2/25	75/18866	0.00440915749553563	0.0856111413716501	0.0671042829364414	DLX1/DLX2	2
GO:0021766	hippocampus development	2/25	81/18866	0.00512305267533595	0.095493701868262	0.0748504959301715	DLX1/DLX2	2
GO:0008652	cellular amino acid biosynthetic process	2/25	84/18866	0.005498662885002	0.098552957861959	0.0772484219067083	GAD1/SLC25A12	2
GO:0043648	dicarboxylic acid metabolic process	2/25	97/18866	0.0072673704171037	0.125429430161864	0.0983149136348922	GAD1/SLC25A12	2
GO:0048709	oligodendrocyte differentiation	2/25	103/18866	0.00815954481418727	0.13579813869326	0.106442182350488	DLX1/DLX2	2
GO:0008593	regulation of Notch signaling pathway	2/25	108/18866	0.00893885461844346	0.14133134320503	0.110779254782348	DLX1/DLX2	2
GO:0021761	limbic system development	2/25	109/18866	0.0090985843265041	0.14133134320503	0.110779254782348	DLX1/DLX2	2
GO:0010906	regulation of glucose metabolic process	2/25	121/18866	0.0111143164177172	0.161852232833006	0.126864072268022	SLC25A12/PDK1	2
GO:1900542	regulation of purine nucleotide metabolic process	2/25	121/18866	0.0111143164177172	0.161852232833006	0.126864072268022	SLC25A12/PDK1	2
GO:0006140	regulation of nucleotide metabolic process	2/25	123/18866	0.0114678015513102	0.161939258270017	0.126932285113386	SLC25A12/PDK1	2
GO:0014013	regulation of gliogenesis	2/25	128/18866	0.0123730577802194	0.164623858736424	0.12903654615211	DLX1/DLX2	2
GO:0048706	embryonic skeletal system development	2/25	130/18866	0.0127437084070539	0.164623858736424	0.12903654615211	DLX1/DLX2	2
GO:0035878	nail development	1/25	10/18866	0.0131757352946358	0.164623858736424	0.12903654615211	ITGA6	1
GO:0048755	branching morphogenesis of a nerve	1/25	10/18866	0.0131757352946358	0.164623858736424	0.12903654615211	DLX2	1
GO:0045666	positive regulation of neuron differentiation	3/25	380/18866	0.0134242631587642	0.164623858736424	0.12903654615211	DLX1/DLX2/ITGA6	3
GO:0006348	chromatin silencing at telomere	1/25	11/18866	0.0144841043346033	0.164624210242077	0.129036821671562	HAT1	1
GO:0043589	skin morphogenesis	1/25	11/18866	0.0144841043346033	0.164624210242077	0.129036821671562	ITGA6	1
GO:0070778	L-aspartate transmembrane transport	1/25	11/18866	0.0144841043346033	0.164624210242077	0.129036821671562	SLC25A12	1
GO:0031581	hemidesmosome assembly	1/25	12/18866	0.0157908079883626	0.170649169805751	0.133759344754	ITGA6	1
GO:0010675	regulation of cellular carbohydrate metabolic process	2/25	148/18866	0.0162944888525233	0.170649169805751	0.133759344754	SLC25A12/PDK1	2
GO:0060041	retina development in camera-type eye	2/25	150/18866	0.0167124287862124	0.170649169805751	0.133759344754	DLX1/DLX2	2
GO:0018206	peptidyl-methionine modification	1/25	13/18866	0.017095848287519	0.170649169805751	0.133759344754	METAP1D	1
GO:0035641	locomotory exploration behavior	1/25	13/18866	0.017095848287519	0.170649169805751	0.133759344754	GAD1	1
GO:0031272	regulation of pseudopodium assembly	1/25	14/18866	0.0183992272613064	0.170649169805751	0.133759344754	KLHL41	1
GO:0042762	regulation of sulfur metabolic process	1/25	14/18866	0.0183992272613064	0.170649169805751	0.133759344754	PDK1	1
GO:0043650	dicarboxylic acid biosynthetic process	1/25	14/18866	0.0183992272613064	0.170649169805751	0.133759344754	SLC25A12	1
GO:0006089	lactate metabolic process	1/25	15/18866	0.0197009469365913	0.170649169805751	0.133759344754	SLC25A12	1
GO:2001171	positive regulation of ATP biosynthetic process	1/25	15/18866	0.0197009469365913	0.170649169805751	0.133759344754	SLC25A12	1
GO:0006086	acetyl-CoA biosynthetic process from pyruvate	1/25	16/18866	0.0210010093378741	0.170649169805751	0.133759344754	PDK1	1
GO:0031269	pseudopodium assembly	1/25	16/18866	0.0210010093378741	0.170649169805751	0.133759344754	KLHL41	1
GO:0080009	mRNA methylation	1/25	16/18866	0.0210010093378741	0.170649169805751	0.133759344754	METTL8	1
GO:0007389	pattern specification process	3/25	455/18866	0.0216210378088768	0.170649169805751	0.133759344754	BBS5/DLX1/DLX2	3
GO:0009152	purine ribonucleotide biosynthetic process	2/25	173/18866	0.0218422528857887	0.170649169805751	0.133759344754	SLC25A12/PDK1	2
GO:0021543	pallium development	2/25	173/18866	0.0218422528857887	0.170649169805751	0.133759344754	DLX1/DLX2	2
GO:0009084	glutamine family amino acid biosynthetic process	1/25	17/18866	0.0222994164872935	0.170649169805751	0.133759344754	SLC25A12	1
GO:0031268	pseudopodium organization	1/25	17/18866	0.0222994164872935	0.170649169805751	0.133759344754	KLHL41	1
GO:0043649	dicarboxylic acid catabolic process	1/25	17/18866	0.0222994164872935	0.170649169805751	0.133759344754	GAD1	1
GO:0042136	neurotransmitter biosynthetic process	1/25	18/18866	0.0235961704046267	0.170649169805751	0.133759344754	GAD1	1
GO:0031643	positive regulation of myelination	1/25	19/18866	0.0248912731072946	0.170649169805751	0.133759344754	SLC25A12	1
GO:0036342	post-anal tail morphogenesis	1/25	19/18866	0.0248912731072946	0.170649169805751	0.133759344754	SP5	1
GO:0009260	ribonucleotide biosynthetic process	2/25	186/18866	0.0249959272329364	0.170649169805751	0.133759344754	SLC25A12/PDK1	2
GO:0050769	positive regulation of neurogenesis	3/25	485/18866	0.0255243409466718	0.170649169805751	0.133759344754	DLX1/DLX2/ITGA6	3
GO:2001169	regulation of ATP biosynthetic process	1/25	20/18866	0.0261847266103625	0.170649169805751	0.133759344754	SLC25A12	1
GO:0021953	central nervous system neuron differentiation	2/25	192/18866	0.0265109896817998	0.170649169805751	0.133759344754	DLX1/DLX2	2
GO:0046390	ribose phosphate biosynthetic process	2/25	194/18866	0.0270241990651895	0.170649169805751	0.133759344754	SLC25A12/PDK1	2
GO:0007219	Notch signaling pathway	2/25	195/18866	0.0272823259743403	0.170649169805751	0.133759344754	DLX1/DLX2	2
GO:2001014	regulation of skeletal muscle cell differentiation	1/25	21/18866	0.0274765329265431	0.170649169805751	0.133759344754	KLHL41	1
GO:0006164	purine nucleotide biosynthetic process	2/25	197/18866	0.0278016097029514	0.170649169805751	0.133759344754	SLC25A12/PDK1	2
GO:0006085	acetyl-CoA biosynthetic process	1/25	22/18866	0.0287666940662001	0.170649169805751	0.133759344754	PDK1	1
GO:0007398	ectoderm development	1/25	22/18866	0.0287666940662001	0.170649169805751	0.133759344754	ITGA6	1
GO:0032402	melanosome transport	1/25	22/18866	0.0287666940662001	0.170649169805751	0.133759344754	BBS5	1
GO:1901605	alpha-amino acid metabolic process	2/25	202/18866	0.0291173585643836	0.170649169805751	0.133759344754	GAD1/SLC25A12	2
GO:0015813	L-glutamate transmembrane transport	1/25	23/18866	0.0300552120373503	0.170649169805751	0.133759344754	SLC25A12	1
GO:0032401	establishment of melanosome localization	1/25	23/18866	0.0300552120373503	0.170649169805751	0.133759344754	BBS5	1
GO:0044458	motile cilium assembly	1/25	23/18866	0.0300552120373503	0.170649169805751	0.133759344754	BBS5	1
GO:0051904	pigment granule transport	1/25	23/18866	0.0300552120373503	0.170649169805751	0.133759344754	BBS5	1
GO:0072522	purine-containing compound biosynthetic process	2/25	208/18866	0.0307289209464727	0.170649169805751	0.133759344754	SLC25A12/PDK1	2
GO:0006109	regulation of carbohydrate metabolic process	2/25	210/18866	0.0312739279914769	0.170649169805751	0.133759344754	SLC25A12/PDK1	2
GO:0016556	mRNA modification	1/25	24/18866	0.0313420888456639	0.170649169805751	0.133759344754	METTL8	1
GO:0051905	establishment of pigment granule localization	1/25	24/18866	0.0313420888456639	0.170649169805751	0.133759344754	BBS5	1
GO:2000291	regulation of myoblast proliferation	1/25	24/18866	0.0313420888456639	0.170649169805751	0.133759344754	KLHL41	1
GO:0006006	glucose metabolic process	2/25	214/18866	0.0323755355969742	0.170649169805751	0.133759344754	SLC25A12/PDK1	2
GO:0015740	C4-dicarboxylate transport	1/25	25/18866	0.032627326494473	0.170649169805751	0.133759344754	SLC25A12	1
GO:0032400	melanosome localization	1/25	25/18866	0.032627326494473	0.170649169805751	0.133759344754	BBS5	1
GO:0001672	regulation of chromatin assembly or disassembly	1/25	26/18866	0.0339109269847678	0.170649169805751	0.133759344754	TLK1	1
GO:0030810	positive regulation of nucleotide biosynthetic process	1/25	26/18866	0.0339109269847678	0.170649169805751	0.133759344754	SLC25A12	1
GO:0035640	exploration behavior	1/25	26/18866	0.0339109269847678	0.170649169805751	0.133759344754	GAD1	1
GO:0051875	pigment granule localization	1/25	26/18866	0.0339109269847678	0.170649169805751	0.133759344754	BBS5	1
GO:1900373	positive regulation of purine nucleotide biosynthetic process	1/25	26/18866	0.0339109269847678	0.170649169805751	0.133759344754	SLC25A12	1
GO:0006333	chromatin assembly or disassembly	2/25	220/18866	0.0340565939741092	0.170649169805751	0.133759344754	TLK1/HAT1	2
GO:0009065	glutamine family amino acid catabolic process	1/25	27/18866	0.035192892315202	0.171682046552087	0.134568940938727	GAD1	1
GO:0045665	negative regulation of neuron differentiation	2/25	225/18866	0.0354833527808885	0.171682046552087	0.134568940938727	DLX1/DLX2	2
GO:0048705	skeletal system morphogenesis	2/25	228/18866	0.0363505451323114	0.171682046552087	0.134568940938727	SP5/DLX2	2
GO:0015867	ATP transport	1/25	28/18866	0.0364732244820958	0.171682046552087	0.134568940938727	SLC25A12	1
GO:0051450	myoblast proliferation	1/25	28/18866	0.0364732244820958	0.171682046552087	0.134568940938727	KLHL41	1
GO:1903579	negative regulation of ATP metabolic process	1/25	28/18866	0.0364732244820958	0.171682046552087	0.134568940938727	SLC25A12	1
GO:0010001	glial cell differentiation	2/25	230/18866	0.0369332681309542	0.172109029490247	0.134903621488854	DLX1/DLX2	2
GO:0031365	N-terminal protein amino acid modification	1/25	29/18866	0.037751925479439	0.174182151221966	0.136528589279472	METAP1D	1
GO:0042133	neurotransmitter metabolic process	1/25	30/18866	0.0390289972988912	0.178308948443954	0.139763282380962	GAD1	1
GO:0008045	motor neuron axon guidance	1/25	31/18866	0.0403044419297851	0.179402498086628	0.140620435590828	CHN1	1
GO:0021772	olfactory bulb development	1/25	31/18866	0.0403044419297851	0.179402498086628	0.140620435590828	DLX2	1
GO:0006335	DNA replication-dependent nucleosome assembly	1/25	32/18866	0.0415782613591326	0.179402498086628	0.140620435590828	HAT1	1
GO:0034723	DNA replication-dependent nucleosome organization	1/25	32/18866	0.0415782613591326	0.179402498086628	0.140620435590828	HAT1	1
GO:0048741	skeletal muscle fiber development	1/25	32/18866	0.0415782613591326	0.179402498086628	0.140620435590828	KLHL41	1
GO:0051503	adenine nucleotide transport	1/25	32/18866	0.0415782613591326	0.179402498086628	0.140620435590828	SLC25A12	1
GO:0015868	purine ribonucleotide transport	1/25	33/18866	0.0428504575716218	0.181530120257961	0.142288122271318	SLC25A12	1
GO:0021988	olfactory lobe development	1/25	33/18866	0.0428504575716218	0.181530120257961	0.142288122271318	DLX2	1
GO:0015865	purine nucleotide transport	1/25	34/18866	0.0441210325496237	0.18392238353735	0.144163241670342	SLC25A12	1
GO:0019318	hexose metabolic process	2/25	254/18866	0.0442045213652	0.18392238353735	0.144163241670342	SLC25A12/PDK1	2
GO:0014904	myotube cell development	1/25	35/18866	0.0453899882731927	0.18714441572349	0.146688755943192	KLHL41	1
GO:0021537	telencephalon development	2/25	259/18866	0.0457821102842872	0.18714441572349	0.146688755943192	DLX1/DLX2	2
GO:0006007	glucose catabolic process	1/25	36/18866	0.0466573267200719	0.189063602187422	0.148193065188695	SLC25A12	1
GO:0009165	nucleotide biosynthetic process	2/25	266/18866	0.0480257689480291	0.192615263969394	0.150976951880235	SLC25A12/PDK1	2
GO:1901293	nucleoside phosphate biosynthetic process	2/25	269/18866	0.0489996571432524	0.192615263969394	0.150976951880235	SLC25A12/PDK1	2
GO:0006084	acetyl-CoA metabolic process	1/25	38/18866	0.0491871596831716	0.192615263969394	0.150976951880235	PDK1	1
GO:0006862	nucleotide transport	1/25	38/18866	0.0491871596831716	0.192615263969394	0.150976951880235	SLC25A12	1
GO:0030488	tRNA methylation	1/25	40/18866	0.0517105472146893	0.200128932941346	0.156866364876095	METTL8	1
GO:0045165	cell fate commitment	2/25	278/18866	0.0519648087680319	0.200128932941346	0.156866364876095	DLX1/DLX2	2
GO:0006734	NADH metabolic process	1/25	41/18866	0.0529698288634535	0.200682441059913	0.157300219217958	SLC25A12	1
GO:0051354	negative regulation of oxidoreductase activity	1/25	41/18866	0.0529698288634535	0.200682441059913	0.157300219217958	PDK1	1
GO:0010907	positive regulation of glucose metabolic process	1/25	42/18866	0.0542275050535413	0.203790462539922	0.159736368875882	SLC25A12	1
GO:0008631	intrinsic apoptotic signaling pathway in response to oxidative stress	1/25	43/18866	0.0554835777465746	0.20684277783923	0.162128854552096	PDK1	1
GO:0044262	cellular carbohydrate metabolic process	2/25	294/18866	0.057392605440638	0.20972019001926	0.164384246525148	SLC25A12/PDK1	2
GO:0050768	negative regulation of neurogenesis	2/25	295/18866	0.0577383095338034	0.20972019001926	0.164384246525148	DLX1/DLX2	2
GO:0045214	sarcomere organization	1/25	45/18866	0.0579909204764991	0.20972019001926	0.164384246525148	KLHL41	1
GO:0005996	monosaccharide metabolic process	2/25	296/18866	0.0580847598838314	0.20972019001926	0.164384246525148	SLC25A12/PDK1	2
GO:0000959	mitochondrial RNA metabolic process	1/25	46/18866	0.0592421944251781	0.20972019001926	0.164384246525148	FASTKD1	1
GO:0031641	regulation of myelination	1/25	46/18866	0.0592421944251781	0.20972019001926	0.164384246525148	SLC25A12	1
GO:0048562	embryonic organ morphogenesis	2/25	302/18866	0.0601789991925801	0.20972019001926	0.164384246525148	BBS5/DLX2	2
GO:0048701	embryonic cranial skeleton morphogenesis	1/25	48/18866	0.061739957252299	0.20972019001926	0.164384246525148	DLX2	1
GO:0042063	gliogenesis	2/25	307/18866	0.0619442830184024	0.20972019001926	0.164384246525148	DLX1/DLX2	2
GO:0048641	regulation of skeletal muscle tissue development	1/25	49/18866	0.0629864500288263	0.20972019001926	0.164384246525148	KLHL41	1
GO:0046034	ATP metabolic process	2/25	311/18866	0.0633694435549852	0.20972019001926	0.164384246525148	SLC25A12/OLA1	2
GO:0019674	NAD metabolic process	1/25	50/18866	0.0642313529755913	0.20972019001926	0.164384246525148	SLC25A12	1
GO:0045981	positive regulation of nucleotide metabolic process	1/25	50/18866	0.0642313529755913	0.20972019001926	0.164384246525148	SLC25A12	1
GO:0050873	brown fat cell differentiation	1/25	50/18866	0.0642313529755913	0.20972019001926	0.164384246525148	ITGA6	1
GO:1900544	positive regulation of purine nucleotide metabolic process	1/25	50/18866	0.0642313529755913	0.20972019001926	0.164384246525148	SLC25A12	1
GO:1903580	positive regulation of ATP metabolic process	1/25	50/18866	0.0642313529755913	0.20972019001926	0.164384246525148	SLC25A12	1
GO:0035176	social behavior	1/25	51/18866	0.0654746680359447	0.20972019001926	0.164384246525148	GAD1	1
GO:0045912	negative regulation of carbohydrate metabolic process	1/25	51/18866	0.0654746680359447	0.20972019001926	0.164384246525148	SLC25A12	1
GO:0051961	negative regulation of nervous system development	2/25	319/18866	0.0662536182031651	0.20972019001926	0.164384246525148	DLX1/DLX2	2
GO:0030514	negative regulation of BMP signaling pathway	1/25	52/18866	0.0667163971509648	0.20972019001926	0.164384246525148	DLX1	1
GO:0033059	cellular pigmentation	1/25	52/18866	0.0667163971509648	0.20972019001926	0.164384246525148	BBS5	1
GO:0006336	DNA replication-independent nucleosome assembly	1/25	53/18866	0.0679565422594597	0.20972019001926	0.164384246525148	HAT1	1
GO:0035384	thioester biosynthetic process	1/25	53/18866	0.0679565422594597	0.20972019001926	0.164384246525148	PDK1	1
GO:0045661	regulation of myoblast differentiation	1/25	53/18866	0.0679565422594597	0.20972019001926	0.164384246525148	KLHL41	1
GO:0051703	intraspecies interaction between organisms	1/25	53/18866	0.0679565422594597	0.20972019001926	0.164384246525148	GAD1	1
GO:0071616	acyl-CoA biosynthetic process	1/25	53/18866	0.0679565422594597	0.20972019001926	0.164384246525148	PDK1	1
GO:0006754	ATP biosynthetic process	1/25	54/18866	0.0691951052979712	0.210751105025193	0.165192305045724	SLC25A12	1
GO:0034724	DNA replication-independent nucleosome organization	1/25	54/18866	0.0691951052979712	0.210751105025193	0.165192305045724	HAT1	1
GO:0043010	camera-type eye development	2/25	332/18866	0.0710340527588911	0.214947198608073	0.168481314472558	DLX1/DLX2	2
GO:0019320	hexose catabolic process	1/25	56/18866	0.0716674928998862	0.215464849621593	0.168887063064587	SLC25A12	1
GO:0006520	cellular amino acid metabolic process	2/25	340/18866	0.0740316489158573	0.221145823043522	0.173339960686926	GAD1/SLC25A12	2
GO:0010721	negative regulation of cell development	2/25	343/18866	0.0751664116195259	0.223105400093625	0.174875929144992	DLX1/DLX2	2
GO:0048747	muscle fiber development	1/25	60/18866	0.0765933682206533	0.224189002178782	0.175725285195476	KLHL41	1
GO:0061951	establishment of protein localization to plasma membrane	1/25	60/18866	0.0765933682206533	0.224189002178782	0.175725285195476	GORASP2	1
GO:0046847	filopodium assembly	1/25	61/18866	0.0778209108025144	0.224189002178782	0.175725285195476	ITGA6	1
GO:0010676	positive regulation of cellular carbohydrate metabolic process	1/25	62/18866	0.0790468867254041	0.224189002178782	0.175725285195476	SLC25A12	1
GO:1902475	L-alpha-amino acid transmembrane transport	1/25	62/18866	0.0790468867254041	0.224189002178782	0.175725285195476	SLC25A12	1
GO:0003002	regionalization	2/25	355/18866	0.0797621169632815	0.224189002178782	0.175725285195476	DLX1/DLX2	2
GO:0001947	heart looping	1/25	64/18866	0.0814941462570238	0.224189002178782	0.175725285195476	BBS5	1
GO:0009206	purine ribonucleoside triphosphate biosynthetic process	1/25	65/18866	0.082715433691529	0.224189002178782	0.175725285195476	SLC25A12	1
GO:0017156	calcium-ion regulated exocytosis	1/25	65/18866	0.082715433691529	0.224189002178782	0.175725285195476	RAPGEF4	1
GO:0031646	positive regulation of nervous system process	1/25	65/18866	0.082715433691529	0.224189002178782	0.175725285195476	SLC25A12	1
GO:0043687	post-translational protein modification	2/25	363/18866	0.0828749549236979	0.224189002178782	0.175725285195476	KLHL41/DCAF17	2
GO:0009145	purine nucleoside triphosphate biosynthetic process	1/25	66/18866	0.0839351621186193	0.224189002178782	0.175725285195476	SLC25A12	1
GO:0046365	monosaccharide catabolic process	1/25	66/18866	0.0839351621186193	0.224189002178782	0.175725285195476	SLC25A12	1
GO:1901607	alpha-amino acid biosynthetic process	1/25	66/18866	0.0839351621186193	0.224189002178782	0.175725285195476	SLC25A12	1
GO:0046394	carboxylic acid biosynthetic process	2/25	367/18866	0.08444567482473	0.224189002178782	0.175725285195476	GAD1/SLC25A12	2
GO:0016053	organic acid biosynthetic process	2/25	368/18866	0.0848398216612748	0.224189002178782	0.175725285195476	GAD1/SLC25A12	2
GO:0030239	myofibril assembly	1/25	67/18866	0.085153333445589	0.224189002178782	0.175725285195476	KLHL41	1
GO:0033866	nucleoside bisphosphate biosynthetic process	1/25	67/18866	0.085153333445589	0.224189002178782	0.175725285195476	PDK1	1
GO:0034030	ribonucleoside bisphosphate biosynthetic process	1/25	67/18866	0.085153333445589	0.224189002178782	0.175725285195476	PDK1	1
GO:0034033	purine nucleoside bisphosphate biosynthetic process	1/25	67/18866	0.085153333445589	0.224189002178782	0.175725285195476	PDK1	1
GO:1904888	cranial skeletal system development	1/25	68/18866	0.0863699495775034	0.226114587096161	0.177234609718472	DLX2	1
GO:0035914	skeletal muscle cell differentiation	1/25	69/18866	0.0875850124171973	0.226120831263493	0.177239504062417	KLHL41	1
GO:0061371	determination of heart left/right asymmetry	1/25	69/18866	0.0875850124171973	0.226120831263493	0.177239504062417	BBS5	1
GO:0060271	cilium assembly	2/25	377/18866	0.0884131091310808	0.226120831263493	0.177239504062417	BBS5/DYNC1I2	2
GO:0003143	embryonic heart tube morphogenesis	1/25	70/18866	0.0887985238652774	0.226120831263493	0.177239504062417	BBS5	1
GO:0043967	histone H4 acetylation	1/25	70/18866	0.0887985238652774	0.226120831263493	0.177239504062417	HAT1	1
GO:0009201	ribonucleoside triphosphate biosynthetic process	1/25	71/18866	0.0900104858201279	0.226729115633403	0.177716293482699	SLC25A12	1
GO:0015800	acidic amino acid transport	1/25	71/18866	0.0900104858201279	0.226729115633403	0.177716293482699	SLC25A12	1
GO:0001654	eye development	2/25	384/18866	0.0912239914807117	0.22855043026888	0.179143888193588	DLX1/DLX2	2
GO:0015807	L-amino acid transport	1/25	73/18866	0.0924297688325623	0.230130500882324	0.180382389442436	SLC25A12	1
GO:0150063	visual system development	2/25	388/18866	0.092842347995444	0.230130500882324	0.180382389442436	DLX1/DLX2	2
GO:0030900	forebrain development	2/25	391/18866	0.0940618096561491	0.231919594178653	0.18178472821322	DLX1/DLX2	2
GO:0048880	sensory system development	2/25	394/18866	0.0952860920954642	0.233701678507823	0.183181573169674	DLX1/DLX2	2
GO:0044782	cilium organization	2/25	397/18866	0.0965151416352972	0.235476732995018	0.184572907949562	BBS5/DYNC1I2	2
GO:0006342	chromatin silencing	1/25	77/18866	0.0972498242211732	0.236033427536806	0.185009259894447	HAT1	1
GO:0009150	purine ribonucleotide metabolic process	2/25	401/18866	0.0981611976648869	0.237010974672732	0.185775487263244	SLC25A12/PDK1	2
GO:0009205	purine ribonucleoside triphosphate metabolic process	1/25	79/18866	0.0996506267764589	0.23936696947335	0.1876221784668	SLC25A12	1
GO:0043547	positive regulation of GTPase activity	2/25	406/18866	0.100230360852487	0.239524862344917	0.187745939086709	ITGA6/CHN1	2
GO:0035050	embryonic heart tube development	1/25	80/18866	0.100848728353645	0.239772997004075	0.187940433612862	BBS5	1
GO:0009142	nucleoside triphosphate biosynthetic process	1/25	82/18866	0.103240341488471	0.244213193571714	0.191420777432538	SLC25A12	1
GO:0009259	ribonucleotide metabolic process	2/25	416/18866	0.104406409920419	0.245724176883411	0.192605126222145	SLC25A12/PDK1	2
GO:0001510	RNA methylation	1/25	84/18866	0.105625847080107	0.246108223696649	0.192906152298932	METTL8	1
GO:0045913	positive regulation of carbohydrate metabolic process	1/25	84/18866	0.105625847080107	0.246108223696649	0.192906152298932	SLC25A12	1
GO:0009199	ribonucleoside triphosphate metabolic process	1/25	85/18866	0.106816314220081	0.247643793166954	0.194109772371658	SLC25A12	1
GO:0045445	myoblast differentiation	1/25	86/18866	0.108005260077304	0.248213619102164	0.19455641705094	KLHL41	1
GO:0019693	ribose phosphate metabolic process	2/25	427/18866	0.10905624450241	0.248213619102164	0.19455641705094	SLC25A12/PDK1	2
GO:0009144	purine nucleoside triphosphate metabolic process	1/25	87/18866	0.109192686514901	0.248213619102164	0.19455641705094	SLC25A12	1
GO:0048013	ephrin receptor signaling pathway	1/25	87/18866	0.109192686514901	0.248213619102164	0.19455641705094	CHN1	1
GO:0006400	tRNA modification	1/25	89/18866	0.111562988572809	0.251151462197724	0.196859176378157	METTL8	1
GO:1903845	negative regulation of cellular response to transforming growth factor beta stimulus	1/25	89/18866	0.111562988572809	0.251151462197724	0.196859176378157	DLX1	1
GO:0043470	regulation of carbohydrate catabolic process	1/25	90/18866	0.112745867908468	0.252594107910318	0.197989960345336	SLC25A12	1
GO:0006094	gluconeogenesis	1/25	91/18866	0.113927235255203	0.254019577171888	0.199107280954699	SLC25A12	1
GO:0003333	amino acid transmembrane transport	1/25	92/18866	0.115107092465249	0.254592671092987	0.199556487167984	SLC25A12	1
GO:0006163	purine nucleotide metabolic process	2/25	442/18866	0.115487398841616	0.254592671092987	0.199556487167984	SLC25A12/PDK1	2
GO:0030510	regulation of BMP signaling pathway	1/25	93/18866	0.116285441388674	0.254592671092987	0.199556487167984	DLX1	1
GO:0019319	hexose biosynthetic process	1/25	94/18866	0.117462283873374	0.254592671092987	0.199556487167984	SLC25A12	1
GO:0060349	bone morphogenesis	1/25	94/18866	0.117462283873374	0.254592671092987	0.199556487167984	SP5	1
GO:1901264	carbohydrate derivative transport	1/25	94/18866	0.117462283873374	0.254592671092987	0.199556487167984	SLC25A12	1
GO:0097711	ciliary basal body-plasma membrane docking	1/25	95/18866	0.118637621765083	0.255417632605795	0.200203113878949	DYNC1I2	1
GO:0048568	embryonic organ development	2/25	451/18866	0.119393892973514	0.255417632605795	0.200203113878949	BBS5/DLX2	2
GO:0044282	small molecule catabolic process	2/25	452/18866	0.119830086051747	0.255417632605795	0.200203113878949	GAD1/SLC25A12	2
GO:0036473	cell death in response to oxidative stress	1/25	97/18866	0.120983791141644	0.255417632605795	0.200203113878949	PDK1	1
GO:0048704	embryonic skeletal system morphogenesis	1/25	97/18866	0.120983791141644	0.255417632605795	0.200203113878949	DLX2	1
GO:0062012	regulation of small molecule metabolic process	2/25	456/18866	0.121579052098664	0.255417632605795	0.200203113878949	SLC25A12/PDK1	2
GO:0006835	dicarboxylic acid transport	1/25	98/18866	0.122154626307154	0.255417632605795	0.200203113878949	SLC25A12	1
GO:0007044	cell-substrate junction assembly	1/25	99/18866	0.123323964240995	0.255417632605795	0.200203113878949	ITGA6	1
GO:0019886	antigen processing and presentation of exogenous peptide antigen via MHC class II	1/25	99/18866	0.123323964240995	0.255417632605795	0.200203113878949	DYNC1I2	1
GO:0043473	pigmentation	1/25	99/18866	0.123323964240995	0.255417632605795	0.200203113878949	BBS5	1
GO:0046364	monosaccharide biosynthetic process	1/25	100/18866	0.124491806778107	0.256098250917449	0.200736600561001	SLC25A12	1
GO:0019217	regulation of fatty acid metabolic process	1/25	101/18866	0.125658155751279	0.256098250917449	0.200736600561001	PDK1	1
GO:1990542	mitochondrial transmembrane transport	1/25	101/18866	0.125658155751279	0.256098250917449	0.200736600561001	SLC25A12	1
GO:0150115	cell-substrate junction organization	1/25	102/18866	0.126823012991152	0.256098250917449	0.200736600561001	ITGA6	1
GO:0002495	antigen processing and presentation of peptide antigen via MHC class II	1/25	103/18866	0.12798638032622	0.256098250917449	0.200736600561001	DYNC1I2	1
GO:0072521	purine-containing compound metabolic process	2/25	472/18866	0.128640063278419	0.256098250917449	0.200736600561001	SLC25A12/PDK1	2
GO:0002504	antigen processing and presentation of peptide or polysaccharide antigen via MHC class II	1/25	104/18866	0.129148259582834	0.256098250917449	0.200736600561001	DYNC1I2	1
GO:0006637	acyl-CoA metabolic process	1/25	104/18866	0.129148259582834	0.256098250917449	0.200736600561001	PDK1	1
GO:0035383	thioester metabolic process	1/25	104/18866	0.129148259582834	0.256098250917449	0.200736600561001	PDK1	1
GO:1901606	alpha-amino acid catabolic process	1/25	104/18866	0.129148259582834	0.256098250917449	0.200736600561001	GAD1	1
GO:0062014	negative regulation of small molecule metabolic process	1/25	105/18866	0.130308652585202	0.257304373325018	0.201681991289318	SLC25A12	1
GO:2001237	negative regulation of extrinsic apoptotic signaling pathway	1/25	107/18866	0.132624987113342	0.259737868481152	0.203589429326767	ITGA6	1
GO:0043087	regulation of GTPase activity	2/25	481/18866	0.132655821241447	0.259737868481152	0.203589429326767	ITGA6/CHN1	2
GO:0007229	integrin-mediated signaling pathway	1/25	108/18866	0.133780932276846	0.260844830297115	0.204457095353736	ITGA6	1
GO:0009141	nucleoside triphosphate metabolic process	1/25	110/18866	0.136088387481056	0.264238285692383	0.207116975683887	SLC25A12	1
GO:0010927	cellular component assembly involved in morphogenesis	1/25	112/18866	0.138389941267813	0.267592168592535	0.20974583804294	KLHL41	1
GO:0098693	regulation of synaptic vesicle cycle	1/25	114/18866	0.140685608102913	0.270906997421312	0.212344088785171	RAPGEF4	1
GO:0022904	respiratory electron transport chain	1/25	116/18866	0.142975402418229	0.274118512150444	0.214861359196304	SLC25A12	1
GO:0014902	myotube differentiation	1/25	117/18866	0.144118101881671	0.274118512150444	0.214861359196304	KLHL41	1
GO:0051341	regulation of oxidoreductase activity	1/25	117/18866	0.144118101881671	0.274118512150444	0.214861359196304	PDK1	1
GO:0010811	positive regulation of cell-substrate adhesion	1/25	122/18866	0.149809694056977	0.283785843213623	0.222438869652422	ITGA6	1
GO:0009063	cellular amino acid catabolic process	1/25	124/18866	0.152076141936118	0.286725101935035	0.224742738584724	GAD1	1
GO:0007368	determination of left/right symmetry	1/25	125/18866	0.153207189660566	0.286725101935035	0.224742738584724	BBS5	1
GO:1903578	regulation of ATP metabolic process	1/25	125/18866	0.153207189660566	0.286725101935035	0.224742738584724	SLC25A12	1
GO:0045814	negative regulation of gene expression, epigenetic	1/25	126/18866	0.154336788948677	0.287683774600333	0.225494171642909	HAT1	1
GO:0002576	platelet degranulation	1/25	129/18866	0.157716913961523	0.29165111867488	0.228603881138883	OLA1	1
GO:1903844	regulation of cellular response to transforming growth factor beta stimulus	1/25	129/18866	0.157716913961523	0.29165111867488	0.228603881138883	DLX1	1
GO:0008033	tRNA processing	1/25	130/18866	0.158840737260395	0.292568314479621	0.229322803533834	METTL8	1
GO:0090101	negative regulation of transmembrane receptor protein serine/threonine kinase signaling pathway	1/25	133/18866	0.162203576811871	0.297586089741464	0.233255868850888	DLX1	1
GO:0009855	determination of bilateral symmetry	1/25	134/18866	0.16332165243135	0.298164380237713	0.233709148277584	BBS5	1
GO:0009799	specification of symmetry	1/25	135/18866	0.164438295538825	0.298164380237713	0.233709148277584	BBS5	1
GO:0015748	organophosphate ester transport	1/25	135/18866	0.164438295538825	0.298164380237713	0.233709148277584	SLC25A12	1
GO:0042552	myelination	1/25	137/18866	0.166667291251683	0.299250986109896	0.234560858775997	SLC25A12	1
GO:0033865	nucleoside bisphosphate metabolic process	1/25	138/18866	0.167779647368866	0.299250986109896	0.234560858775997	PDK1	1
GO:0033875	ribonucleoside bisphosphate metabolic process	1/25	138/18866	0.167779647368866	0.299250986109896	0.234560858775997	PDK1	1
GO:0034032	purine nucleoside bisphosphate metabolic process	1/25	138/18866	0.167779647368866	0.299250986109896	0.234560858775997	PDK1	1
GO:0007272	ensheathment of neurons	1/25	139/18866	0.168890577997645	0.299250986109896	0.234560858775997	SLC25A12	1
GO:0008366	axon ensheathment	1/25	139/18866	0.168890577997645	0.299250986109896	0.234560858775997	SLC25A12	1
GO:0097549	chromatin organization involved in negative regulation of transcription	1/25	143/18866	0.173320080612827	0.305936202899914	0.239800908981861	HAT1	1
GO:0006334	nucleosome assembly	1/25	145/18866	0.175526324411821	0.308661385569467	0.241936979427615	HAT1	1
GO:0051592	response to calcium ion	1/25	147/18866	0.177726915103616	0.311356174580019	0.244049226517431	SLC25A12	1
GO:0031644	regulation of nervous system process	1/25	148/18866	0.178825094874032	0.312106719892505	0.244637523837134	SLC25A12	1
GO:0043524	negative regulation of neuron apoptotic process	1/25	149/18866	0.17992186657123	0.312849215754452	0.245219511784041	DLX1	1
GO:1905039	carboxylic acid transmembrane transport	1/25	150/18866	0.181017231925492	0.313150611741404	0.24545575395136	SLC25A12	1
GO:0007030	Golgi organization	1/25	151/18866	0.182111192665065	0.313150611741404	0.24545575395136	GORASP2	1
GO:1903825	organic acid transmembrane transport	1/25	151/18866	0.182111192665065	0.313150611741404	0.24545575395136	SLC25A12	1
GO:0006090	pyruvate metabolic process	1/25	152/18866	0.183203750516167	0.313871131399022	0.246020516366525	PDK1	1
GO:0016202	regulation of striated muscle tissue development	1/25	153/18866	0.184294907202984	0.314399115719314	0.246434364478432	KLHL41	1
GO:0062013	positive regulation of small molecule metabolic process	1/25	154/18866	0.185384664447677	0.314399115719314	0.246434364478432	SLC25A12	1
GO:0030509	BMP signaling pathway	1/25	155/18866	0.186473023970379	0.314399115719314	0.246434364478432	DLX1	1
GO:0006865	amino acid transport	1/25	156/18866	0.187559987489204	0.314399115719314	0.246434364478432	SLC25A12	1
GO:0034401	chromatin organization involved in regulation of transcription	1/25	156/18866	0.187559987489204	0.314399115719314	0.246434364478432	HAT1	1
GO:1901861	regulation of muscle tissue development	1/25	156/18866	0.187559987489204	0.314399115719314	0.246434364478432	KLHL41	1
GO:0048634	regulation of muscle organ development	1/25	157/18866	0.188645556720245	0.315085410149226	0.246972300252499	KLHL41	1
GO:0007519	skeletal muscle tissue development	1/25	158/18866	0.189729733377575	0.315764484835536	0.24750457700007	KLHL41	1
GO:0016573	histone acetylation	1/25	159/18866	0.190812519173254	0.316436419696571	0.248031257363249	HAT1	1
GO:0010970	transport along microtubule	1/25	161/18866	0.192973925017828	0.31841016757762	0.249578333294408	DYNC1I2	1
GO:0043467	regulation of generation of precursor metabolites and energy	1/25	162/18866	0.194052548480782	0.31841016757762	0.249578333294408	SLC25A12	1
GO:2001236	regulation of extrinsic apoptotic signaling pathway	1/25	162/18866	0.194052548480782	0.31841016757762	0.249578333294408	ITGA6	1
GO:0018393	internal peptidyl-lysine acetylation	1/25	164/18866	0.196205645008119	0.320813440609767	0.251462082429612	HAT1	1
GO:0006475	internal protein amino acid acetylation	1/25	166/18866	0.198353219007449	0.322175180584741	0.252529450334098	HAT1	1
GO:0009451	RNA modification	1/25	168/18866	0.200495284054882	0.322175180584741	0.252529450334098	METTL8	1
GO:0060538	skeletal muscle organ development	1/25	168/18866	0.200495284054882	0.322175180584741	0.252529450334098	KLHL41	1
GO:0071772	response to BMP	1/25	168/18866	0.200495284054882	0.322175180584741	0.252529450334098	DLX1	1
GO:0071773	cellular response to BMP stimulus	1/25	168/18866	0.200495284054882	0.322175180584741	0.252529450334098	DLX1	1
GO:0055002	striated muscle cell development	1/25	169/18866	0.20156425495544	0.322779872196683	0.253003423655408	KLHL41	1
GO:0007584	response to nutrient	1/25	171/18866	0.203698081960414	0.323970328305642	0.253936534723419	HAT1	1
GO:0140056	organelle localization by membrane tethering	1/25	171/18866	0.203698081960414	0.323970328305642	0.253936534723419	DYNC1I2	1
GO:0018394	peptidyl-lysine acetylation	1/25	172/18866	0.204762941438938	0.324556226906615	0.254395777584359	HAT1	1
GO:0007269	neurotransmitter secretion	1/25	175/18866	0.207949323981616	0.327379678971058	0.256608874187841	GAD1	1
GO:0099643	signal release from synapse	1/25	175/18866	0.207949323981616	0.327379678971058	0.256608874187841	GAD1	1
GO:0002478	antigen processing and presentation of exogenous peptide antigen	1/25	177/18866	0.210066765895528	0.327885054443071	0.257005000884901	DYNC1I2	1
GO:0006941	striated muscle contraction	1/25	178/18866	0.211123447946607	0.327885054443071	0.257005000884901	KLHL41	1
GO:0022406	membrane docking	1/25	180/18866	0.213232742598097	0.327885054443071	0.257005000884901	DYNC1I2	1
GO:0048736	appendage development	1/25	181/18866	0.214285358537037	0.327885054443071	0.257005000884901	ITGA6	1
GO:0050796	regulation of insulin secretion	1/25	181/18866	0.214285358537037	0.327885054443071	0.257005000884901	RAPGEF4	1
GO:0060173	limb development	1/25	181/18866	0.214285358537037	0.327885054443071	0.257005000884901	ITGA6	1
GO:0090288	negative regulation of cellular response to growth factor stimulus	1/25	182/18866	0.21533662244052	0.327885054443071	0.257005000884901	DLX1	1
GO:0034728	nucleosome organization	1/25	183/18866	0.2163865359729	0.327885054443071	0.257005000884901	HAT1	1
GO:0055001	muscle cell development	1/25	183/18866	0.2163865359729	0.327885054443071	0.257005000884901	KLHL41	1
GO:0120032	regulation of plasma membrane bounded cell projection assembly	1/25	183/18866	0.2163865359729	0.327885054443071	0.257005000884901	KLHL41	1
GO:0022900	electron transport chain	1/25	184/18866	0.217435100796573	0.327885054443071	0.257005000884901	SLC25A12	1
GO:0019884	antigen processing and presentation of exogenous antigen	1/25	185/18866	0.218482318571977	0.327885054443071	0.257005000884901	DYNC1I2	1
GO:0060491	regulation of cell projection assembly	1/25	185/18866	0.218482318571977	0.327885054443071	0.257005000884901	KLHL41	1
GO:0006399	tRNA metabolic process	1/25	186/18866	0.219528190957593	0.327885054443071	0.257005000884901	METTL8	1
GO:0043488	regulation of mRNA stability	1/25	186/18866	0.219528190957593	0.327885054443071	0.257005000884901	FASTKD1	1
GO:0050770	regulation of axonogenesis	1/25	186/18866	0.219528190957593	0.327885054443071	0.257005000884901	CHN1	1
GO:0045333	cellular respiration	1/25	187/18866	0.220572719609952	0.328392611304273	0.257402837412656	SLC25A12	1
GO:0010565	regulation of cellular ketone metabolic process	1/25	189/18866	0.22265775233126	0.330441122886519	0.259008515115478	PDK1	1
GO:0099111	microtubule-based transport	1/25	190/18866	0.22369825970352	0.330931393720129	0.259392802396396	DYNC1I2	1
GO:0044272	sulfur compound biosynthetic process	1/25	192/18866	0.225775264714949	0.332493930321076	0.260617560021264	PDK1	1
GO:0048002	antigen processing and presentation of peptide antigen	1/25	194/18866	0.227846934384529	0.332493930321076	0.260617560021264	DYNC1I2	1
GO:0031497	chromatin assembly	1/25	195/18866	0.22888077257221	0.332493930321076	0.260617560021264	HAT1	1
GO:0043487	regulation of RNA stability	1/25	195/18866	0.22888077257221	0.332493930321076	0.260617560021264	FASTKD1	1
GO:1902275	regulation of chromatin organization	1/25	195/18866	0.22888077257221	0.332493930321076	0.260617560021264	TLK1	1
GO:0051216	cartilage development	1/25	197/18866	0.230944463848601	0.332493930321076	0.260617560021264	DLX2	1
GO:0007626	locomotory behavior	1/25	198/18866	0.231974320209616	0.332493930321076	0.260617560021264	GAD1	1
GO:0019933	cAMP-mediated signaling	1/25	199/18866	0.233002852564167	0.332493930321076	0.260617560021264	RAPGEF4	1
GO:0099504	synaptic vesicle cycle	1/25	199/18866	0.233002852564167	0.332493930321076	0.260617560021264	RAPGEF4	1
GO:0010389	regulation of G2/M transition of mitotic cell cycle	1/25	200/18866	0.23403006254359	0.332493930321076	0.260617560021264	DYNC1I2	1
GO:0016052	carbohydrate catabolic process	1/25	200/18866	0.23403006254359	0.332493930321076	0.260617560021264	SLC25A12	1
GO:0030705	cytoskeleton-dependent intracellular transport	1/25	200/18866	0.23403006254359	0.332493930321076	0.260617560021264	DYNC1I2	1
GO:0031032	actomyosin structure organization	1/25	200/18866	0.23403006254359	0.332493930321076	0.260617560021264	KLHL41	1
GO:0001763	morphogenesis of a branching structure	1/25	201/18866	0.235055951777299	0.332936393702801	0.260964374553584	DLX2	1
GO:0006473	protein acetylation	1/25	203/18866	0.237103774515626	0.33481926946752	0.262440222510119	HAT1	1
GO:0060348	bone development	1/25	204/18866	0.238125711269477	0.335246469642224	0.26277507333601	SP5	1
GO:0006888	endoplasmic reticulum to Golgi vesicle-mediated transport	1/25	206/18866	0.240165643655273	0.337099969708908	0.264227895841407	DYNC1I2	1
GO:0061013	regulation of mRNA catabolic process	1/25	208/18866	0.242200332001199	0.337920223690295	0.264870832664406	FASTKD1	1
GO:0071456	cellular response to hypoxia	1/25	208/18866	0.242200332001199	0.337920223690295	0.264870832664406	PDK1	1
GO:0040029	regulation of gene expression, epigenetic	1/25	209/18866	0.243215713698056	0.338323948009834	0.265187282492461	HAT1	1
GO:0051650	establishment of vesicle localization	1/25	212/18866	0.246254028224983	0.338897396549595	0.265636766665257	BBS5	1
GO:1901215	negative regulation of neuron death	1/25	212/18866	0.246254028224983	0.338897396549595	0.265636766665257	DLX1	1
GO:0016051	carbohydrate biosynthetic process	1/25	213/18866	0.24726419490743	0.338897396549595	0.265636766665257	SLC25A12	1
GO:0030073	insulin secretion	1/25	213/18866	0.24726419490743	0.338897396549595	0.265636766665257	RAPGEF4	1
GO:0090276	regulation of peptide hormone secretion	1/25	213/18866	0.24726419490743	0.338897396549595	0.265636766665257	RAPGEF4	1
GO:0043523	regulation of neuron apoptotic process	1/25	214/18866	0.248273061852549	0.339282248748645	0.265938424024802	DLX1	1
GO:0010810	regulation of cell-substrate adhesion	1/25	217/18866	0.251291880281703	0.340781834658541	0.267113839228628	ITGA6	1
GO:1902749	regulation of cell cycle G2/M phase transition	1/25	217/18866	0.251291880281703	0.340781834658541	0.267113839228628	DYNC1I2	1
GO:0007601	visual perception	1/25	218/18866	0.25229556428583	0.340781834658541	0.267113839228628	BBS5	1
GO:0036294	cellular response to decreased oxygen levels	1/25	218/18866	0.25229556428583	0.340781834658541	0.267113839228628	PDK1	1
GO:0099003	vesicle-mediated transport in synapse	1/25	220/18866	0.254299058659558	0.342495263975012	0.26845687056546	RAPGEF4	1
GO:0017157	regulation of exocytosis	1/25	222/18866	0.256297398799789	0.343202838622706	0.269011486338557	RAPGEF4	1
GO:0050953	sensory perception of light stimulus	1/25	222/18866	0.256297398799789	0.343202838622706	0.269011486338557	BBS5	1
GO:0019935	cyclic-nucleotide-mediated signaling	1/25	224/18866	0.258290597415284	0.344880855001497	0.270326760075716	RAPGEF4	1
GO:0006836	neurotransmitter transport	1/25	229/18866	0.263251182914235	0.348826043541926	0.273419103476504	GAD1	1
GO:0051648	vesicle localization	1/25	229/18866	0.263251182914235	0.348826043541926	0.273419103476504	BBS5	1
GO:0007160	cell-matrix adhesion	1/25	230/18866	0.264239470751717	0.348826043541926	0.273419103476504	ITGA6	1
GO:0097191	extrinsic apoptotic signaling pathway	1/25	230/18866	0.264239470751717	0.348826043541926	0.273419103476504	ITGA6	1
GO:0019882	antigen processing and presentation	1/25	232/18866	0.266212229757354	0.350361514412098	0.274622646263831	DYNC1I2	1
GO:2001234	negative regulation of apoptotic signaling pathway	1/25	233/18866	0.267196704065397	0.350361514412098	0.274622646263831	ITGA6	1
GO:0001505	regulation of neurotransmitter levels	1/25	235/18866	0.269161850127749	0.350361514412098	0.274622646263831	GAD1	1
GO:0045444	fat cell differentiation	1/25	235/18866	0.269161850127749	0.350361514412098	0.274622646263831	ITGA6	1
GO:0071453	cellular response to oxygen levels	1/25	235/18866	0.269161850127749	0.350361514412098	0.274622646263831	PDK1	1
GO:0006323	DNA packaging	1/25	240/18866	0.274052606638863	0.355734024216463	0.27883376192255	HAT1	1
GO:0065004	protein-DNA complex assembly	1/25	243/18866	0.276971962630971	0.358307971473207	0.280851290041118	HAT1	1
GO:0042593	glucose homeostasis	1/25	245/18866	0.278911935027347	0.358307971473207	0.280851290041118	PDK1	1
GO:0051402	neuron apoptotic process	1/25	245/18866	0.278911935027347	0.358307971473207	0.280851290041118	DLX1	1
GO:0033500	carbohydrate homeostasis	1/25	246/18866	0.279880046386797	0.358307971473207	0.280851290041118	PDK1	1
GO:0072330	monocarboxylic acid biosynthetic process	1/25	246/18866	0.279880046386797	0.358307971473207	0.280851290041118	GAD1	1
GO:0043543	protein acylation	1/25	248/18866	0.281812527144572	0.359793527806494	0.282015708490746	HAT1	1
GO:0071560	cellular response to transforming growth factor beta stimulus	1/25	252/18866	0.285662563912405	0.363177093033708	0.284667836644899	DLX1	1
GO:0031668	cellular response to extracellular stimulus	1/25	253/18866	0.286621972739212	0.363177093033708	0.284667836644899	ITGA6	1
GO:0000086	G2/M transition of mitotic cell cycle	1/25	254/18866	0.287580144483773	0.363177093033708	0.284667836644899	DYNC1I2	1
GO:0090092	regulation of transmembrane receptor protein serine/threonine kinase signaling pathway	1/25	254/18866	0.287580144483773	0.363177093033708	0.284667836644899	DLX1	1
GO:0030072	peptide hormone secretion	1/25	257/18866	0.290447252502339	0.365033948637787	0.286123289309492	RAPGEF4	1
GO:0003007	heart morphogenesis	1/25	258/18866	0.291400491187246	0.365033948637787	0.286123289309492	BBS5	1
GO:0071559	response to transforming growth factor beta	1/25	258/18866	0.291400491187246	0.365033948637787	0.286123289309492	DLX1	1
GO:0042180	cellular ketone metabolic process	1/25	260/18866	0.293303281706981	0.366432518164754	0.287219525193516	PDK1	1
GO:0015931	nucleobase-containing compound transport	1/25	261/18866	0.294252836579459	0.366635887288844	0.287378931306142	SLC25A12	1
GO:0061448	connective tissue development	1/25	262/18866	0.295201166549118	0.366836649631704	0.28753629415451	DLX2	1
GO:0046883	regulation of hormone secretion	1/25	267/18866	0.299924495794368	0.371714933617487	0.291360022510206	RAPGEF4	1
GO:0006839	mitochondrial transport	1/25	271/18866	0.303681264925118	0.375372598024152	0.294226996870071	SLC25A12	1
GO:0044839	cell cycle G2/M phase transition	1/25	273/18866	0.305552384452462	0.376686272896421	0.295256690072415	DYNC1I2	1
GO:0015980	energy derivation by oxidation of organic compounds	1/25	278/18866	0.310209089518294	0.380946329712661	0.298595835577803	SLC25A12	1
GO:0022409	positive regulation of cell-cell adhesion	1/25	279/18866	0.311136826378744	0.380946329712661	0.298595835577803	ITGA6	1
GO:0072659	protein localization to plasma membrane	1/25	281/18866	0.312988707830833	0.380946329712661	0.298595835577803	GORASP2	1
GO:0016054	organic acid catabolic process	1/25	282/18866	0.31391285538554	0.380946329712661	0.298595835577803	GAD1	1
GO:0046395	carboxylic acid catabolic process	1/25	282/18866	0.31391285538554	0.380946329712661	0.298595835577803	GAD1	1
GO:0071824	protein-DNA complex subunit organization	1/25	282/18866	0.31391285538554	0.380946329712661	0.298595835577803	HAT1	1
GO:0007411	axon guidance	1/25	284/18866	0.315757571546798	0.382189684002098	0.299570409642485	CHN1	1
GO:0097485	neuron projection guidance	1/25	285/18866	0.316678143105905	0.38231091887915	0.299665436754156	CHN1	1
GO:0010976	positive regulation of neuron projection development	1/25	290/18866	0.321263194580203	0.385847032665914	0.302437136514733	ITGA6	1
GO:0097193	intrinsic apoptotic signaling pathway	1/25	290/18866	0.321263194580203	0.385847032665914	0.302437136514733	PDK1	1
GO:0034976	response to endoplasmic reticulum stress	1/25	294/18866	0.324909956201751	0.389223752159424	0.305083898801265	GORASP2	1
GO:0051146	striated muscle cell differentiation	1/25	295/18866	0.325818703299261	0.389311578813989	0.305152739662196	KLHL41	1
GO:0050890	cognition	1/25	302/18866	0.332147130894229	0.395858217382892	0.310284168583383	GPR155	1
GO:0010769	regulation of cell morphogenesis involved in differentiation	1/25	310/18866	0.339309792237752	0.400299653627323	0.313765484094604	CHN1	1
GO:0018105	peptidyl-serine phosphorylation	1/25	310/18866	0.339309792237752	0.400299653627323	0.313765484094604	TLK1	1
GO:0034599	cellular response to oxidative stress	1/25	310/18866	0.339309792237752	0.400299653627323	0.313765484094604	PDK1	1
GO:0090287	regulation of cellular response to growth factor stimulus	1/25	310/18866	0.339309792237752	0.400299653627323	0.313765484094604	DLX1	1
GO:0046879	hormone secretion	1/25	314/18866	0.34286341052989	0.403470579057901	0.316250939537139	RAPGEF4	1
GO:0098656	anion transmembrane transport	1/25	315/18866	0.343748943881375	0.403493722540858	0.316269080012826	SLC25A12	1
GO:0043414	macromolecule methylation	1/25	318/18866	0.346398675765428	0.405582369112285	0.317906216584511	METTL8	1
GO:1901214	regulation of neuron death	1/25	321/18866	0.349038135170764	0.406639583086857	0.31873488893413	DLX1	1
GO:0009895	negative regulation of catabolic process	1/25	323/18866	0.350792086697246	0.406639583086857	0.31873488893413	SLC25A12	1
GO:0009914	hormone transport	1/25	323/18866	0.350792086697246	0.406639583086857	0.31873488893413	RAPGEF4	1
GO:0051056	regulation of small GTPase mediated signal transduction	1/25	323/18866	0.350792086697246	0.406639583086857	0.31873488893413	CHN1	1
GO:0071496	cellular response to external stimulus	1/25	326/18866	0.353414510062491	0.408662932231069	0.320320843650737	ITGA6	1
GO:0060562	epithelial tube morphogenesis	1/25	331/18866	0.357762632147931	0.412666798467663	0.323459180185858	BBS5	1
GO:0018209	peptidyl-serine modification	1/25	333/18866	0.359494009395477	0.413612896163312	0.324200756649354	TLK1	1
GO:0007059	chromosome segregation	1/25	334/18866	0.36035801682898	0.413612896163312	0.324200756649354	TLK1	1
GO:1990778	protein localization to cell periphery	1/25	340/18866	0.365518612259877	0.418505339835633	0.328035583742861	GORASP2	1
GO:0090150	establishment of protein localization to membrane	1/25	342/18866	0.367229910941867	0.419434162987524	0.328763619960856	GORASP2	1
GO:1903311	regulation of mRNA metabolic process	1/25	344/18866	0.368936778122942	0.420353395122961	0.329484138485809	FASTKD1	1
GO:0046942	carboxylic acid transport	1/25	350/18866	0.374030900516662	0.425118047904303	0.333218799690068	SLC25A12	1
GO:0050708	regulation of protein secretion	1/25	352/18866	0.375720151419727	0.425331763944843	0.333386315990197	RAPGEF4	1
GO:0015849	organic acid transport	1/25	353/18866	0.37656313490328	0.425331763944843	0.333386315990197	SLC25A12	1
GO:0071103	DNA conformation change	1/25	355/18866	0.378245824731386	0.425331763944843	0.333386315990197	HAT1	1
GO:0033044	regulation of chromosome organization	1/25	356/18866	0.379085533789876	0.425331763944843	0.333386315990197	TLK1	1
GO:0001666	response to hypoxia	1/25	359/18866	0.381598133792872	0.425331763944843	0.333386315990197	PDK1	1
GO:0007178	transmembrane receptor protein serine/threonine kinase signaling pathway	1/25	359/18866	0.381598133792872	0.425331763944843	0.333386315990197	DLX1	1
GO:0031589	cell-substrate adhesion	1/25	359/18866	0.381598133792872	0.425331763944843	0.333386315990197	ITGA6	1
GO:0062197	cellular response to chemical stress	1/25	360/18866	0.382433495907487	0.425331763944843	0.333386315990197	PDK1	1
GO:0070997	neuron death	1/25	360/18866	0.382433495907487	0.425331763944843	0.333386315990197	DLX1	1
GO:0006936	muscle contraction	1/25	362/18866	0.384100971398276	0.426169173027611	0.334042699436596	KLHL41	1
GO:0010038	response to metal ion	1/25	366/18866	0.387422965072604	0.428833970840459	0.336131438630313	SLC25A12	1
GO:0007018	microtubule-based movement	1/25	368/18866	0.389077504710934	0.429324454347834	0.336515892610568	DYNC1I2	1
GO:0006790	sulfur compound metabolic process	1/25	371/18866	0.391551272742124	0.429324454347834	0.336515892610568	PDK1	1
GO:0032259	methylation	1/25	371/18866	0.391551272742124	0.429324454347834	0.336515892610568	METTL8	1
GO:0036293	response to decreased oxygen levels	1/25	371/18866	0.391551272742124	0.429324454347834	0.336515892610568	PDK1	1
GO:0048193	Golgi vesicle transport	1/25	374/18866	0.394015423024471	0.431012176360102	0.337838773880631	DYNC1I2	1
GO:0006402	mRNA catabolic process	1/25	376/18866	0.395652864389877	0.431789777062489	0.338448277932423	FASTKD1	1
GO:0002791	regulation of peptide secretion	1/25	381/18866	0.399727905747457	0.435217766538119	0.341135226990575	RAPGEF4	1
GO:0001701	in utero embryonic development	1/25	383/18866	0.401350525145698	0.435965838503252	0.341721585635032	CIR1	1
GO:0014706	striated muscle tissue development	1/25	389/18866	0.40619315816046	0.439971749007902	0.344861524521667	KLHL41	1
GO:0042692	muscle cell differentiation	1/25	390/18866	0.406996598710657	0.439971749007902	0.344861524521667	KLHL41	1
GO:0031346	positive regulation of cell projection organization	1/25	394/18866	0.410199937344587	0.439971749007902	0.344861524521667	ITGA6	1
GO:0030198	extracellular matrix organization	1/25	395/18866	0.410998172596124	0.439971749007902	0.344861524521667	ITGA6	1
GO:0006631	fatty acid metabolic process	1/25	396/18866	0.411795370673385	0.439971749007902	0.344861524521667	PDK1	1
GO:0043062	extracellular structure organization	1/25	396/18866	0.411795370673385	0.439971749007902	0.344861524521667	ITGA6	1
GO:0070482	response to oxygen levels	1/25	396/18866	0.411795370673385	0.439971749007902	0.344861524521667	PDK1	1
GO:0042493	response to drug	1/25	397/18866	0.412591532867926	0.439971749007902	0.344861524521667	GAD1	1
GO:0034470	ncRNA processing	1/25	400/18866	0.414973817047699	0.441501823616958	0.346060837576428	METTL8	1
GO:0018205	peptidyl-lysine modification	1/25	405/18866	0.418923693125927	0.444688931655312	0.348558977376086	HAT1	1
GO:0007517	muscle organ development	1/25	407/18866	0.42049646430787	0.445343982653335	0.349072423719691	KLHL41	1
GO:0060537	muscle tissue development	1/25	409/18866	0.422065148381178	0.445991744094397	0.349580156315237	KLHL41	1
GO:2001233	regulation of apoptotic signaling pathway	1/25	413/18866	0.425190295896006	0.448277551781762	0.351371832998129	ITGA6	1
GO:0006401	RNA catabolic process	1/25	415/18866	0.426746779624008	0.448902932967918	0.351862023356376	FASTKD1	1
GO:0043588	skin development	1/25	425/18866	0.434468701528509	0.455996429982625	0.35742209442957	ITGA6	1
GO:0045785	positive regulation of cell adhesion	1/25	428/18866	0.436765738925198	0.457377155818297	0.358504343955159	ITGA6	1
GO:0019216	regulation of lipid metabolic process	1/25	431/18866	0.439053818110493	0.458509103428153	0.359391594509982	PDK1	1
GO:0051656	establishment of organelle localization	1/25	432/18866	0.439814526249752	0.458509103428153	0.359391594509982	BBS5	1
GO:0034329	cell junction assembly	1/25	434/18866	0.441332972570277	0.459065100932475	0.359827400098416	ITGA6	1
GO:0022407	regulation of cell-cell adhesion	1/25	439/18866	0.445111821183258	0.461964607285965	0.362100110070544	ITGA6	1
GO:1901990	regulation of mitotic cell cycle phase transition	1/25	448/18866	0.451851999191147	0.467917848051277	0.366766418056908	DYNC1I2	1
GO:0019932	second-messenger-mediated signaling	1/25	456/18866	0.457777225941249	0.473002632569006	0.370752007005749	RAPGEF4	1
GO:0006979	response to oxidative stress	1/25	458/18866	0.459248897107446	0.473473420469181	0.371121023046772	PDK1	1
GO:0009306	protein secretion	1/25	462/18866	0.462180744101804	0.47514685941008	0.372432708866722	RAPGEF4	1
GO:0035592	establishment of protein localization to extracellular region	1/25	463/18866	0.462911317966043	0.47514685941008	0.372432708866722	RAPGEF4	1
GO:0003012	muscle system process	1/25	467/18866	0.465824097653285	0.475737992390553	0.372896054573124	KLHL41	1
GO:0010256	endomembrane system organization	1/25	468/18866	0.466549919576143	0.475737992390553	0.372896054573124	GORASP2	1
GO:0016570	histone modification	1/25	468/18866	0.466549919576143	0.475737992390553	0.372896054573124	HAT1	1
GO:0071692	protein localization to extracellular region	1/25	470/18866	0.467998724124097	0.476173374327138	0.373237318480951	RAPGEF4	1
GO:0031667	response to nutrient levels	1/25	473/18866	0.4701648504363	0.477335120486527	0.374147925929128	HAT1	1
GO:0016569	covalent chromatin modification	1/25	481/18866	0.47589987276424	0.481781879786393	0.377633413792361	HAT1	1
GO:0007409	axonogenesis	1/25	482/18866	0.47661254631229	0.481781879786393	0.377633413792361	CHN1	1
GO:1901987	regulation of cell cycle phase transition	1/25	486/18866	0.47945394830585	0.483273182308889	0.378802336257475	DYNC1I2	1
GO:0008380	RNA splicing	1/25	487/18866	0.480161981564411	0.483273182308889	0.378802336257475	CIR1	1
GO:0016311	dephosphorylation	1/25	492/18866	0.483688302325561	0.485432506108705	0.380494871515068	PHOSPHO2	1
GO:0034660	ncRNA metabolic process	1/25	493/18866	0.484390805451819	0.485432506108705	0.380494871515068	METTL8	1
GO:0022604	regulation of cell morphogenesis	1/25	499/18866	0.488586593615166	0.488586593615166	0.382967128946154	CHN1	1
