ID	Description	GeneRatio	BgRatio	pvalue	p.adjust	qvalue	geneID	Count
GO:0031641	regulation of myelination	2/27	46/18866	0.00196370469677591	0.251812316496941	0.214384695494769	MAG/LGI4	2
GO:2000649	regulation of sodium ion transmembrane transporter activity	2/27	55/18866	0.00279524119432654	0.251812316496941	0.214384695494769	FXYD5/FXYD1	2
GO:1902305	regulation of sodium ion transmembrane transport	2/27	65/18866	0.00388090734054634	0.251812316496941	0.214384695494769	FXYD5/FXYD1	2
GO:0022604	regulation of cell morphogenesis	4/27	499/18866	0.00523593243502072	0.251812316496941	0.214384695494769	MAG/WTIP/HPN/ARHGAP33	4
GO:0002028	regulation of sodium ion transport	2/27	88/18866	0.00699938507122032	0.251812316496941	0.214384695494769	FXYD5/FXYD1	2
GO:0098742	cell-cell adhesion via plasma-membrane adhesion molecules	3/27	277/18866	0.0070572229678119	0.251812316496941	0.214384695494769	FXYD5/MAG/LRFN3	3
GO:0021782	glial cell development	2/27	122/18866	0.013099317889738	0.251812316496941	0.214384695494769	MAG/LGI4	2
GO:0006560	proline metabolic process	1/27	10/18866	0.0142230136325936	0.251812316496941	0.214384695494769	PRODH2	1
GO:0007220	Notch receptor processing	1/27	10/18866	0.0142230136325936	0.251812316496941	0.214384695494769	PSENEN	1
GO:0046487	glyoxylate metabolic process	1/27	10/18866	0.0142230136325936	0.251812316496941	0.214384695494769	PRODH2	1
GO:2000382	positive regulation of mesoderm development	1/27	10/18866	0.0142230136325936	0.251812316496941	0.214384695494769	ETV2	1
GO:0035331	negative regulation of hippo signaling	1/27	11/18866	0.0156345525927074	0.251812316496941	0.214384695494769	WTIP	1
GO:0106072	negative regulation of adenylate cyclase-activating G protein-coupled receptor signaling pathway	1/27	11/18866	0.0156345525927074	0.251812316496941	0.214384695494769	APLP1	1
GO:2000318	positive regulation of T-helper 17 type immune response	1/27	11/18866	0.0156345525927074	0.251812316496941	0.214384695494769	NFKBID	1
GO:0042552	myelination	2/27	137/18866	0.0163176768885146	0.251812316496941	0.214384695494769	MAG/LGI4	2
GO:0007272	ensheathment of neurons	2/27	139/18866	0.0167699828055801	0.251812316496941	0.214384695494769	MAG/LGI4	2
GO:0008366	axon ensheathment	2/27	139/18866	0.0167699828055801	0.251812316496941	0.214384695494769	MAG/LGI4	2
GO:0010755	regulation of plasminogen activation	1/27	12/18866	0.0170441451188279	0.251812316496941	0.214384695494769	HPN	1
GO:0060856	establishment of blood-brain barrier	1/27	12/18866	0.0170441451188279	0.251812316496941	0.214384695494769	LSR	1
GO:0070243	regulation of thymocyte apoptotic process	1/27	12/18866	0.0170441451188279	0.251812316496941	0.214384695494769	NFKBID	1
GO:0001889	liver development	2/27	141/18866	0.0172276433554359	0.251812316496941	0.214384695494769	LSR/HPN	2
GO:0061008	hepaticobiliary system development	2/27	144/18866	0.0179241043127908	0.251812316496941	0.214384695494769	LSR/HPN	2
GO:0007501	mesodermal cell fate specification	1/27	13/18866	0.0184517937918836	0.251812316496941	0.214384695494769	ETV2	1
GO:0032352	positive regulation of hormone metabolic process	1/27	13/18866	0.0184517937918836	0.251812316496941	0.214384695494769	HPN	1
GO:0048711	positive regulation of astrocyte differentiation	1/27	13/18866	0.0184517937918836	0.251812316496941	0.214384695494769	MAG	1
GO:0050910	detection of mechanical stimulus involved in sensory perception of sound	1/27	13/18866	0.0184517937918836	0.251812316496941	0.214384695494769	HPN	1
GO:0150105	protein localization to cell-cell junction	1/27	13/18866	0.0184517937918836	0.251812316496941	0.214384695494769	LSR	1
GO:0070234	positive regulation of T cell apoptotic process	1/27	14/18866	0.0198575011895189	0.251812316496941	0.214384695494769	NFKBID	1
GO:0106070	regulation of adenylate cyclase-activating G protein-coupled receptor signaling pathway	1/27	14/18866	0.0198575011895189	0.251812316496941	0.214384695494769	APLP1	1
GO:0036376	sodium ion export across plasma membrane	1/27	15/18866	0.0212612698860968	0.251812316496941	0.214384695494769	FXYD1	1
GO:2000345	regulation of hepatocyte proliferation	1/27	15/18866	0.0212612698860968	0.251812316496941	0.214384695494769	HPN	1
GO:0002523	leukocyte migration involved in inflammatory response	1/27	16/18866	0.0226631024527022	0.251812316496941	0.214384695494769	FFAR2	1
GO:0048012	hepatocyte growth factor receptor signaling pathway	1/27	16/18866	0.0226631024527022	0.251812316496941	0.214384695494769	HPN	1
GO:0030033	microvillus assembly	1/27	17/18866	0.0240630014571466	0.251812316496941	0.214384695494769	FXYD5	1
GO:0043923	positive regulation by host of viral transcription	1/27	17/18866	0.0240630014571466	0.251812316496941	0.214384695494769	HPN	1
GO:0070242	thymocyte apoptotic process	1/27	17/18866	0.0240630014571466	0.251812316496941	0.214384695494769	NFKBID	1
GO:0022407	regulation of cell-cell adhesion	3/27	439/18866	0.0241976819936765	0.251812316496941	0.214384695494769	FXYD5/NFKBID/LRFN3	3
GO:0048732	gland development	3/27	443/18866	0.0247730276717176	0.251812316496941	0.214384695494769	LSR/USF2/HPN	3
GO:0001710	mesodermal cell fate commitment	1/27	18/18866	0.0254609694639717	0.251812316496941	0.214384695494769	ETV2	1
GO:0031293	membrane protein intracellular domain proteolysis	1/27	18/18866	0.0254609694639717	0.251812316496941	0.214384695494769	PSENEN	1
GO:0035330	regulation of hippo signaling	1/27	18/18866	0.0254609694639717	0.251812316496941	0.214384695494769	WTIP	1
GO:0060004	reflex	1/27	18/18866	0.0254609694639717	0.251812316496941	0.214384695494769	HPN	1
GO:0070230	positive regulation of lymphocyte apoptotic process	1/27	18/18866	0.0254609694639717	0.251812316496941	0.214384695494769	NFKBID	1
GO:0035725	sodium ion transmembrane transport	2/27	174/18866	0.0255241270898215	0.251812316496941	0.214384695494769	FXYD5/FXYD1	2
GO:0019083	viral transcription	2/27	178/18866	0.0266215316133021	0.251812316496941	0.214384695494769	USF2/HPN	2
GO:0031643	positive regulation of myelination	1/27	19/18866	0.0268570090344553	0.251812316496941	0.214384695494769	MAG	1
GO:2000319	regulation of T-helper 17 cell differentiation	1/27	19/18866	0.0268570090344553	0.251812316496941	0.214384695494769	NFKBID	1
GO:0006123	mitochondrial electron transport, cytochrome c to oxygen	1/27	21/18866	0.0296433130951985	0.251812316496941	0.214384695494769	COX6B1	1
GO:0019646	aerobic electron transport chain	1/27	21/18866	0.0296433130951985	0.251812316496941	0.214384695494769	COX6B1	1
GO:0030728	ovulation	1/27	21/18866	0.0296433130951985	0.251812316496941	0.214384695494769	KMT2B	1
GO:0072574	hepatocyte proliferation	1/27	21/18866	0.0296433130951985	0.251812316496941	0.214384695494769	HPN	1
GO:0072575	epithelial cell proliferation involved in liver morphogenesis	1/27	21/18866	0.0296433130951985	0.251812316496941	0.214384695494769	HPN	1
GO:0080182	histone H3-K4 trimethylation	1/27	21/18866	0.0296433130951985	0.251812316496941	0.214384695494769	KMT2B	1
GO:1902307	positive regulation of sodium ion transmembrane transport	1/27	21/18866	0.0296433130951985	0.251812316496941	0.214384695494769	FXYD1	1
GO:2000380	regulation of mesoderm development	1/27	21/18866	0.0296433130951985	0.251812316496941	0.214384695494769	ETV2	1
GO:0022408	negative regulation of cell-cell adhesion	2/27	191/18866	0.0303182232843981	0.251812316496941	0.214384695494769	FXYD5/NFKBID	2
GO:0045624	positive regulation of T-helper cell differentiation	1/27	22/18866	0.0310335826917185	0.251812316496941	0.214384695494769	NFKBID	1
GO:0048025	negative regulation of mRNA splicing, via spliceosome	1/27	22/18866	0.0310335826917185	0.251812316496941	0.214384695494769	RBM42	1
GO:0072576	liver morphogenesis	1/27	22/18866	0.0310335826917185	0.251812316496941	0.214384695494769	HPN	1
GO:2000316	regulation of T-helper 17 type immune response	1/27	22/18866	0.0310335826917185	0.251812316496941	0.214384695494769	NFKBID	1
GO:0007219	Notch signaling pathway	2/27	195/18866	0.0314948372560077	0.251812316496941	0.214384695494769	ETV2/PSENEN	2
GO:0019080	viral gene expression	2/27	195/18866	0.0314948372560077	0.251812316496941	0.214384695494769	USF2/HPN	2
GO:0006590	thyroid hormone generation	1/27	23/18866	0.0324219340644273	0.251812316496941	0.214384695494769	HPN	1
GO:0018027	peptidyl-lysine dimethylation	1/27	23/18866	0.0324219340644273	0.251812316496941	0.214384695494769	KMT2B	1
GO:0022010	central nervous system myelination	1/27	23/18866	0.0324219340644273	0.251812316496941	0.214384695494769	MAG	1
GO:0031639	plasminogen activation	1/27	23/18866	0.0324219340644273	0.251812316496941	0.214384695494769	HPN	1
GO:0032291	axon ensheathment in central nervous system	1/27	23/18866	0.0324219340644273	0.251812316496941	0.214384695494769	MAG	1
GO:0090103	cochlea morphogenesis	1/27	24/18866	0.0338083697583328	0.251812316496941	0.214384695494769	HPN	1
GO:2000637	positive regulation of gene silencing by miRNA	1/27	24/18866	0.0338083697583328	0.251812316496941	0.214384695494769	WTIP	1
GO:0035637	multicellular organismal signaling	2/27	206/18866	0.0348228061244939	0.251812316496941	0.214384695494769	MAG/FXYD1	2
GO:0010954	positive regulation of protein processing	1/27	25/18866	0.035192892315202	0.251812316496941	0.214384695494769	HPN	1
GO:0032528	microvillus organization	1/27	25/18866	0.035192892315202	0.251812316496941	0.214384695494769	FXYD5	1
GO:0060148	positive regulation of posttranscriptional gene silencing	1/27	25/18866	0.035192892315202	0.251812316496941	0.214384695494769	WTIP	1
GO:0061436	establishment of skin barrier	1/27	25/18866	0.035192892315202	0.251812316496941	0.214384695494769	LSR	1
GO:0009612	response to mechanical stimulus	2/27	209/18866	0.0357534781275583	0.251812316496941	0.214384695494769	MAG/HPN	2
GO:0033119	negative regulation of RNA splicing	1/27	26/18866	0.0365755042735635	0.251812316496941	0.214384695494769	RBM42	1
GO:0042403	thyroid hormone metabolic process	1/27	26/18866	0.0365755042735635	0.251812316496941	0.214384695494769	HPN	1
GO:0043951	negative regulation of cAMP-mediated signaling	1/27	26/18866	0.0365755042735635	0.251812316496941	0.214384695494769	APLP1	1
GO:0097066	response to thyroid hormone	1/27	26/18866	0.0365755042735635	0.251812316496941	0.214384695494769	HPN	1
GO:0009065	glutamine family amino acid catabolic process	1/27	27/18866	0.0379562081687128	0.251812316496941	0.214384695494769	PRODH2	1
GO:0033081	regulation of T cell differentiation in thymus	1/27	27/18866	0.0379562081687128	0.251812316496941	0.214384695494769	NFKBID	1
GO:0045603	positive regulation of endothelial cell differentiation	1/27	27/18866	0.0379562081687128	0.251812316496941	0.214384695494769	ETV2	1
GO:0072539	T-helper 17 cell differentiation	1/27	27/18866	0.0379562081687128	0.251812316496941	0.214384695494769	NFKBID	1
GO:1903319	positive regulation of protein maturation	1/27	27/18866	0.0379562081687128	0.251812316496941	0.214384695494769	HPN	1
GO:0022011	myelination in peripheral nervous system	1/27	28/18866	0.0393350065327155	0.251812316496941	0.214384695494769	LGI4	1
GO:0032292	peripheral nervous system axon ensheathment	1/27	28/18866	0.0393350065327155	0.251812316496941	0.214384695494769	LGI4	1
GO:0033561	regulation of water loss via skin	1/27	28/18866	0.0393350065327155	0.251812316496941	0.214384695494769	LSR	1
GO:0099560	synaptic membrane adhesion	1/27	28/18866	0.0393350065327155	0.251812316496941	0.214384695494769	LRFN3	1
GO:0002699	positive regulation of immune effector process	2/27	223/18866	0.0402233344511149	0.251812316496941	0.214384695494769	FFAR2/NFKBID	2
GO:0016485	protein processing	2/27	223/18866	0.0402233344511149	0.251812316496941	0.214384695494769	HPN/PSENEN	2
GO:0051569	regulation of histone H3-K4 methylation	1/27	29/18866	0.0407119018944105	0.251812316496941	0.214384695494769	KMT2B	1
GO:2000108	positive regulation of leukocyte apoptotic process	1/27	29/18866	0.0407119018944105	0.251812316496941	0.214384695494769	NFKBID	1
GO:0043372	positive regulation of CD4-positive, alpha-beta T cell differentiation	1/27	30/18866	0.0420868967794163	0.251812316496941	0.214384695494769	NFKBID	1
GO:0071711	basement membrane organization	1/27	30/18866	0.0420868967794163	0.251812316496941	0.214384695494769	HPN	1
GO:0050807	regulation of synapse organization	2/27	229/18866	0.0422013073214184	0.251812316496941	0.214384695494769	ARHGAP33/LRFN3	2
GO:0010001	glial cell differentiation	2/27	230/18866	0.0425345220827643	0.251812316496941	0.214384695494769	MAG/LGI4	2
GO:0002675	positive regulation of acute inflammatory response	1/27	31/18866	0.043459993710132	0.251812316496941	0.214384695494769	FFAR2	1
GO:0014044	Schwann cell development	1/27	31/18866	0.043459993710132	0.251812316496941	0.214384695494769	LGI4	1
GO:0048710	regulation of astrocyte differentiation	1/27	31/18866	0.043459993710132	0.251812316496941	0.214384695494769	MAG	1
GO:0050686	negative regulation of mRNA processing	1/27	31/18866	0.043459993710132	0.251812316496941	0.214384695494769	RBM42	1
GO:0050974	detection of mechanical stimulus involved in sensory perception	1/27	31/18866	0.043459993710132	0.251812316496941	0.214384695494769	HPN	1
GO:0072538	T-helper 17 type immune response	1/27	31/18866	0.043459993710132	0.251812316496941	0.214384695494769	NFKBID	1
GO:0032350	regulation of hormone metabolic process	1/27	32/18866	0.0448311952057425	0.253267043908425	0.215623202401331	HPN	1
GO:0050803	regulation of synapse structure or activity	2/27	240/18866	0.045921460766956	0.253267043908425	0.215623202401331	ARHGAP33/LRFN3	2
GO:0006536	glutamate metabolic process	1/27	33/18866	0.0462005037822235	0.253267043908425	0.215623202401331	PRODH2	1
GO:0006814	sodium ion transport	2/27	241/18866	0.0462655613037586	0.253267043908425	0.215623202401331	FXYD5/FXYD1	2
GO:0006813	potassium ion transport	2/27	242/18866	0.046610631788383	0.253267043908425	0.215623202401331	HPN/FXYD1	2
GO:0010765	positive regulation of sodium ion transport	1/27	34/18866	0.0475679219523438	0.253267043908425	0.215623202401331	FXYD1	1
GO:0035633	maintenance of blood-brain barrier	1/27	34/18866	0.0475679219523438	0.253267043908425	0.215623202401331	LSR	1
GO:0060795	cell fate commitment involved in formation of primary germ layer	1/27	34/18866	0.0475679219523438	0.253267043908425	0.215623202401331	ETV2	1
GO:0070232	regulation of T cell apoptotic process	1/27	34/18866	0.0475679219523438	0.253267043908425	0.215623202401331	NFKBID	1
GO:0048333	mesodermal cell differentiation	1/27	35/18866	0.0489334522256707	0.25592628553426	0.21788719295641	ETV2	1
GO:1905606	regulation of presynapse assembly	1/27	35/18866	0.0489334522256707	0.25592628553426	0.21788719295641	LRFN3	1
GO:0045622	regulation of T-helper cell differentiation	1/27	36/18866	0.0502970971085716	0.256255037854878	0.218167081832098	NFKBID	1
GO:0099174	regulation of presynapse organization	1/27	36/18866	0.0502970971085716	0.256255037854878	0.218167081832098	LRFN3	1
GO:2000516	positive regulation of CD4-positive, alpha-beta T cell activation	1/27	36/18866	0.0502970971085716	0.256255037854878	0.218167081832098	NFKBID	1
GO:0010667	negative regulation of cardiac muscle cell apoptotic process	1/27	37/18866	0.0516588591042207	0.260943467782859	0.22215865633664	HSPB6	1
GO:0002385	mucosal immune response	1/27	38/18866	0.0530187407126006	0.265543014924974	0.226074558970768	FFAR2	1
GO:0014037	Schwann cell differentiation	1/27	39/18866	0.054376744430508	0.26701893891435	0.227331111944179	LGI4	1
GO:0034205	amyloid-beta formation	1/27	39/18866	0.054376744430508	0.26701893891435	0.227331111944179	PSENEN	1
GO:0032412	regulation of ion transmembrane transporter activity	2/27	265/18866	0.0548075703180179	0.26701893891435	0.227331111944179	FXYD5/FXYD1	2
GO:0010664	negative regulation of striated muscle cell apoptotic process	1/27	40/18866	0.0557328727515559	0.26701893891435	0.227331111944179	HSPB6	1
GO:0010719	negative regulation of epithelial to mesenchymal transition	1/27	40/18866	0.0557328727515559	0.26701893891435	0.227331111944179	HPN	1
GO:0002251	organ or tissue specific immune response	1/27	41/18866	0.0570871281661796	0.26701893891435	0.227331111944179	FFAR2	1
GO:0050434	positive regulation of viral transcription	1/27	41/18866	0.0570871281661796	0.26701893891435	0.227331111944179	HPN	1
GO:0006509	membrane protein ectodomain proteolysis	1/27	42/18866	0.0584395131616388	0.26701893891435	0.227331111944179	PSENEN	1
GO:0022898	regulation of transmembrane transporter activity	2/27	276/18866	0.0588973407134266	0.26701893891435	0.227331111944179	FXYD5/FXYD1	2
GO:0016339	calcium-dependent cell-cell adhesion via plasma membrane cell adhesion molecules	1/27	43/18866	0.0597900302220213	0.26701893891435	0.227331111944179	FXYD5	1
GO:0021762	substantia nigra development	1/27	43/18866	0.0597900302220213	0.26701893891435	0.227331111944179	COX6B1	1
GO:0030517	negative regulation of axon extension	1/27	43/18866	0.0597900302220213	0.26701893891435	0.227331111944179	MAG	1
GO:0031670	cellular response to nutrient	1/27	44/18866	0.0611386818282477	0.26701893891435	0.227331111944179	USF2	1
GO:0035329	hippo signaling	1/27	44/18866	0.0611386818282477	0.26701893891435	0.227331111944179	WTIP	1
GO:0045687	positive regulation of glial cell differentiation	1/27	44/18866	0.0611386818282477	0.26701893891435	0.227331111944179	MAG	1
GO:0032722	positive regulation of chemokine production	1/27	45/18866	0.0624854704580765	0.26701893891435	0.227331111944179	FFAR2	1
GO:0045581	negative regulation of T cell differentiation	1/27	46/18866	0.0638303985861056	0.26701893891435	0.227331111944179	NFKBID	1
GO:0050982	detection of mechanical stimulus	1/27	46/18866	0.0638303985861056	0.26701893891435	0.227331111944179	HPN	1
GO:0032409	regulation of transporter activity	2/27	291/18866	0.0646412615429932	0.26701893891435	0.227331111944179	FXYD5/FXYD1	2
GO:0014003	oligodendrocyte development	1/27	47/18866	0.0651734686837769	0.26701893891435	0.227331111944179	MAG	1
GO:0042551	neuron maturation	1/27	47/18866	0.0651734686837769	0.26701893891435	0.227331111944179	LGI4	1
GO:0046638	positive regulation of alpha-beta T cell differentiation	1/27	47/18866	0.0651734686837769	0.26701893891435	0.227331111944179	NFKBID	1
GO:0051604	protein maturation	2/27	293/18866	0.0654211986087574	0.26701893891435	0.227331111944179	HPN/PSENEN	2
GO:0043370	regulation of CD4-positive, alpha-beta T cell differentiation	1/27	48/18866	0.066514683219381	0.26701893891435	0.227331111944179	NFKBID	1
GO:0045601	regulation of endothelial cell differentiation	1/27	48/18866	0.066514683219381	0.26701893891435	0.227331111944179	ETV2	1
GO:0061001	regulation of dendritic spine morphogenesis	1/27	48/18866	0.066514683219381	0.26701893891435	0.227331111944179	ARHGAP33	1
GO:0002673	regulation of acute inflammatory response	1/27	49/18866	0.0678540446580607	0.26701893891435	0.227331111944179	FFAR2	1
GO:0007595	lactation	1/27	49/18866	0.0678540446580607	0.26701893891435	0.227331111944179	USF2	1
GO:0070231	T cell apoptotic process	1/27	49/18866	0.0678540446580607	0.26701893891435	0.227331111944179	NFKBID	1
GO:0007162	negative regulation of cell adhesion	2/27	301/18866	0.0685731000558241	0.26701893891435	0.227331111944179	FXYD5/NFKBID	2
GO:0014009	glial cell proliferation	1/27	50/18866	0.0691915554618143	0.26701893891435	0.227331111944179	LGI4	1
GO:0042987	amyloid precursor protein catabolic process	1/27	50/18866	0.0691915554618143	0.26701893891435	0.227331111944179	PSENEN	1
GO:0099054	presynapse assembly	1/27	50/18866	0.0691915554618143	0.26701893891435	0.227331111944179	LRFN3	1
GO:0050435	amyloid-beta metabolic process	1/27	51/18866	0.0705272180895002	0.26701893891435	0.227331111944179	PSENEN	1
GO:0090102	cochlea development	1/27	51/18866	0.0705272180895002	0.26701893891435	0.227331111944179	HPN	1
GO:0042063	gliogenesis	2/27	307/18866	0.0709701400926443	0.26701893891435	0.227331111944179	MAG/LGI4	2
GO:0009994	oocyte differentiation	1/27	52/18866	0.0718610349968393	0.26701893891435	0.227331111944179	KMT2B	1
GO:0031103	axon regeneration	1/27	52/18866	0.0718610349968393	0.26701893891435	0.227331111944179	MAG	1
GO:0010769	regulation of cell morphogenesis involved in differentiation	2/27	310/18866	0.0721790851581199	0.26701893891435	0.227331111944179	MAG/ARHGAP33	2
GO:0018023	peptidyl-lysine trimethylation	1/27	53/18866	0.0731930086364208	0.26701893891435	0.227331111944179	KMT2B	1
GO:0043124	negative regulation of I-kappaB kinase/NF-kappaB signaling	1/27	53/18866	0.0731930086364208	0.26701893891435	0.227331111944179	NFKBID	1
GO:0043949	regulation of cAMP-mediated signaling	1/27	53/18866	0.0731930086364208	0.26701893891435	0.227331111944179	APLP1	1
GO:0045744	negative regulation of G protein-coupled receptor signaling pathway	1/27	53/18866	0.0731930086364208	0.26701893891435	0.227331111944179	APLP1	1
GO:0099172	presynapse organization	1/27	53/18866	0.0731930086364208	0.26701893891435	0.227331111944179	LRFN3	1
GO:0032757	positive regulation of interleukin-8 production	1/27	54/18866	0.0745231414577046	0.268786497168374	0.228835952705464	FFAR2	1
GO:0002720	positive regulation of cytokine production involved in immune response	1/27	55/18866	0.0758514359070265	0.268786497168374	0.228835952705464	FFAR2	1
GO:0045620	negative regulation of lymphocyte differentiation	1/27	55/18866	0.0758514359070265	0.268786497168374	0.228835952705464	NFKBID	1
GO:0010665	regulation of cardiac muscle cell apoptotic process	1/27	56/18866	0.0771778944275998	0.268786497168374	0.228835952705464	HSPB6	1
GO:0070228	regulation of lymphocyte apoptotic process	1/27	56/18866	0.0771778944275998	0.268786497168374	0.228835952705464	NFKBID	1
GO:0001541	ovarian follicle development	1/27	57/18866	0.078502519459522	0.268786497168374	0.228835952705464	KMT2B	1
GO:0051568	histone H3-K4 methylation	1/27	57/18866	0.078502519459522	0.268786497168374	0.228835952705464	KMT2B	1
GO:0071398	cellular response to fatty acid	1/27	57/18866	0.078502519459522	0.268786497168374	0.228835952705464	FFAR2	1
GO:0071496	cellular response to external stimulus	2/27	326/18866	0.0787406114916548	0.268786497168374	0.228835952705464	USF2/MAG	2
GO:0010656	negative regulation of muscle cell apoptotic process	1/27	58/18866	0.0798253134397759	0.268786497168374	0.228835952705464	HSPB6	1
GO:0010662	regulation of striated muscle cell apoptotic process	1/27	58/18866	0.0798253134397759	0.268786497168374	0.228835952705464	HSPB6	1
GO:0031638	zymogen activation	1/27	58/18866	0.0798253134397759	0.268786497168374	0.228835952705464	HPN	1
GO:0010659	cardiac muscle cell apoptotic process	1/27	59/18866	0.0811462788022346	0.268786497168374	0.228835952705464	HSPB6	1
GO:0031102	neuron projection regeneration	1/27	59/18866	0.0811462788022346	0.268786497168374	0.228835952705464	MAG	1
GO:0042093	T-helper cell differentiation	1/27	60/18866	0.0824654179776662	0.268786497168374	0.228835952705464	NFKBID	1
GO:0061077	chaperone-mediated protein folding	1/27	60/18866	0.0824654179776662	0.268786497168374	0.228835952705464	HSPB6	1
GO:0010658	striated muscle cell apoptotic process	1/27	61/18866	0.0837827333937359	0.268786497168374	0.228835952705464	HSPB6	1
GO:0033619	membrane protein proteolysis	1/27	61/18866	0.0837827333937359	0.268786497168374	0.228835952705464	PSENEN	1
GO:0002294	CD4-positive, alpha-beta T cell differentiation involved in immune response	1/27	62/18866	0.0850982274750103	0.268786497168374	0.228835952705464	NFKBID	1
GO:0048857	neural nucleus development	1/27	62/18866	0.0850982274750103	0.268786497168374	0.228835952705464	COX6B1	1
GO:0051851	modulation by host of symbiont process	1/27	62/18866	0.0850982274750103	0.268786497168374	0.228835952705464	HPN	1
GO:0060997	dendritic spine morphogenesis	1/27	62/18866	0.0850982274750103	0.268786497168374	0.228835952705464	ARHGAP33	1
GO:0140115	export across plasma membrane	1/27	62/18866	0.0850982274750103	0.268786497168374	0.228835952705464	FXYD1	1
GO:0002287	alpha-beta T cell activation involved in immune response	1/27	63/18866	0.0864119026429627	0.268786497168374	0.228835952705464	NFKBID	1
GO:0002293	alpha-beta T cell differentiation involved in immune response	1/27	63/18866	0.0864119026429627	0.268786497168374	0.228835952705464	NFKBID	1
GO:0006081	cellular aldehyde metabolic process	1/27	63/18866	0.0864119026429627	0.268786497168374	0.228835952705464	PRODH2	1
GO:0046635	positive regulation of alpha-beta T cell activation	1/27	63/18866	0.0864119026429627	0.268786497168374	0.228835952705464	NFKBID	1
GO:2000514	regulation of CD4-positive, alpha-beta T cell activation	1/27	63/18866	0.0864119026429627	0.268786497168374	0.228835952705464	NFKBID	1
GO:0046637	regulation of alpha-beta T cell differentiation	1/27	64/18866	0.0877237613159744	0.271231852022785	0.230917847122436	NFKBID	1
GO:1904062	regulation of cation transmembrane transport	2/27	349/18866	0.0884914477077708	0.271231852022785	0.230917847122436	FXYD5/FXYD1	2
GO:0031646	positive regulation of nervous system process	1/27	65/18866	0.0890338059093407	0.271231852022785	0.230917847122436	MAG	1
GO:0046782	regulation of viral transcription	1/27	65/18866	0.0890338059093407	0.271231852022785	0.230917847122436	HPN	1
GO:0031060	regulation of histone methylation	1/27	67/18866	0.0916484625029031	0.27634817009804	0.235273711473618	KMT2B	1
GO:0070613	regulation of protein processing	1/27	67/18866	0.0916484625029031	0.27634817009804	0.235273711473618	HPN	1
GO:0032642	regulation of chemokine production	1/27	68/18866	0.0929530793182877	0.278859237954863	0.237411551772063	FFAR2	1
GO:0006936	muscle contraction	2/27	362/18866	0.0941582483007117	0.279925788871796	0.238319578022475	FXYD1/HSPB6	2
GO:1903317	regulation of protein maturation	1/27	69/18866	0.0942558916844117	0.279925788871796	0.238319578022475	HPN	1
GO:0050771	negative regulation of axonogenesis	1/27	70/18866	0.0955569020011925	0.281980111257632	0.24006856030127	MAG	1
GO:0002292	T cell differentiation involved in immune response	1/27	71/18866	0.096856112665481	0.281980111257632	0.24006856030127	NFKBID	1
GO:0042982	amyloid precursor protein metabolic process	1/27	71/18866	0.096856112665481	0.281980111257632	0.24006856030127	PSENEN	1
GO:0050891	multicellular organismal water homeostasis	1/27	71/18866	0.096856112665481	0.281980111257632	0.24006856030127	LSR	1
GO:0045862	positive regulation of proteolysis	2/27	370/18866	0.097698142423975	0.282796922270107	0.2407639662394	HPN/PSENEN	2
GO:0019226	transmission of nerve impulse	1/27	72/18866	0.098153526071069	0.282796922270107	0.2407639662394	MAG	1
GO:0070227	lymphocyte apoptotic process	1/27	73/18866	0.0994491446086918	0.282796922270107	0.2407639662394	NFKBID	1
GO:1903779	regulation of cardiac conduction	1/27	73/18866	0.0994491446086918	0.282796922270107	0.2407639662394	FXYD1	1
GO:0001707	mesoderm formation	1/27	75/18866	0.102035006627717	0.282796922270107	0.2407639662394	ETV2	1
GO:0008344	adult locomotory behavior	1/27	75/18866	0.102035006627717	0.282796922270107	0.2407639662394	LGI4	1
GO:0009064	glutamine family amino acid metabolic process	1/27	75/18866	0.102035006627717	0.282796922270107	0.2407639662394	PRODH2	1
GO:0030858	positive regulation of epithelial cell differentiation	1/27	75/18866	0.102035006627717	0.282796922270107	0.2407639662394	ETV2	1
GO:0032602	chemokine production	1/27	75/18866	0.102035006627717	0.282796922270107	0.2407639662394	FFAR2	1
GO:0045685	regulation of glial cell differentiation	1/27	75/18866	0.102035006627717	0.282796922270107	0.2407639662394	MAG	1
GO:0033077	T cell differentiation in thymus	1/27	76/18866	0.103325254875339	0.282796922270107	0.2407639662394	NFKBID	1
GO:0007422	peripheral nervous system development	1/27	77/18866	0.104613717787439	0.282796922270107	0.2407639662394	LGI4	1
GO:0014015	positive regulation of gliogenesis	1/27	77/18866	0.104613717787439	0.282796922270107	0.2407639662394	MAG	1
GO:0048332	mesoderm morphogenesis	1/27	77/18866	0.104613717787439	0.282796922270107	0.2407639662394	ETV2	1
GO:0043367	CD4-positive, alpha-beta T cell differentiation	1/27	78/18866	0.105900397739525	0.282796922270107	0.2407639662394	NFKBID	1
GO:0060998	regulation of dendritic spine development	1/27	78/18866	0.105900397739525	0.282796922270107	0.2407639662394	ARHGAP33	1
GO:0000377	RNA splicing, via transesterification reactions with bulged adenosine as nucleophile	2/27	390/18866	0.106713796899328	0.282796922270107	0.2407639662394	RBM42/U2AF1L4	2
GO:0000398	mRNA splicing, via spliceosome	2/27	390/18866	0.106713796899328	0.282796922270107	0.2407639662394	RBM42/U2AF1L4	2
GO:0030104	water homeostasis	1/27	79/18866	0.107185297104068	0.282796922270107	0.2407639662394	LSR	1
GO:0071260	cellular response to mechanical stimulus	1/27	79/18866	0.107185297104068	0.282796922270107	0.2407639662394	MAG	1
GO:0120192	tight junction assembly	1/27	79/18866	0.107185297104068	0.282796922270107	0.2407639662394	LSR	1
GO:0000375	RNA splicing, via transesterification reactions	2/27	393/18866	0.108085722598295	0.283649713212614	0.241490004302483	RBM42/U2AF1L4	2
GO:0048678	response to axon injury	1/27	80/18866	0.108468418250509	0.283649713212614	0.241490004302483	MAG	1
GO:0010959	regulation of metal ion transport	2/27	396/18866	0.109462569471152	0.28406206576998	0.241841067660612	FXYD5/FXYD1	2
GO:0019915	lipid storage	1/27	81/18866	0.109749763545262	0.28406206576998	0.241841067660612	FFAR2	1
GO:0022617	extracellular matrix disassembly	1/27	82/18866	0.111029335351718	0.28406206576998	0.241841067660612	HPN	1
GO:0045652	regulation of megakaryocyte differentiation	1/27	82/18866	0.111029335351718	0.28406206576998	0.241841067660612	KMT2B	1
GO:0120193	tight junction organization	1/27	82/18866	0.111029335351718	0.28406206576998	0.241841067660612	LSR	1
GO:0002718	regulation of cytokine production involved in immune response	1/27	83/18866	0.112307136030248	0.284864881518784	0.242524558493149	FFAR2	1
GO:0048708	astrocyte differentiation	1/27	83/18866	0.112307136030248	0.284864881518784	0.242524558493149	MAG	1
GO:0097061	dendritic spine organization	1/27	84/18866	0.113583167938207	0.284926722858817	0.242577208169052	ARHGAP33	1
GO:0110110	positive regulation of animal organ morphogenesis	1/27	85/18866	0.114857433429936	0.284926722858817	0.242577208169052	HPN	1
GO:2000106	regulation of leukocyte apoptotic process	1/27	86/18866	0.116129934856772	0.284926722858817	0.242577208169052	NFKBID	1
GO:0009060	aerobic respiration	1/27	87/18866	0.117400674567041	0.284926722858817	0.242577208169052	COX6B1	1
GO:0048013	ephrin receptor signaling pathway	1/27	87/18866	0.117400674567041	0.284926722858817	0.242577208169052	PSENEN	1
GO:0014068	positive regulation of phosphatidylinositol 3-kinase signaling	1/27	88/18866	0.118669654906074	0.284926722858817	0.242577208169052	HCST	1
GO:1903312	negative regulation of mRNA metabolic process	1/27	88/18866	0.118669654906074	0.284926722858817	0.242577208169052	RBM42	1
GO:0001558	regulation of cell growth	2/27	420/18866	0.120646988963231	0.284926722858817	0.242577208169052	MAG/HPN	2
GO:0070542	response to fatty acid	1/27	90/18866	0.121202346836754	0.284926722858817	0.242577208169052	FFAR2	1
GO:0030901	midbrain development	1/27	91/18866	0.122466063104085	0.284926722858817	0.242577208169052	COX6B1	1
GO:0048477	oogenesis	1/27	91/18866	0.122466063104085	0.284926722858817	0.242577208169052	KMT2B	1
GO:0045582	positive regulation of T cell differentiation	1/27	92/18866	0.123728029351552	0.284926722858817	0.242577208169052	NFKBID	1
GO:0106027	neuron projection organization	1/27	92/18866	0.123728029351552	0.284926722858817	0.242577208169052	ARHGAP33	1
GO:0032088	negative regulation of NF-kappaB transcription factor activity	1/27	93/18866	0.124988247909532	0.284926722858817	0.242577208169052	NFKBID	1
GO:0032677	regulation of interleukin-8 production	1/27	93/18866	0.124988247909532	0.284926722858817	0.242577208169052	FFAR2	1
GO:0051702	interaction with symbiont	1/27	93/18866	0.124988247909532	0.284926722858817	0.242577208169052	HPN	1
GO:0030099	myeloid cell differentiation	2/27	431/18866	0.125868441522848	0.284926722858817	0.242577208169052	ETV2/KMT2B	2
GO:0010660	regulation of muscle cell apoptotic process	1/27	94/18866	0.126246721105422	0.284926722858817	0.242577208169052	HSPB6	1
GO:0050808	synapse organization	2/27	433/18866	0.126823873931173	0.284926722858817	0.242577208169052	ARHGAP33/LRFN3	2
GO:0034329	cell junction assembly	2/27	434/18866	0.127302276166788	0.284926722858817	0.242577208169052	LSR/LRFN3	2
GO:0007589	body fluid secretion	1/27	95/18866	0.127503451263644	0.284926722858817	0.242577208169052	USF2	1
GO:0048814	regulation of dendrite morphogenesis	1/27	95/18866	0.127503451263644	0.284926722858817	0.242577208169052	ARHGAP33	1
GO:0097711	ciliary basal body-plasma membrane docking	1/27	95/18866	0.127503451263644	0.284926722858817	0.242577208169052	HAUS5	1
GO:0030516	regulation of axon extension	1/27	97/18866	0.130011691749919	0.284926722858817	0.242577208169052	MAG	1
GO:0035710	CD4-positive, alpha-beta T cell activation	1/27	97/18866	0.130011691749919	0.284926722858817	0.242577208169052	NFKBID	1
GO:0042775	mitochondrial ATP synthesis coupled electron transport	1/27	97/18866	0.130011691749919	0.284926722858817	0.242577208169052	COX6B1	1
GO:0043648	dicarboxylic acid metabolic process	1/27	97/18866	0.130011691749919	0.284926722858817	0.242577208169052	PRODH2	1
GO:0046634	regulation of alpha-beta T cell activation	1/27	97/18866	0.130011691749919	0.284926722858817	0.242577208169052	NFKBID	1
GO:1902476	chloride transmembrane transport	1/27	97/18866	0.130011691749919	0.284926722858817	0.242577208169052	FXYD1	1
GO:0010657	muscle cell apoptotic process	1/27	98/18866	0.131263206711971	0.284926722858817	0.242577208169052	HSPB6	1
GO:0010771	negative regulation of cell morphogenesis involved in differentiation	1/27	98/18866	0.131263206711971	0.284926722858817	0.242577208169052	MAG	1
GO:0042773	ATP synthesis coupled electron transport	1/27	98/18866	0.131263206711971	0.284926722858817	0.242577208169052	COX6B1	1
GO:0048608	reproductive structure development	2/27	443/18866	0.13162809118565	0.284926722858817	0.242577208169052	ETV2/KMT2B	2
GO:0010717	regulation of epithelial to mesenchymal transition	1/27	99/18866	0.132512987904361	0.284926722858817	0.242577208169052	HPN	1
GO:0051817	modulation of process of other organism involved in symbiotic interaction	1/27	99/18866	0.132512987904361	0.284926722858817	0.242577208169052	HPN	1
GO:0061458	reproductive system development	2/27	447/18866	0.133562085894083	0.284926722858817	0.242577208169052	ETV2/KMT2B	2
GO:0002702	positive regulation of production of molecular mediator of immune response	1/27	100/18866	0.133761037636689	0.284926722858817	0.242577208169052	FFAR2	1
GO:0008585	female gonad development	1/27	100/18866	0.133761037636689	0.284926722858817	0.242577208169052	KMT2B	1
GO:0030219	megakaryocyte differentiation	1/27	100/18866	0.133761037636689	0.284926722858817	0.242577208169052	KMT2B	1
GO:0001708	cell fate specification	1/27	101/18866	0.135007358215598	0.284926722858817	0.242577208169052	ETV2	1
GO:0031124	mRNA 3'-end processing	1/27	101/18866	0.135007358215598	0.284926722858817	0.242577208169052	U2AF1L4	1
GO:0032637	interleukin-8 production	1/27	101/18866	0.135007358215598	0.284926722858817	0.242577208169052	FFAR2	1
GO:0033108	mitochondrial respiratory chain complex assembly	1/27	102/18866	0.136251951944784	0.284926722858817	0.242577208169052	SDHAF1	1
GO:0060996	dendritic spine development	1/27	102/18866	0.136251951944784	0.284926722858817	0.242577208169052	ARHGAP33	1
GO:0042472	inner ear morphogenesis	1/27	103/18866	0.137494821124996	0.284926722858817	0.242577208169052	HPN	1
GO:0048709	oligodendrocyte differentiation	1/27	103/18866	0.137494821124996	0.284926722858817	0.242577208169052	MAG	1
GO:0001824	blastocyst development	1/27	104/18866	0.138735968054038	0.284926722858817	0.242577208169052	ETV2	1
GO:0002367	cytokine production involved in immune response	1/27	104/18866	0.138735968054038	0.284926722858817	0.242577208169052	FFAR2	1
GO:1901606	alpha-amino acid catabolic process	1/27	104/18866	0.138735968054038	0.284926722858817	0.242577208169052	PRODH2	1
GO:0002824	positive regulation of adaptive immune response based on somatic recombination of immune receptors built from immunoglobulin superfamily domains	1/27	105/18866	0.139975395026778	0.284926722858817	0.242577208169052	NFKBID	1
GO:0045621	positive regulation of lymphocyte differentiation	1/27	105/18866	0.139975395026778	0.284926722858817	0.242577208169052	NFKBID	1
GO:0046545	development of primary female sexual characteristics	1/27	105/18866	0.139975395026778	0.284926722858817	0.242577208169052	KMT2B	1
GO:1902106	negative regulation of leukocyte differentiation	1/27	105/18866	0.139975395026778	0.284926722858817	0.242577208169052	NFKBID	1
GO:1902414	protein localization to cell junction	1/27	105/18866	0.139975395026778	0.284926722858817	0.242577208169052	LSR	1
GO:0046632	alpha-beta T cell differentiation	1/27	106/18866	0.141213104335145	0.284926722858817	0.242577208169052	NFKBID	1
GO:0071868	cellular response to monoamine stimulus	1/27	106/18866	0.141213104335145	0.284926722858817	0.242577208169052	APLP1	1
GO:0071870	cellular response to catecholamine stimulus	1/27	106/18866	0.141213104335145	0.284926722858817	0.242577208169052	APLP1	1
GO:0048524	positive regulation of viral process	1/27	107/18866	0.142449098268138	0.284926722858817	0.242577208169052	HPN	1
GO:0051963	regulation of synapse assembly	1/27	107/18866	0.142449098268138	0.284926722858817	0.242577208169052	LRFN3	1
GO:0099175	regulation of postsynapse organization	1/27	107/18866	0.142449098268138	0.284926722858817	0.242577208169052	ARHGAP33	1
GO:0003012	muscle system process	2/27	467/18866	0.143331878943311	0.284926722858817	0.242577208169052	FXYD1/HSPB6	2
GO:0071887	leukocyte apoptotic process	1/27	108/18866	0.143683379111827	0.284926722858817	0.242577208169052	NFKBID	1
GO:0002697	regulation of immune effector process	2/27	470/18866	0.144811062373038	0.284926722858817	0.242577208169052	FFAR2/NFKBID	2
GO:0002286	T cell activation involved in immune response	1/27	109/18866	0.144915949149357	0.284926722858817	0.242577208169052	NFKBID	1
GO:0018958	phenol-containing compound metabolic process	1/27	109/18866	0.144915949149357	0.284926722858817	0.242577208169052	HPN	1
GO:0002821	positive regulation of adaptive immune response	1/27	110/18866	0.146146810660951	0.284926722858817	0.242577208169052	NFKBID	1
GO:0071867	response to monoamine	1/27	110/18866	0.146146810660951	0.284926722858817	0.242577208169052	APLP1	1
GO:0071869	response to catecholamine	1/27	110/18866	0.146146810660951	0.284926722858817	0.242577208169052	APLP1	1
GO:0002526	acute inflammatory response	1/27	111/18866	0.147375965923915	0.284926722858817	0.242577208169052	FFAR2	1
GO:0006821	chloride transport	1/27	111/18866	0.147375965923915	0.284926722858817	0.242577208169052	FXYD1	1
GO:0061387	regulation of extent of cell growth	1/27	111/18866	0.147375965923915	0.284926722858817	0.242577208169052	MAG	1
GO:0006406	mRNA export from nucleus	1/27	113/18866	0.149829166798609	0.284926722858817	0.242577208169052	U2AF1L4	1
GO:0035821	modulation of process of other organism	1/27	113/18866	0.149829166798609	0.284926722858817	0.242577208169052	HPN	1
GO:0048024	regulation of mRNA splicing, via spliceosome	1/27	113/18866	0.149829166798609	0.284926722858817	0.242577208169052	RBM42	1
GO:0071427	mRNA-containing ribonucleoprotein complex export from nucleus	1/27	113/18866	0.149829166798609	0.284926722858817	0.242577208169052	U2AF1L4	1
GO:0002429	immune response-activating cell surface receptor signaling pathway	2/27	481/18866	0.150263598455728	0.284926722858817	0.242577208169052	FFAR2/NFKBID	2
GO:0002757	immune response-activating signal transduction	2/27	481/18866	0.150263598455728	0.284926722858817	0.242577208169052	FFAR2/NFKBID	2
GO:0048640	negative regulation of developmental growth	1/27	115/18866	0.152275569933668	0.284926722858817	0.242577208169052	MAG	1
GO:0051225	spindle assembly	1/27	115/18866	0.152275569933668	0.284926722858817	0.242577208169052	HAUS5	1
GO:0008380	RNA splicing	2/27	487/18866	0.153256161629782	0.284926722858817	0.242577208169052	RBM42/U2AF1L4	2
GO:0002220	innate immune response activating cell surface receptor signaling pathway	1/27	116/18866	0.1534962280112	0.284926722858817	0.242577208169052	FFAR2	1
GO:0022904	respiratory electron transport chain	1/27	116/18866	0.1534962280112	0.284926722858817	0.242577208169052	COX6B1	1
GO:0034968	histone lysine methylation	1/27	116/18866	0.1534962280112	0.284926722858817	0.242577208169052	KMT2B	1
GO:0060964	regulation of gene silencing by miRNA	1/27	116/18866	0.1534962280112	0.284926722858817	0.242577208169052	WTIP	1
GO:0034765	regulation of ion transmembrane transport	2/27	489/18866	0.154256479377269	0.284926722858817	0.242577208169052	FXYD5/FXYD1	2
GO:0002758	innate immune response-activating signal transduction	1/27	117/18866	0.154715193442863	0.284926722858817	0.242577208169052	FFAR2	1
GO:0045446	endothelial cell differentiation	1/27	117/18866	0.154715193442863	0.284926722858817	0.242577208169052	ETV2	1
GO:0016049	cell growth	2/27	490/18866	0.154757154040068	0.284926722858817	0.242577208169052	MAG/HPN	2
GO:0050868	negative regulation of T cell activation	1/27	118/18866	0.155932468485641	0.286199033773335	0.243660411690541	NFKBID	1
GO:0046660	female sex differentiation	1/27	119/18866	0.157148055393625	0.286651479392188	0.244045608957994	KMT2B	1
GO:0060147	regulation of posttranscriptional gene silencing	1/27	120/18866	0.158361956418023	0.286651479392188	0.244045608957994	WTIP	1
GO:0060966	regulation of gene silencing by RNA	1/27	120/18866	0.158361956418023	0.286651479392188	0.244045608957994	WTIP	1
GO:1903706	regulation of hemopoiesis	2/27	498/18866	0.158774680742174	0.286651479392188	0.244045608957994	KMT2B/NFKBID	2
GO:0007613	memory	1/27	121/18866	0.159574173807157	0.286651479392188	0.244045608957994	KMT2B	1
GO:0030218	erythrocyte differentiation	1/27	121/18866	0.159574173807157	0.286651479392188	0.244045608957994	ETV2	1
GO:0098661	inorganic anion transmembrane transport	1/27	121/18866	0.159574173807157	0.286651479392188	0.244045608957994	FXYD1	1
GO:0042471	ear morphogenesis	1/27	123/18866	0.161993566658546	0.289239268565561	0.246248767253251	HPN	1
GO:0048675	axon extension	1/27	123/18866	0.161993566658546	0.289239268565561	0.246248767253251	MAG	1
GO:0009063	cellular amino acid catabolic process	1/27	124/18866	0.16320074660307	0.289644568295539	0.246593826066912	PRODH2	1
GO:0022612	gland morphogenesis	1/27	124/18866	0.16320074660307	0.289644568295539	0.246593826066912	HPN	1
GO:0007098	centrosome cycle	1/27	125/18866	0.164406251876879	0.290910463650405	0.24767156759265	HAUS5	1
GO:0001704	formation of primary germ layer	1/27	127/18866	0.166812247345353	0.293410827919951	0.249800295210146	ETV2	1
GO:0014066	regulation of phosphatidylinositol 3-kinase signaling	1/27	127/18866	0.166812247345353	0.293410827919951	0.249800295210146	HCST	1
GO:0014013	regulation of gliogenesis	1/27	128/18866	0.168012741999372	0.294645491162104	0.2508514467459	MAG	1
GO:0034101	erythrocyte homeostasis	1/27	129/18866	0.169211570901391	0.295869936102728	0.251893898756976	ETV2	1
GO:0071426	ribonucleoprotein complex export from nucleus	1/27	130/18866	0.170408736273951	0.297084257043968	0.252927731529106	U2AF1L4	1
GO:0071166	ribonucleoprotein complex localization	1/27	131/18866	0.17160424033675	0.298288547173587	0.253953024399278	U2AF1L4	1
GO:0018022	peptidyl-lysine methylation	1/27	132/18866	0.172798085306642	0.299482898581305	0.254969855769639	KMT2B	1
GO:0007498	mesoderm development	1/27	134/18866	0.175180806820915	0.302724727576494	0.257729841983372	ETV2	1
GO:0003158	endothelium development	1/27	135/18866	0.176369687784818	0.303890628223987	0.258722451315462	ETV2	1
GO:0031023	microtubule organizing center organization	1/27	136/18866	0.177556918494861	0.305046915204834	0.259706875889056	HAUS5	1
GO:0030534	adult behavior	1/27	137/18866	0.178742501153731	0.305308723068946	0.259929770463899	LGI4	1
GO:1903038	negative regulation of leukocyte cell-cell adhesion	1/27	137/18866	0.178742501153731	0.305308723068946	0.259929770463899	NFKBID	1
GO:0060968	regulation of gene silencing	1/27	140/18866	0.182289382807869	0.310469813370174	0.264323752410621	WTIP	1
GO:0009581	detection of external stimulus	1/27	141/18866	0.183468395232529	0.310906768120954	0.264695761264255	HPN	1
GO:0007292	female gamete generation	1/27	142/18866	0.184645770577187	0.310906768120954	0.264695761264255	KMT2B	1
GO:0030879	mammary gland development	1/27	142/18866	0.184645770577187	0.310906768120954	0.264695761264255	USF2	1
GO:0016571	histone methylation	1/27	143/18866	0.185821511027647	0.310906768120954	0.264695761264255	KMT2B	1
GO:0002218	activation of innate immune response	1/27	144/18866	0.186995618766912	0.310906768120954	0.264695761264255	FFAR2	1
GO:0002700	regulation of production of molecular mediator of immune response	1/27	144/18866	0.186995618766912	0.310906768120954	0.264695761264255	FFAR2	1
GO:0006405	RNA export from nucleus	1/27	144/18866	0.186995618766912	0.310906768120954	0.264695761264255	U2AF1L4	1
GO:0009582	detection of abiotic stimulus	1/27	144/18866	0.186995618766912	0.310906768120954	0.264695761264255	HPN	1
GO:0046631	alpha-beta T cell activation	1/27	146/18866	0.189338944829876	0.310906768120954	0.264695761264255	NFKBID	1
GO:0048813	dendrite morphogenesis	1/27	146/18866	0.189338944829876	0.310906768120954	0.264695761264255	ARHGAP33	1
GO:0007043	cell-cell junction assembly	1/27	147/18866	0.190508167505602	0.310906768120954	0.264695761264255	LSR	1
GO:0007189	adenylate cyclase-activating G protein-coupled receptor signaling pathway	1/27	147/18866	0.190508167505602	0.310906768120954	0.264695761264255	APLP1	1
GO:1904064	positive regulation of cation transmembrane transport	1/27	147/18866	0.190508167505602	0.310906768120954	0.264695761264255	FXYD1	1
GO:0008277	regulation of G protein-coupled receptor signaling pathway	1/27	148/18866	0.191675766174193	0.310906768120954	0.264695761264255	APLP1	1
GO:0031644	regulation of nervous system process	1/27	148/18866	0.191675766174193	0.310906768120954	0.264695761264255	MAG	1
GO:0061337	cardiac conduction	1/27	148/18866	0.191675766174193	0.310906768120954	0.264695761264255	FXYD1	1
GO:0006119	oxidative phosphorylation	1/27	149/18866	0.192841743004693	0.310906768120954	0.264695761264255	COX6B1	1
GO:0031056	regulation of histone modification	1/27	149/18866	0.192841743004693	0.310906768120954	0.264695761264255	KMT2B	1
GO:0043524	negative regulation of neuron apoptotic process	1/27	149/18866	0.192841743004693	0.310906768120954	0.264695761264255	MAG	1
GO:0045580	regulation of T cell differentiation	1/27	150/18866	0.194006100163365	0.310906768120954	0.264695761264255	NFKBID	1
GO:0001837	epithelial to mesenchymal transition	1/27	152/18866	0.196329964116396	0.310906768120954	0.264695761264255	HPN	1
GO:0007605	sensory perception of sound	1/27	152/18866	0.196329964116396	0.310906768120954	0.264695761264255	HPN	1
GO:0050684	regulation of mRNA processing	1/27	152/18866	0.196329964116396	0.310906768120954	0.264695761264255	RBM42	1
GO:0051028	mRNA transport	1/27	152/18866	0.196329964116396	0.310906768120954	0.264695761264255	U2AF1L4	1
GO:0002822	regulation of adaptive immune response based on somatic recombination of immune receptors built from immunoglobulin superfamily domains	1/27	153/18866	0.197489475229405	0.310906768120954	0.264695761264255	NFKBID	1
GO:0031123	RNA 3'-end processing	1/27	153/18866	0.197489475229405	0.310906768120954	0.264695761264255	U2AF1L4	1
GO:0002262	myeloid cell homeostasis	1/27	154/18866	0.198647375307897	0.310906768120954	0.264695761264255	ETV2	1
GO:0010977	negative regulation of neuron projection development	1/27	154/18866	0.198647375307897	0.310906768120954	0.264695761264255	MAG	1
GO:0014065	phosphatidylinositol 3-kinase signaling	1/27	154/18866	0.198647375307897	0.310906768120954	0.264695761264255	HCST	1
GO:0051250	negative regulation of lymphocyte activation	1/27	154/18866	0.198647375307897	0.310906768120954	0.264695761264255	NFKBID	1
GO:0030509	BMP signaling pathway	1/27	155/18866	0.199803666504278	0.310906768120954	0.264695761264255	ETV2	1
GO:0050773	regulation of dendrite development	1/27	155/18866	0.199803666504278	0.310906768120954	0.264695761264255	ARHGAP33	1
GO:0001890	placenta development	1/27	156/18866	0.200958350968197	0.310906768120954	0.264695761264255	ETV2	1
GO:0008360	regulation of cell shape	1/27	156/18866	0.200958350968197	0.310906768120954	0.264695761264255	HPN	1
GO:0043484	regulation of RNA splicing	1/27	156/18866	0.200958350968197	0.310906768120954	0.264695761264255	RBM42	1
GO:0050729	positive regulation of inflammatory response	1/27	158/18866	0.203262908283453	0.312834319780001	0.266336815130182	FFAR2	1
GO:1903707	negative regulation of hemopoiesis	1/27	158/18866	0.203262908283453	0.312834319780001	0.266336815130182	NFKBID	1
GO:1902107	positive regulation of leukocyte differentiation	1/27	159/18866	0.204412785420311	0.312973979749751	0.266455717019113	NFKBID	1
GO:1902600	proton transmembrane transport	1/27	159/18866	0.204412785420311	0.312973979749751	0.266455717019113	COX6B1	1
GO:0034767	positive regulation of ion transmembrane transport	1/27	161/18866	0.206707747345682	0.315669970752708	0.268750994781004	FXYD1	1
GO:0055088	lipid homeostasis	1/27	163/18866	0.208996333698854	0.318342353649542	0.271026173380499	USF2	1
GO:0002819	regulation of adaptive immune response	1/27	168/18866	0.214690018121072	0.324505884167655	0.276273599843511	NFKBID	1
GO:0071772	response to BMP	1/27	168/18866	0.214690018121072	0.324505884167655	0.276273599843511	ETV2	1
GO:0071773	cellular response to BMP stimulus	1/27	168/18866	0.214690018121072	0.324505884167655	0.276273599843511	ETV2	1
GO:0007584	response to nutrient	1/27	171/18866	0.21808726338295	0.325558594637563	0.277169842794114	USF2	1
GO:0030307	positive regulation of cell growth	1/27	171/18866	0.21808726338295	0.325558594637563	0.277169842794114	HPN	1
GO:0030856	regulation of epithelial cell differentiation	1/27	171/18866	0.21808726338295	0.325558594637563	0.277169842794114	ETV2	1
GO:0140056	organelle localization by membrane tethering	1/27	171/18866	0.21808726338295	0.325558594637563	0.277169842794114	HAUS5	1
GO:0015698	inorganic anion transport	1/27	172/18866	0.219216530239792	0.325558594637563	0.277169842794114	FXYD1	1
GO:1990138	neuron projection extension	1/27	172/18866	0.219216530239792	0.325558594637563	0.277169842794114	MAG	1
GO:0006937	regulation of muscle contraction	1/27	173/18866	0.220344226489044	0.325558594637563	0.277169842794114	HSPB6	1
GO:0050954	sensory perception of mechanical stimulus	1/27	173/18866	0.220344226489044	0.325558594637563	0.277169842794114	HPN	1
GO:0099173	postsynapse organization	1/27	173/18866	0.220344226489044	0.325558594637563	0.277169842794114	ARHGAP33	1
GO:0050680	negative regulation of epithelial cell proliferation	1/27	175/18866	0.2225949155642	0.328063828175666	0.279302715946155	HPN	1
GO:0048469	cell maturation	1/27	179/18866	0.227077538666202	0.332110342895312	0.28274778502798	LGI4	1
GO:0022406	membrane docking	1/27	180/18866	0.22819429932634	0.332110342895312	0.28274778502798	HAUS5	1
GO:0008361	regulation of cell size	1/27	181/18866	0.229309506107791	0.332110342895312	0.28274778502798	MAG	1
GO:0010950	positive regulation of endopeptidase activity	1/27	181/18866	0.229309506107791	0.332110342895312	0.28274778502798	PSENEN	1
GO:0045619	regulation of lymphocyte differentiation	1/27	181/18866	0.229309506107791	0.332110342895312	0.28274778502798	NFKBID	1
GO:0007051	spindle organization	1/27	183/18866	0.231535266348141	0.332110342895312	0.28274778502798	HAUS5	1
GO:0043433	negative regulation of DNA-binding transcription factor activity	1/27	183/18866	0.231535266348141	0.332110342895312	0.28274778502798	NFKBID	1
GO:0002695	negative regulation of leukocyte activation	1/27	184/18866	0.232645823957122	0.332110342895312	0.28274778502798	NFKBID	1
GO:0006479	protein methylation	1/27	184/18866	0.232645823957122	0.332110342895312	0.28274778502798	KMT2B	1
GO:0006611	protein export from nucleus	1/27	184/18866	0.232645823957122	0.332110342895312	0.28274778502798	U2AF1L4	1
GO:0007416	synapse assembly	1/27	184/18866	0.232645823957122	0.332110342895312	0.28274778502798	LRFN3	1
GO:0008213	protein alkylation	1/27	184/18866	0.232645823957122	0.332110342895312	0.28274778502798	KMT2B	1
GO:0022900	electron transport chain	1/27	184/18866	0.232645823957122	0.332110342895312	0.28274778502798	COX6B1	1
GO:0050770	regulation of axonogenesis	1/27	186/18866	0.23486230450792	0.334429795841854	0.284722490715836	MAG	1
GO:0002285	lymphocyte activation involved in immune response	1/27	187/18866	0.235968231583846	0.334429795841854	0.284722490715836	NFKBID	1
GO:0045333	cellular respiration	1/27	187/18866	0.235968231583846	0.334429795841854	0.284722490715836	COX6B1	1
GO:0031345	negative regulation of cell projection organization	1/27	188/18866	0.237072619278435	0.335191191372142	0.285370717741355	MAG	1
GO:0007369	gastrulation	1/27	189/18866	0.23817546965211	0.335896864120476	0.285971504229384	ETV2	1
GO:0006575	cellular modified amino acid metabolic process	1/27	190/18866	0.23927678476264	0.335896864120476	0.285971504229384	HPN	1
GO:0030308	negative regulation of cell growth	1/27	190/18866	0.23927678476264	0.335896864120476	0.285971504229384	MAG	1
GO:0048015	phosphatidylinositol-mediated signaling	1/27	192/18866	0.241474817412147	0.338179187418434	0.287914598959856	HCST	1
GO:1902275	regulation of chromatin organization	1/27	195/18866	0.244760403205281	0.341970208733619	0.291142149389384	KMT2B	1
GO:0048017	inositol lipid-mediated signaling	1/27	196/18866	0.245852549802328	0.342195140808068	0.29133364913395	HCST	1
GO:0048839	inner ear development	1/27	197/18866	0.24694317546678	0.342195140808068	0.29133364913395	HPN	1
GO:0007626	locomotory behavior	1/27	198/18866	0.248032282235349	0.342195140808068	0.29133364913395	LGI4	1
GO:0019933	cAMP-mediated signaling	1/27	199/18866	0.249119872142122	0.342195140808068	0.29133364913395	APLP1	1
GO:0010389	regulation of G2/M transition of mitotic cell cycle	1/27	200/18866	0.250205947218576	0.342195140808068	0.29133364913395	HAUS5	1
GO:0050657	nucleic acid transport	1/27	200/18866	0.250205947218576	0.342195140808068	0.29133364913395	U2AF1L4	1
GO:0050658	RNA transport	1/27	200/18866	0.250205947218576	0.342195140808068	0.29133364913395	U2AF1L4	1
GO:1901888	regulation of cell junction assembly	1/27	200/18866	0.250205947218576	0.342195140808068	0.29133364913395	LRFN3	1
GO:0002221	pattern recognition receptor signaling pathway	1/27	201/18866	0.251290509493573	0.342195140808068	0.29133364913395	FFAR2	1
GO:0010952	positive regulation of peptidase activity	1/27	201/18866	0.251290509493573	0.342195140808068	0.29133364913395	PSENEN	1
GO:0031099	regeneration	1/27	201/18866	0.251290509493573	0.342195140808068	0.29133364913395	MAG	1
GO:1901605	alpha-amino acid metabolic process	1/27	202/18866	0.252373560993368	0.342879941487541	0.291916665831409	PRODH2	1
GO:0051236	establishment of RNA localization	1/27	203/18866	0.253455103741609	0.343448099538293	0.292400376844428	U2AF1L4	1
GO:0051168	nuclear export	1/27	204/18866	0.254535139759344	0.343448099538293	0.292400376844428	U2AF1L4	1
GO:1903708	positive regulation of hemopoiesis	1/27	204/18866	0.254535139759344	0.343448099538293	0.292400376844428	NFKBID	1
GO:0050852	T cell receptor signaling pathway	1/27	206/18866	0.256690699674484	0.345567661748565	0.294204902156584	NFKBID	1
GO:0050866	negative regulation of cell activation	1/27	207/18866	0.257766227601001	0.34622691025498	0.294766164577221	NFKBID	1
GO:0045766	positive regulation of angiogenesis	1/27	208/18866	0.258840256855236	0.346881160547493	0.295323171683501	HSPB6	1
GO:0034764	positive regulation of transmembrane transport	1/27	210/18866	0.260983827376611	0.348174812594982	0.296424544341261	FXYD1	1
GO:0045216	cell-cell junction organization	1/27	210/18866	0.260983827376611	0.348174812594982	0.296424544341261	LSR	1
GO:0050679	positive regulation of epithelial cell proliferation	1/27	211/18866	0.26205337265217	0.348814286570794	0.296968971379178	HPN	1
GO:1901215	negative regulation of neuron death	1/27	212/18866	0.263121427272292	0.349141572089151	0.297247611467832	MAG	1
GO:0045089	positive regulation of innate immune response	1/27	213/18866	0.264187993234748	0.349141572089151	0.297247611467832	FFAR2	1
GO:0090276	regulation of peptide hormone secretion	1/27	213/18866	0.264187993234748	0.349141572089151	0.297247611467832	FFAR2	1
GO:0043523	regulation of neuron apoptotic process	1/27	214/18866	0.265253072534735	0.349141572089151	0.297247611467832	MAG	1
GO:0050870	positive regulation of T cell activation	1/27	214/18866	0.265253072534735	0.349141572089151	0.297247611467832	NFKBID	1
GO:0050792	regulation of viral process	1/27	217/18866	0.268439410373384	0.351768717362904	0.299484276248051	HPN	1
GO:1902749	regulation of cell cycle G2/M phase transition	1/27	217/18866	0.268439410373384	0.351768717362904	0.299484276248051	HAUS5	1
GO:0071805	potassium ion transmembrane transport	1/27	218/18866	0.269498562924186	0.35237533338096	0.300000729105172	HPN	1
GO:0031669	cellular response to nutrient levels	1/27	221/18866	0.272667168143892	0.35494778936793	0.30219083323158	USF2	1
GO:0042445	hormone metabolic process	1/27	221/18866	0.272667168143892	0.35494778936793	0.30219083323158	HPN	1
GO:0008406	gonad development	1/27	223/18866	0.274772214363033	0.3566982908112	0.303681152387129	KMT2B	1
GO:0019935	cyclic-nucleotide-mediated signaling	1/27	224/18866	0.27582253621103	0.3566982908112	0.303681152387129	APLP1	1
GO:0043583	ear development	1/27	224/18866	0.27582253621103	0.3566982908112	0.303681152387129	HPN	1
GO:0045665	negative regulation of neuron differentiation	1/27	225/18866	0.276871393174998	0.357272911280402	0.304170365289931	MAG	1
GO:0045137	development of primary sexual characteristics	1/27	229/18866	0.281052211444661	0.361090993399553	0.307420954394846	KMT2B	1
GO:0048762	mesenchymal cell differentiation	1/27	229/18866	0.281052211444661	0.361090993399553	0.307420954394846	HPN	1
GO:0006457	protein folding	1/27	230/18866	0.282093773406939	0.361642993673538	0.307890909209994	HSPB6	1
GO:0043903	regulation of symbiotic process	1/27	231/18866	0.283133882234908	0.362190745456343	0.308357246999968	HPN	1
GO:0030595	leukocyte chemotaxis	1/27	232/18866	0.284172539878034	0.362537881329107	0.308652787025226	FFAR2	1
GO:0007188	adenylate cyclase-modulating G protein-coupled receptor signaling pathway	1/27	233/18866	0.285209748283277	0.362537881329107	0.308652787025226	APLP1	1
GO:0045444	fat cell differentiation	1/27	235/18866	0.287279825155409	0.362537881329107	0.308652787025226	FFAR2	1
GO:0071695	anatomical structure maturation	1/27	235/18866	0.287279825155409	0.362537881329107	0.308652787025226	LGI4	1
GO:1903039	positive regulation of leukocyte cell-cell adhesion	1/27	235/18866	0.287279825155409	0.362537881329107	0.308652787025226	NFKBID	1
GO:1904018	positive regulation of vasculature development	1/27	235/18866	0.287279825155409	0.362537881329107	0.308652787025226	HSPB6	1
GO:0006403	RNA localization	1/27	236/18866	0.288312697503689	0.362537881329107	0.308652787025226	U2AF1L4	1
GO:0060560	developmental growth involved in morphogenesis	1/27	236/18866	0.288312697503689	0.362537881329107	0.308652787025226	MAG	1
GO:0048588	developmental cell growth	1/27	237/18866	0.289344128376872	0.363062377644865	0.309099325878076	MAG	1
GO:0042593	glucose homeostasis	1/27	245/18866	0.297543913870292	0.371772628112774	0.316514945654833	FFAR2	1
GO:0051402	neuron apoptotic process	1/27	245/18866	0.297543913870292	0.371772628112774	0.316514945654833	MAG	1
GO:0033500	carbohydrate homeostasis	1/27	246/18866	0.29856245821944	0.372258254868543	0.316928392247152	FFAR2	1
GO:0016358	dendrite development	1/27	247/18866	0.299579580326211	0.372740067311139	0.317338591459122	ARHGAP33	1
GO:0009636	response to toxic substance	1/27	250/18866	0.302622432276604	0.375229659382965	0.319458147983003	ARHGAP33	1
GO:0002833	positive regulation of response to biotic stimulus	1/27	251/18866	0.303633884485915	0.375229659382965	0.319458147983003	FFAR2	1
GO:0043122	regulation of I-kappaB kinase/NF-kappaB signaling	1/27	252/18866	0.304643923976588	0.375229659382965	0.319458147983003	NFKBID	1
GO:0030217	T cell differentiation	1/27	253/18866	0.305652552646011	0.375229659382965	0.319458147983003	NFKBID	1
GO:0031668	cellular response to extracellular stimulus	1/27	253/18866	0.305652552646011	0.375229659382965	0.319458147983003	USF2	1
GO:0000086	G2/M transition of mitotic cell cycle	1/27	254/18866	0.306659772389124	0.375229659382965	0.319458147983003	HAUS5	1
GO:0045926	negative regulation of growth	1/27	254/18866	0.306659772389124	0.375229659382965	0.319458147983003	MAG	1
GO:2000027	regulation of animal organ morphogenesis	1/27	254/18866	0.306659772389124	0.375229659382965	0.319458147983003	HPN	1
GO:0008016	regulation of heart contraction	1/27	256/18866	0.308669992663968	0.375357954041986	0.319567373821479	FXYD1	1
GO:0048872	homeostasis of number of cells	1/27	256/18866	0.308669992663968	0.375357954041986	0.319567373821479	ETV2	1
GO:0090257	regulation of muscle system process	1/27	256/18866	0.308669992663968	0.375357954041986	0.319567373821479	HSPB6	1
GO:0030072	peptide hormone secretion	1/27	257/18866	0.309672996973376	0.37580439673771	0.3199474603983	FFAR2	1
GO:0007611	learning or memory	1/27	260/18866	0.312673609204471	0.3783256579924	0.322093979019267	KMT2B	1
GO:0001894	tissue homeostasis	1/27	261/18866	0.31367101931688	0.3783256579924	0.322093979019267	LSR	1
GO:0015931	nucleobase-containing compound transport	1/27	261/18866	0.31367101931688	0.3783256579924	0.322093979019267	U2AF1L4	1
GO:0007187	G protein-coupled receptor signaling pathway, coupled to cyclic nucleotide second messenger	1/27	263/18866	0.315661659851263	0.379178945065237	0.322820439471339	APLP1	1
GO:0045637	regulation of myeloid cell differentiation	1/27	263/18866	0.315661659851263	0.379178945065237	0.322820439471339	KMT2B	1
GO:0046883	regulation of hormone secretion	1/27	267/18866	0.31962627451939	0.383162531928924	0.326211933853461	FFAR2	1
GO:0090596	sensory organ morphogenesis	1/27	269/18866	0.321600278486983	0.384748511307301	0.327562184352819	HPN	1
GO:0044839	cell cycle G2/M phase transition	1/27	273/18866	0.325531753985523	0.388665185061503	0.330896711121913	HAUS5	1
GO:0045927	positive regulation of growth	1/27	274/18866	0.326511189398979	0.389048614787896	0.331223150536315	HPN	1
GO:0007281	germ cell development	1/27	275/18866	0.327489255120054	0.389428872788635	0.331546889648174	KMT2B	1
GO:0015980	energy derivation by oxidation of organic compounds	1/27	278/18866	0.330415252535862	0.391333495488365	0.333168422554882	COX6B1	1
GO:0045165	cell fate commitment	1/27	278/18866	0.330415252535862	0.391333495488365	0.333168422554882	ETV2	1
GO:0022409	positive regulation of cell-cell adhesion	1/27	279/18866	0.331387857882404	0.391700448017002	0.333480833826925	NFKBID	1
GO:0007548	sex differentiation	1/27	280/18866	0.332359102722194	0.392064330756121	0.333790631581487	KMT2B	1
GO:0016054	organic acid catabolic process	1/27	282/18866	0.334297518199215	0.392782968699276	0.334402456208485	PRODH2	1
GO:0046395	carboxylic acid catabolic process	1/27	282/18866	0.334297518199215	0.392782968699276	0.334402456208485	PRODH2	1
GO:0043270	positive regulation of ion transport	1/27	284/18866	0.336230513578708	0.394270304613128	0.335668724917758	FXYD1	1
GO:0007249	I-kappaB kinase/NF-kappaB signaling	1/27	286/18866	0.338158103434739	0.395305417394114	0.336549985776804	NFKBID	1
GO:0021700	developmental maturation	1/27	287/18866	0.33911987583556	0.395305417394114	0.336549985776804	LGI4	1
GO:0060047	heart contraction	1/27	287/18866	0.33911987583556	0.395305417394114	0.336549985776804	FXYD1	1
GO:0060485	mesenchyme development	1/27	290/18866	0.341997124684641	0.397092928661342	0.338071813875005	HPN	1
GO:1902105	regulation of leukocyte differentiation	1/27	290/18866	0.341997124684641	0.397092928661342	0.338071813875005	NFKBID	1
GO:0031503	protein-containing complex localization	1/27	291/18866	0.342953524212716	0.397422613352383	0.3383524965401	U2AF1L4	1
GO:0050768	negative regulation of neurogenesis	1/27	295/18866	0.346765753312902	0.401053933870695	0.341444082981908	MAG	1
GO:0003015	heart process	1/27	297/18866	0.348663871624626	0.402461617441707	0.342642538315319	FXYD1	1
GO:0048562	embryonic organ morphogenesis	1/27	302/18866	0.353385959952937	0.406325101813591	0.345931781399762	HPN	1
GO:0050890	cognition	1/27	302/18866	0.353385959952937	0.406325101813591	0.345931781399762	KMT2B	1
GO:1903522	regulation of blood circulation	1/27	303/18866	0.354326413469489	0.406615359923239	0.346178897574687	FXYD1	1
GO:0002440	production of molecular mediator of immune response	1/27	306/18866	0.35713987771678	0.409049743663987	0.348251451547574	FFAR2	1
GO:0045088	regulation of innate immune response	1/27	307/18866	0.358075072937774	0.40932759788438	0.348488007460564	FFAR2	1
GO:0046034	ATP metabolic process	1/27	311/18866	0.361802769958716	0.411995061744896	0.350758998154885	COX6B1	1
GO:0060326	cell chemotaxis	1/27	311/18866	0.361802769958716	0.411995061744896	0.350758998154885	FFAR2	1
GO:0046879	hormone secretion	1/27	314/18866	0.364584853958874	0.414364709018644	0.35277643763632	FFAR2	1
GO:0098656	anion transmembrane transport	1/27	315/18866	0.365509617269736	0.414618395021908	0.35299241752689	FXYD1	1
GO:0043414	macromolecule methylation	1/27	318/18866	0.368276137621059	0.416956316731889	0.354982846910398	KMT2B	1
GO:0051961	negative regulation of nervous system development	1/27	319/18866	0.369195727026075	0.417198230731186	0.355188804505311	MAG	1
GO:1901214	regulation of neuron death	1/27	321/18866	0.371031040211271	0.418472031994009	0.356273276860159	MAG	1
GO:0009914	hormone transport	1/27	323/18866	0.372861210803673	0.418937215941009	0.356669319119783	FFAR2	1
GO:0051056	regulation of small GTPase mediated signal transduction	1/27	323/18866	0.372861210803673	0.418937215941009	0.356669319119783	ARHGAP33	1
GO:0051235	maintenance of location	1/27	324/18866	0.373774371959273	0.419166326049204	0.356864375904389	FFAR2	1
GO:0050851	antigen receptor-mediated signaling pathway	1/27	325/18866	0.374686252660227	0.419393135079914	0.357057473627569	NFKBID	1
GO:1903037	regulation of leukocyte cell-cell adhesion	1/27	329/18866	0.378321005414434	0.422661085444103	0.359839698712763	NFKBID	1
GO:0071214	cellular response to abiotic stimulus	1/27	331/18866	0.380130743847092	0.423083370270492	0.360199218076935	MAG	1
GO:0104004	cellular response to environmental stimulus	1/27	331/18866	0.380130743847092	0.423083370270492	0.360199218076935	MAG	1
GO:0050863	regulation of T cell activation	1/27	332/18866	0.381033709583058	0.423291207450352	0.360376163792445	NFKBID	1
GO:0006520	cellular amino acid metabolic process	1/27	340/18866	0.388211977346998	0.430456432668059	0.366476400062931	PRODH2	1
GO:0010721	negative regulation of cell development	1/27	343/18866	0.390883104977628	0.43260658247524	0.368306966645587	MAG	1
GO:1903311	regulation of mRNA metabolic process	1/27	344/18866	0.391770982544199	0.432778786324526	0.368453575319483	RBM42	1
GO:0048638	regulation of developmental growth	1/27	353/18866	0.399705996506591	0.44072060435708	0.375214977081992	MAG	1
GO:0006913	nucleocytoplasmic transport	1/27	354/18866	0.40058148605957	0.440863423205226	0.375336568335734	U2AF1L4	1
GO:0033044	regulation of chromosome organization	1/27	356/18866	0.402328777965716	0.441280638759423	0.375691771888867	KMT2B	1
GO:0051169	nuclear transport	1/27	357/18866	0.403200583638052	0.441280638759423	0.375691771888867	U2AF1L4	1
GO:0051251	positive regulation of lymphocyte activation	1/27	357/18866	0.403200583638052	0.441280638759423	0.375691771888867	NFKBID	1
GO:0001666	response to hypoxia	1/27	359/18866	0.404940522703038	0.441549536748147	0.375920702761803	WTIP	1
GO:0007178	transmembrane receptor protein serine/threonine kinase signaling pathway	1/27	359/18866	0.404940522703038	0.441549536748147	0.375920702761803	ETV2	1
GO:0070997	neuron death	1/27	360/18866	0.405808659401964	0.44168124807838	0.376032837441385	MAG	1
GO:0007159	leukocyte cell-cell adhesion	1/27	364/18866	0.409269025780459	0.444628665875462	0.378542171677747	NFKBID	1
GO:0030098	lymphocyte differentiation	1/27	368/18866	0.412709982354479	0.447544219397242	0.381024377721759	NFKBID	1
GO:0002460	adaptive immune response based on somatic recombination of immune receptors built from immunoglobulin superfamily domains	1/27	370/18866	0.414423214707338	0.447863709561785	0.381296381103452	NFKBID	1
GO:0032259	methylation	1/27	371/18866	0.415278025109743	0.447863709561785	0.381296381103452	KMT2B	1
GO:0036293	response to decreased oxygen levels	1/27	371/18866	0.415278025109743	0.447863709561785	0.381296381103452	WTIP	1
GO:0022412	cellular process involved in reproduction in multicellular organism	1/27	375/18866	0.418685266153631	0.450715832963198	0.383724584836421	KMT2B	1
GO:0060271	cilium assembly	1/27	377/18866	0.420381709026393	0.451719254608361	0.384578864908356	HAUS5	1
GO:0002791	regulation of peptide secretion	1/27	381/18866	0.423760304071783	0.454523302552493	0.38696613878367	FFAR2	1
GO:0001701	in utero embryonic development	1/27	383/18866	0.425442481983187	0.454677227580585	0.387097185472472	ETV2	1
GO:0032535	regulation of cellular component size	1/27	383/18866	0.425442481983187	0.454677227580585	0.387097185472472	MAG	1
GO:0031349	positive regulation of defense response	1/27	385/18866	0.427119930590601	0.455645990936905	0.387921958621143	FFAR2	1
GO:0030198	extracellular matrix organization	1/27	395/18866	0.435436680419469	0.462062368132541	0.393384650400489	HPN	1
GO:0050678	regulation of epithelial cell proliferation	1/27	395/18866	0.435436680419469	0.462062368132541	0.393384650400489	HPN	1
GO:0043062	extracellular structure organization	1/27	396/18866	0.436261931333263	0.462062368132541	0.393384650400489	HPN	1
GO:0070482	response to oxygen levels	1/27	396/18866	0.436261931333263	0.462062368132541	0.393384650400489	WTIP	1
GO:0044782	cilium organization	1/27	397/18866	0.437086020551129	0.462107044983394	0.393422686796798	HAUS5	1
GO:0045765	regulation of angiogenesis	1/27	403/18866	0.442006248160658	0.466474451183837	0.397140952294727	HSPB6	1
GO:0018205	peptidyl-lysine modification	1/27	405/18866	0.44363710151154	0.466554931325619	0.397209470431287	KMT2B	1
GO:0002696	positive regulation of leukocyte activation	1/27	406/18866	0.444450805983627	0.466554931325619	0.397209470431287	NFKBID	1
GO:0043547	positive regulation of GTPase activity	1/27	406/18866	0.444450805983627	0.466554931325619	0.397209470431287	ARHGAP33	1
GO:0002831	regulation of response to biotic stimulus	1/27	409/18866	0.44688504923074	0.468278482438595	0.398676844965088	FFAR2	1
GO:0050867	positive regulation of cell activation	1/27	421/18866	0.456519711103347	0.477527697808988	0.406551321671914	NFKBID	1
GO:0043588	skin development	1/27	425/18866	0.459695198790427	0.479153196622826	0.40793521771433	LSR	1
GO:0050727	regulation of inflammatory response	1/27	425/18866	0.459695198790427	0.479153196622826	0.40793521771433	FFAR2	1
GO:0045785	positive regulation of cell adhesion	1/27	428/18866	0.462065081634306	0.480775463461048	0.409316362159374	NFKBID	1
GO:0019216	regulation of lipid metabolic process	1/27	431/18866	0.46442495307176	0.48238162964044	0.410683799034875	LSR	1
GO:0052548	regulation of endopeptidase activity	1/27	434/18866	0.466774853775259	0.483971822072242	0.412037636388871	PSENEN	1
GO:0010876	lipid localization	1/27	440/18866	0.471444904877605	0.487957861265613	0.415431218603549	FFAR2	1
GO:0042391	regulation of membrane potential	1/27	443/18866	0.473765135830503	0.489443265753732	0.416695842960698	FXYD1	1
GO:1901342	regulation of vasculature development	1/27	444/18866	0.474536364258694	0.489443265753732	0.416695842960698	HSPB6	1
GO:0001819	positive regulation of cytokine production	1/27	447/18866	0.476843524583083	0.490900436698593	0.417936430210932	FFAR2	1
GO:1901990	regulation of mitotic cell cycle phase transition	1/27	448/18866	0.477610407955484	0.490900436698593	0.417936430210932	HAUS5	1
GO:0048568	embryonic organ development	1/27	451/18866	0.47990456846592	0.492256594712765	0.419091018385789	HPN	1
GO:0044282	small molecule catabolic process	1/27	452/18866	0.480667130325894	0.492256594712765	0.419091018385789	PRODH2	1
GO:0050673	epithelial cell proliferation	1/27	453/18866	0.481428615472044	0.492256594712765	0.419091018385789	HPN	1
GO:0051090	regulation of DNA-binding transcription factor activity	1/27	455/18866	0.482948361468539	0.492880371577658	0.419622081421535	NFKBID	1
GO:0019932	second-messenger-mediated signaling	1/27	456/18866	0.483706625236957	0.492880371577658	0.419622081421535	APLP1	1
GO:0002683	negative regulation of immune system process	1/27	463/18866	0.488984568348409	0.49740082597919	0.423470647106693	NFKBID	1
GO:0052547	regulation of peptidase activity	1/27	466/18866	0.491230603981567	0.498826953527674	0.424684805033802	PSENEN	1
GO:0016570	histone modification	1/27	468/18866	0.492722676572412	0.499381977582925	0.425157334196523	KMT2B	1
GO:0060249	anatomical structure homeostasis	1/27	469/18866	0.493467131824751	0.499381977582925	0.425157334196523	LSR	1
GO:0031667	response to nutrient levels	1/27	473/18866	0.496434445931187	0.501526081274071	0.426982753315533	USF2	1
GO:0016569	covalent chromatin modification	1/27	481/18866	0.50231893715462	0.50549030797227	0.430357765091718	KMT2B	1
GO:0043087	regulation of GTPase activity	1/27	481/18866	0.50231893715462	0.50549030797227	0.430357765091718	ARHGAP33	1
GO:0007409	axonogenesis	1/27	482/18866	0.503049825851754	0.50549030797227	0.430357765091718	MAG	1
GO:0042110	T cell activation	1/27	483/18866	0.503779680872533	0.50549030797227	0.430357765091718	NFKBID	1
GO:0050769	positive regulation of neurogenesis	1/27	485/18866	0.50523629550619	0.505963057925065	0.430760248798969	MAG	1
GO:1901987	regulation of cell cycle phase transition	1/27	486/18866	0.505963057925065	0.505963057925065	0.430760248798969	HAUS5	1
