ID	Description	GeneRatio	BgRatio	pvalue	p.adjust	qvalue	geneID	Count
GO:0031664	regulation of lipopolysaccharide-mediated signaling pathway	2/12	26/18866	0.000119518905857278	0.0501979404600569	0.0288103467803334	LY86/BMP6	2
GO:0031663	lipopolysaccharide-mediated signaling pathway	2/12	59/18866	0.000621925506768719	0.0899611125195529	0.0516318164585905	LY86/BMP6	2
GO:0034332	adherens junction organization	2/12	67/18866	0.000801400061835476	0.0899611125195529	0.0516318164585905	BMP6/DSP	2
GO:0002934	desmosome organization	1/12	10/18866	0.0063439826105709	0.0899611125195529	0.0516318164585905	DSP	1
GO:0032341	aldosterone metabolic process	1/12	10/18866	0.0063439826105709	0.0899611125195529	0.0516318164585905	BMP6	1
GO:0032342	aldosterone biosynthetic process	1/12	10/18866	0.0063439826105709	0.0899611125195529	0.0516318164585905	BMP6	1
GO:0035646	endosome to melanosome transport	1/12	10/18866	0.0063439826105709	0.0899611125195529	0.0516318164585905	BLOC1S5	1
GO:0043485	endosome to pigment granule transport	1/12	10/18866	0.0063439826105709	0.0899611125195529	0.0516318164585905	BLOC1S5	1
GO:0048757	pigment granule maturation	1/12	10/18866	0.0063439826105709	0.0899611125195529	0.0516318164585905	BLOC1S5	1
GO:0072530	purine-containing compound transmembrane transport	1/12	10/18866	0.0063439826105709	0.0899611125195529	0.0516318164585905	SLC35B3	1
GO:0090070	positive regulation of ribosome biogenesis	1/12	10/18866	0.0063439826105709	0.0899611125195529	0.0516318164585905	RIOK1	1
GO:2000048	negative regulation of cell-cell adhesion mediated by cadherin	1/12	10/18866	0.0063439826105709	0.0899611125195529	0.0516318164585905	BMP6	1
GO:2000234	positive regulation of rRNA processing	1/12	10/18866	0.0063439826105709	0.0899611125195529	0.0516318164585905	RIOK1	1
GO:0071281	cellular response to iron ion	1/12	11/18866	0.00697634749223608	0.0899611125195529	0.0516318164585905	BMP6	1
GO:0090030	regulation of steroid hormone biosynthetic process	1/12	11/18866	0.00697634749223608	0.0899611125195529	0.0516318164585905	BMP6	1
GO:2000392	regulation of lamellipodium morphogenesis	1/12	11/18866	0.00697634749223608	0.0899611125195529	0.0516318164585905	RREB1	1
GO:0071222	cellular response to lipopolysaccharide	2/12	208/18866	0.00742393524676019	0.0899611125195529	0.0516318164585905	LY86/BMP6	2
GO:0045216	cell-cell junction organization	2/12	210/18866	0.00756239558940118	0.0899611125195529	0.0516318164585905	BMP6/DSP	2
GO:0043476	pigment accumulation	1/12	12/18866	0.00760834345246353	0.0899611125195529	0.0516318164585905	BLOC1S5	1
GO:0043482	cellular pigment accumulation	1/12	12/18866	0.00760834345246353	0.0899611125195529	0.0516318164585905	BLOC1S5	1
GO:0050679	positive regulation of epithelial cell proliferation	2/12	211/18866	0.00763206780665852	0.0899611125195529	0.0516318164585905	RREB1/BMP6	2
GO:0006705	mineralocorticoid biosynthetic process	1/12	13/18866	0.00823997068692706	0.0899611125195529	0.0516318164585905	BMP6	1
GO:0008212	mineralocorticoid metabolic process	1/12	13/18866	0.00823997068692706	0.0899611125195529	0.0516318164585905	BMP6	1
GO:0032352	positive regulation of hormone metabolic process	1/12	13/18866	0.00823997068692706	0.0899611125195529	0.0516318164585905	BMP6	1
GO:0034309	primary alcohol biosynthetic process	1/12	13/18866	0.00823997068692706	0.0899611125195529	0.0516318164585905	BMP6	1
GO:0071219	cellular response to molecule of bacterial origin	2/12	222/18866	0.00841780836304331	0.0899611125195529	0.0516318164585905	LY86/BMP6	2
GO:0086069	bundle of His cell to Purkinje myocyte communication	1/12	14/18866	0.00887122939120455	0.0899611125195529	0.0516318164585905	DSP	1
GO:2000232	regulation of rRNA processing	1/12	14/18866	0.00887122939120455	0.0899611125195529	0.0516318164585905	RIOK1	1
GO:0043517	positive regulation of DNA damage response, signal transduction by p53 class mediator	1/12	15/18866	0.00950211976078408	0.0899611125195529	0.0516318164585905	EEF1E1	1
GO:0046184	aldehyde biosynthetic process	1/12	15/18866	0.00950211976078408	0.0899611125195529	0.0516318164585905	BMP6	1
GO:0048070	regulation of developmental pigmentation	1/12	15/18866	0.00950211976078408	0.0899611125195529	0.0516318164585905	BLOC1S5	1
GO:0060391	positive regulation of SMAD protein signal transduction	1/12	15/18866	0.00950211976078408	0.0899611125195529	0.0516318164585905	BMP6	1
GO:2000846	regulation of corticosteroid hormone secretion	1/12	15/18866	0.00950211976078408	0.0899611125195529	0.0516318164585905	BMP6	1
GO:0035930	corticosteroid hormone secretion	1/12	16/18866	0.010132641991057	0.0899611125195529	0.0516318164585905	BMP6	1
GO:0090069	regulation of ribosome biogenesis	1/12	16/18866	0.010132641991057	0.0899611125195529	0.0516318164585905	RIOK1	1
GO:0090136	epithelial cell-cell adhesion	1/12	16/18866	0.010132641991057	0.0899611125195529	0.0516318164585905	DSP	1
GO:0071216	cellular response to biotic stimulus	2/12	246/18866	0.0102535758229582	0.0899611125195529	0.0516318164585905	LY86/BMP6	2
GO:0002833	positive regulation of response to biotic stimulus	2/12	251/18866	0.0106566663277138	0.0899611125195529	0.0516318164585905	LY86/BMP6	2
GO:0010566	regulation of ketone biosynthetic process	1/12	17/18866	0.0107627962773222	0.0899611125195529	0.0516318164585905	BMP6	1
GO:0033599	regulation of mammary gland epithelial cell proliferation	1/12	17/18866	0.0107627962773222	0.0899611125195529	0.0516318164585905	RREB1	1
GO:0043117	positive regulation of vascular permeability	1/12	17/18866	0.0107627962773222	0.0899611125195529	0.0516318164585905	BMP6	1
GO:0072673	lamellipodium morphogenesis	1/12	17/18866	0.0107627962773222	0.0899611125195529	0.0516318164585905	RREB1	1
GO:0090336	positive regulation of brown fat cell differentiation	1/12	17/18866	0.0107627962773222	0.0899611125195529	0.0516318164585905	RREB1	1
GO:0035313	wound healing, spreading of epidermal cells	1/12	18/18866	0.0113925828147873	0.0899611125195529	0.0516318164585905	RREB1	1
GO:0046885	regulation of hormone biosynthetic process	1/12	18/18866	0.0113925828147873	0.0899611125195529	0.0516318164585905	BMP6	1
GO:2000831	regulation of steroid hormone secretion	1/12	18/18866	0.0113925828147873	0.0899611125195529	0.0516318164585905	BMP6	1
GO:0032026	response to magnesium ion	1/12	19/18866	0.0120220017985636	0.0899611125195529	0.0516318164585905	BMP6	1
GO:0048490	anterograde synaptic vesicle transport	1/12	19/18866	0.0120220017985636	0.0899611125195529	0.0516318164585905	BLOC1S5	1
GO:0098911	regulation of ventricular cardiac muscle cell action potential	1/12	19/18866	0.0120220017985636	0.0899611125195529	0.0516318164585905	DSP	1
GO:0099514	synaptic vesicle cytoskeletal transport	1/12	19/18866	0.0120220017985636	0.0899611125195529	0.0516318164585905	BLOC1S5	1
GO:0099517	synaptic vesicle transport along microtubule	1/12	19/18866	0.0120220017985636	0.0899611125195529	0.0516318164585905	BLOC1S5	1
GO:0003323	type B pancreatic cell development	1/12	20/18866	0.012651053423672	0.0899611125195529	0.0516318164585905	BMP6	1
GO:0032332	positive regulation of chondrocyte differentiation	1/12	20/18866	0.012651053423672	0.0899611125195529	0.0516318164585905	BMP6	1
GO:2000774	positive regulation of cellular senescence	1/12	20/18866	0.012651053423672	0.0899611125195529	0.0516318164585905	EEF1E1	1
GO:0010893	positive regulation of steroid biosynthetic process	1/12	21/18866	0.013279737885039	0.0899611125195529	0.0516318164585905	BMP6	1
GO:0035929	steroid hormone secretion	1/12	21/18866	0.013279737885039	0.0899611125195529	0.0516318164585905	BMP6	1
GO:2000047	regulation of cell-cell adhesion mediated by cadherin	1/12	21/18866	0.013279737885039	0.0899611125195529	0.0516318164585905	BMP6	1
GO:0032402	melanosome transport	1/12	22/18866	0.0139080553774972	0.0899611125195529	0.0516318164585905	BLOC1S5	1
GO:1901798	positive regulation of signal transduction by p53 class mediator	1/12	22/18866	0.0139080553774972	0.0899611125195529	0.0516318164585905	EEF1E1	1
GO:0030539	male genitalia development	1/12	23/18866	0.0145360060957876	0.0899611125195529	0.0516318164585905	BMP6	1
GO:0032401	establishment of melanosome localization	1/12	23/18866	0.0145360060957876	0.0899611125195529	0.0516318164585905	BLOC1S5	1
GO:0051904	pigment granule transport	1/12	23/18866	0.0145360060957876	0.0899611125195529	0.0516318164585905	BLOC1S5	1
GO:0090343	positive regulation of cell aging	1/12	23/18866	0.0145360060957876	0.0899611125195529	0.0516318164585905	EEF1E1	1
GO:0034035	purine ribonucleoside bisphosphate metabolic process	1/12	24/18866	0.0151635902345582	0.0899611125195529	0.0516318164585905	SLC35B3	1
GO:0050427	3'-phosphoadenosine 5'-phosphosulfate metabolic process	1/12	24/18866	0.0151635902345582	0.0899611125195529	0.0516318164585905	SLC35B3	1
GO:0051905	establishment of pigment granule localization	1/12	24/18866	0.0151635902345582	0.0899611125195529	0.0516318164585905	BLOC1S5	1
GO:0090335	regulation of brown fat cell differentiation	1/12	24/18866	0.0151635902345582	0.0899611125195529	0.0516318164585905	RREB1	1
GO:0003309	type B pancreatic cell differentiation	1/12	25/18866	0.0157908079883632	0.0899611125195529	0.0516318164585905	BMP6	1
GO:0032400	melanosome localization	1/12	25/18866	0.0157908079883632	0.0899611125195529	0.0516318164585905	BLOC1S5	1
GO:0045109	intermediate filament organization	1/12	25/18866	0.0157908079883632	0.0899611125195529	0.0516318164585905	DSP	1
GO:0002068	glandular epithelial cell development	1/12	26/18866	0.0164176595516631	0.0899611125195529	0.0516318164585905	BMP6	1
GO:0006700	C21-steroid hormone biosynthetic process	1/12	26/18866	0.0164176595516631	0.0899611125195529	0.0516318164585905	BMP6	1
GO:0051875	pigment granule localization	1/12	26/18866	0.0164176595516631	0.0899611125195529	0.0516318164585905	BLOC1S5	1
GO:0060390	regulation of SMAD protein signal transduction	1/12	26/18866	0.0164176595516631	0.0899611125195529	0.0516318164585905	BMP6	1
GO:0032438	melanosome organization	1/12	27/18866	0.0170441451188276	0.0899611125195529	0.0516318164585905	BLOC1S5	1
GO:0045603	positive regulation of endothelial cell differentiation	1/12	27/18866	0.0170441451188276	0.0899611125195529	0.0516318164585905	BMP6	1
GO:0033598	mammary gland epithelial cell proliferation	1/12	28/18866	0.0176702648841326	0.0899611125195529	0.0516318164585905	RREB1	1
GO:0035883	enteroendocrine cell differentiation	1/12	28/18866	0.0176702648841326	0.0899611125195529	0.0516318164585905	BMP6	1
GO:0044331	cell-cell adhesion mediated by cadherin	1/12	28/18866	0.0176702648841326	0.0899611125195529	0.0516318164585905	BMP6	1
GO:0048753	pigment granule organization	1/12	28/18866	0.0176702648841326	0.0899611125195529	0.0516318164585905	BLOC1S5	1
GO:1902932	positive regulation of alcohol biosynthetic process	1/12	28/18866	0.0176702648841326	0.0899611125195529	0.0516318164585905	BMP6	1
GO:0001958	endochondral ossification	1/12	29/18866	0.0182960190417599	0.0899611125195529	0.0516318164585905	BMP6	1
GO:0036075	replacement ossification	1/12	29/18866	0.0182960190417599	0.0899611125195529	0.0516318164585905	BMP6	1
GO:0032496	response to lipopolysaccharide	2/12	334/18866	0.0183433188824874	0.0899611125195529	0.0516318164585905	LY86/BMP6	2
GO:0045940	positive regulation of steroid metabolic process	1/12	31/18866	0.0195464313102526	0.0899611125195529	0.0516318164585905	BMP6	1
GO:0032350	regulation of hormone metabolic process	1/12	32/18866	0.0201710898090195	0.0899611125195529	0.0516318164585905	BMP6	1
GO:0051503	adenine nucleotide transport	1/12	32/18866	0.0201710898090195	0.0899611125195529	0.0516318164585905	SLC35B3	1
GO:0061036	positive regulation of cartilage development	1/12	32/18866	0.0201710898090195	0.0899611125195529	0.0516318164585905	BMP6	1
GO:0002237	response to molecule of bacterial origin	2/12	356/18866	0.0206821241396584	0.0899611125195529	0.0516318164585905	LY86/BMP6	2
GO:0010039	response to iron ion	1/12	33/18866	0.0207953834759137	0.0899611125195529	0.0516318164585905	BMP6	1
GO:0015868	purine ribonucleotide transport	1/12	33/18866	0.0207953834759137	0.0899611125195529	0.0516318164585905	SLC35B3	1
GO:0044319	wound healing, spreading of cells	1/12	33/18866	0.0207953834759137	0.0899611125195529	0.0516318164585905	RREB1	1
GO:0090505	epiboly involved in wound healing	1/12	33/18866	0.0207953834759137	0.0899611125195529	0.0516318164585905	RREB1	1
GO:0120255	olefinic compound biosynthetic process	1/12	33/18866	0.0207953834759137	0.0899611125195529	0.0516318164585905	BMP6	1
GO:1902745	positive regulation of lamellipodium organization	1/12	33/18866	0.0207953834759137	0.0899611125195529	0.0516318164585905	RREB1	1
GO:0015865	purine nucleotide transport	1/12	34/18866	0.0214193125046555	0.0899611125195529	0.0516318164585905	SLC35B3	1
GO:0018149	peptide cross-linking	1/12	34/18866	0.0214193125046555	0.0899611125195529	0.0516318164585905	DSP	1
GO:0043516	regulation of DNA damage response, signal transduction by p53 class mediator	1/12	34/18866	0.0214193125046555	0.0899611125195529	0.0516318164585905	EEF1E1	1
GO:0090504	epiboly	1/12	34/18866	0.0214193125046555	0.0899611125195529	0.0516318164585905	RREB1	1
GO:0098901	regulation of cardiac muscle cell action potential	1/12	34/18866	0.0214193125046555	0.0899611125195529	0.0516318164585905	DSP	1
GO:0050931	pigment cell differentiation	1/12	36/18866	0.0226660774220941	0.0933309070321524	0.0535658589232153	BLOC1S5	1
GO:1905332	positive regulation of morphogenesis of an epithelium	1/12	36/18866	0.0226660774220941	0.0933309070321524	0.0535658589232153	RREB1	1
GO:0006862	nucleotide transport	1/12	38/18866	0.0239113861092414	0.0956455444369655	0.0548943099650754	SLC35B3	1
GO:0086005	ventricular cardiac muscle cell action potential	1/12	38/18866	0.0239113861092414	0.0956455444369655	0.0548943099650754	DSP	1
GO:1900026	positive regulation of substrate adhesion-dependent cell spreading	1/12	38/18866	0.0239113861092414	0.0956455444369655	0.0548943099650754	RREB1	1
GO:0086091	regulation of heart rate by cardiac conduction	1/12	39/18866	0.0245334948497707	0.0957127197034154	0.054932864190682	DSP	1
GO:0050678	regulation of epithelial cell proliferation	2/12	395/18866	0.0251209828206577	0.0957127197034154	0.054932864190682	RREB1/BMP6	2
GO:0008207	C21-steroid hormone metabolic process	1/12	40/18866	0.0251552401125211	0.0957127197034154	0.054932864190682	BMP6	1
GO:0030501	positive regulation of bone mineralization	1/12	40/18866	0.0251552401125211	0.0957127197034154	0.054932864190682	BMP6	1
GO:0140353	lipid export from cell	1/12	40/18866	0.0251552401125211	0.0957127197034154	0.054932864190682	BMP6	1
GO:0002831	regulation of response to biotic stimulus	2/12	409/18866	0.026802968276913	0.0957127197034154	0.054932864190682	LY86/BMP6	2
GO:0086004	regulation of cardiac muscle cell contraction	1/12	43/18866	0.0270182969643591	0.0957127197034154	0.054932864190682	DSP	1
GO:0042181	ketone biosynthetic process	1/12	44/18866	0.027638590245793	0.0957127197034154	0.054932864190682	BMP6	1
GO:0044060	regulation of endocrine process	1/12	44/18866	0.027638590245793	0.0957127197034154	0.054932864190682	BMP6	1
GO:0048489	synaptic vesicle transport	1/12	44/18866	0.027638590245793	0.0957127197034154	0.054932864190682	BLOC1S5	1
GO:0006418	tRNA aminoacylation for protein translation	1/12	45/18866	0.0282585210138863	0.0957127197034154	0.054932864190682	EEF1E1	1
GO:0031018	endocrine pancreas development	1/12	45/18866	0.0282585210138863	0.0957127197034154	0.054932864190682	BMP6	1
GO:0043114	regulation of vascular permeability	1/12	45/18866	0.0282585210138863	0.0957127197034154	0.054932864190682	BMP6	1
GO:0048066	developmental pigmentation	1/12	46/18866	0.02887808946125	0.0957127197034154	0.054932864190682	BLOC1S5	1
GO:0048806	genitalia development	1/12	47/18866	0.0294972957804031	0.0957127197034154	0.054932864190682	BMP6	1
GO:0060986	endocrine hormone secretion	1/12	47/18866	0.0294972957804031	0.0957127197034154	0.054932864190682	BMP6	1
GO:1903115	regulation of actin filament-based movement	1/12	47/18866	0.0294972957804031	0.0957127197034154	0.054932864190682	DSP	1
GO:0008089	anterograde axonal transport	1/12	48/18866	0.0301161401637733	0.0957127197034154	0.054932864190682	BLOC1S5	1
GO:0010862	positive regulation of pathway-restricted SMAD protein phosphorylation	1/12	48/18866	0.0301161401637733	0.0957127197034154	0.054932864190682	BMP6	1
GO:0043039	tRNA aminoacylation	1/12	48/18866	0.0301161401637733	0.0957127197034154	0.054932864190682	EEF1E1	1
GO:0045601	regulation of endothelial cell differentiation	1/12	48/18866	0.0301161401637733	0.0957127197034154	0.054932864190682	BMP6	1
GO:0055010	ventricular cardiac muscle tissue morphogenesis	1/12	48/18866	0.0301161401637733	0.0957127197034154	0.054932864190682	DSP	1
GO:0070169	positive regulation of biomineral tissue development	1/12	48/18866	0.0301161401637733	0.0957127197034154	0.054932864190682	BMP6	1
GO:0110151	positive regulation of biomineralization	1/12	48/18866	0.0301161401637733	0.0957127197034154	0.054932864190682	BMP6	1
GO:0002067	glandular epithelial cell differentiation	1/12	49/18866	0.0307346228036938	0.0957127197034154	0.054932864190682	BMP6	1
GO:0043038	amino acid activation	1/12	49/18866	0.0307346228036938	0.0957127197034154	0.054932864190682	EEF1E1	1
GO:0047496	vesicle transport along microtubule	1/12	49/18866	0.0307346228036938	0.0957127197034154	0.054932864190682	BLOC1S5	1
GO:0072348	sulfur compound transport	1/12	49/18866	0.0307346228036938	0.0957127197034154	0.054932864190682	SLC35B3	1
GO:0120178	steroid hormone biosynthetic process	1/12	49/18866	0.0307346228036938	0.0957127197034154	0.054932864190682	BMP6	1
GO:0045104	intermediate filament cytoskeleton organization	1/12	50/18866	0.0313527438924095	0.0957127197034154	0.054932864190682	DSP	1
GO:0050873	brown fat cell differentiation	1/12	50/18866	0.0313527438924095	0.0957127197034154	0.054932864190682	RREB1	1
GO:1902743	regulation of lamellipodium organization	1/12	50/18866	0.0313527438924095	0.0957127197034154	0.054932864190682	RREB1	1
GO:0030490	maturation of SSU-rRNA	1/12	51/18866	0.0319705036220698	0.0957127197034154	0.054932864190682	RIOK1	1
GO:0043277	apoptotic cell clearance	1/12	51/18866	0.0319705036220698	0.0957127197034154	0.054932864190682	TXNDC5	1
GO:0045103	intermediate filament-based process	1/12	51/18866	0.0319705036220698	0.0957127197034154	0.054932864190682	DSP	1
GO:0050673	epithelial cell proliferation	2/12	453/18866	0.0323817032873236	0.0957127197034154	0.054932864190682	RREB1/BMP6	2
GO:0032330	regulation of chondrocyte differentiation	1/12	52/18866	0.0325879021847343	0.0957127197034154	0.054932864190682	BMP6	1
GO:0033059	cellular pigmentation	1/12	52/18866	0.0325879021847343	0.0957127197034154	0.054932864190682	BLOC1S5	1
GO:1900024	regulation of substrate adhesion-dependent cell spreading	1/12	53/18866	0.0332049397723706	0.0961798255475562	0.055200952507244	RREB1	1
GO:2000772	regulation of cellular senescence	1/12	53/18866	0.0332049397723706	0.0961798255475562	0.055200952507244	EEF1E1	1
GO:0003229	ventricular cardiac muscle tissue development	1/12	55/18866	0.0344379327899659	0.0983940936856168	0.0564717981303415	DSP	1
GO:0060350	endochondral bone morphogenesis	1/12	55/18866	0.0344379327899659	0.0983940936856168	0.0564717981303415	BMP6	1
GO:0086002	cardiac muscle cell action potential involved in contraction	1/12	56/18866	0.0350538886034002	0.0988096188820677	0.0567102825162744	DSP	1
GO:0086065	cell communication involved in cardiac conduction	1/12	56/18866	0.0350538886034002	0.0988096188820677	0.0567102825162744	DSP	1
GO:0097479	synaptic vesicle localization	1/12	57/18866	0.0356694842087576	0.099213134885286	0.0569418744078459	BLOC1S5	1
GO:0098900	regulation of action potential	1/12	57/18866	0.0356694842087576	0.099213134885286	0.0569418744078459	DSP	1
GO:0002011	morphogenesis of an epithelial sheet	1/12	58/18866	0.0362847197975439	0.100217180383757	0.0575181310974445	RREB1	1
GO:0045454	cell redox homeostasis	1/12	59/18866	0.0368995955611783	0.100217180383757	0.0575181310974445	TXNDC5	1
GO:0098930	axonal transport	1/12	59/18866	0.0368995955611783	0.100217180383757	0.0575181310974445	BLOC1S5	1
GO:0043312	neutrophil degranulation	2/12	487/18866	0.0369849118082913	0.100217180383757	0.0575181310974445	DSP/TXNDC5	2
GO:0002283	neutrophil activation involved in immune response	2/12	490/18866	0.0374028950748463	0.100700102124586	0.0577952967080959	DSP/TXNDC5	2
GO:0034660	ncRNA metabolic process	2/12	493/18866	0.0378227617065814	0.100716180621651	0.0578045247176895	RIOK1/EEF1E1	2
GO:0090303	positive regulation of wound healing	1/12	61/18866	0.0381282683781965	0.100716180621651	0.0578045247176895	RREB1	1
GO:0090342	regulation of cell aging	1/12	61/18866	0.0381282683781965	0.100716180621651	0.0578045247176895	EEF1E1	1
GO:0034113	heterotypic cell-cell adhesion	1/12	62/18866	0.0387420658139562	0.101066258645103	0.0580054466910492	DSP	1
GO:0060393	regulation of pathway-restricted SMAD protein phosphorylation	1/12	62/18866	0.0387420658139562	0.101066258645103	0.0580054466910492	BMP6	1
GO:0006081	cellular aldehyde metabolic process	1/12	63/18866	0.0393555041893144	0.101406820610503	0.0582009070671812	BMP6	1
GO:0055008	cardiac muscle tissue morphogenesis	1/12	63/18866	0.0393555041893144	0.101406820610503	0.0582009070671812	DSP	1
GO:0002066	columnar/cuboidal epithelial cell development	1/12	64/18866	0.0399685836952298	0.102358567999979	0.0587471480501131	BMP6	1
GO:0060389	pathway-restricted SMAD protein phosphorylation	1/12	65/18866	0.04058130452257	0.103284598705336	0.0592786293321352	BMP6	1
GO:0045669	positive regulation of osteoblast differentiation	1/12	66/18866	0.0411936668621123	0.103284598705336	0.0592786293321352	BMP6	1
GO:0033866	nucleoside bisphosphate biosynthetic process	1/12	67/18866	0.0418056709045408	0.103284598705336	0.0592786293321352	SLC35B3	1
GO:0034030	ribonucleoside bisphosphate biosynthetic process	1/12	67/18866	0.0418056709045408	0.103284598705336	0.0592786293321352	SLC35B3	1
GO:0034033	purine nucleoside bisphosphate biosynthetic process	1/12	67/18866	0.0418056709045408	0.103284598705336	0.0592786293321352	SLC35B3	1
GO:0036498	IRE1-mediated unfolded protein response	1/12	67/18866	0.0418056709045408	0.103284598705336	0.0592786293321352	SSR1	1
GO:0042446	hormone biosynthetic process	1/12	68/18866	0.0424173168404492	0.10418288346777	0.0597941862509257	BMP6	1
GO:0006879	cellular iron ion homeostasis	1/12	70/18866	0.0436395351546257	0.105336808993924	0.060456464309796	BMP6	1
GO:0008088	axo-dendritic transport	1/12	70/18866	0.0436395351546257	0.105336808993924	0.060456464309796	BLOC1S5	1
GO:0032370	positive regulation of lipid transport	1/12	70/18866	0.0436395351546257	0.105336808993924	0.060456464309796	BMP6	1
GO:0014823	response to activity	1/12	71/18866	0.0442501079136244	0.10559684843024	0.0606057100013157	BMP6	1
GO:0061180	mammary gland epithelium development	1/12	71/18866	0.0442501079136244	0.10559684843024	0.0606057100013157	RREB1	1
GO:0045600	positive regulation of fat cell differentiation	1/12	72/18866	0.0448603233275665	0.105850201109988	0.0607511179302941	RREB1	1
GO:0061035	regulation of cartilage development	1/12	72/18866	0.0448603233275665	0.105850201109988	0.0607511179302941	BMP6	1
GO:0003208	cardiac ventricle morphogenesis	1/12	73/18866	0.0454701815865887	0.105996256799936	0.0608349443789108	DSP	1
GO:0086003	cardiac muscle cell contraction	1/12	74/18866	0.0460796828807386	0.105996256799936	0.0608349443789108	DSP	1
GO:1903036	positive regulation of response to wounding	1/12	74/18866	0.0460796828807386	0.105996256799936	0.0608349443789108	RREB1	1
GO:0030858	positive regulation of epithelial cell differentiation	1/12	75/18866	0.0466888273999719	0.105996256799936	0.0608349443789108	BMP6	1
GO:0042274	ribosomal small subunit biogenesis	1/12	75/18866	0.0466888273999719	0.105996256799936	0.0608349443789108	RIOK1	1
GO:0086001	cardiac muscle cell action potential	1/12	75/18866	0.0466888273999719	0.105996256799936	0.0608349443789108	DSP	1
GO:0099518	vesicle cytoskeletal trafficking	1/12	75/18866	0.0466888273999719	0.105996256799936	0.0608349443789108	BLOC1S5	1
GO:0060415	muscle tissue morphogenesis	1/12	76/18866	0.0472976153341534	0.106801066883572	0.061296852923153	DSP	1
GO:0030500	regulation of bone mineralization	1/12	77/18866	0.0479060468730566	0.107596468912747	0.0617533618571908	BMP6	1
GO:0060395	SMAD protein signal transduction	1/12	78/18866	0.0485141222063645	0.108016614868802	0.0619944982580343	BMP6	1
GO:0031016	pancreas development	1/12	79/18866	0.0491218415236695	0.108016614868802	0.0619944982580343	BMP6	1
GO:0071260	cellular response to mechanical stimulus	1/12	79/18866	0.0491218415236695	0.108016614868802	0.0619944982580343	BMP6	1
GO:0090398	cellular senescence	1/12	79/18866	0.0491218415236695	0.108016614868802	0.0619944982580343	EEF1E1	1
GO:1902930	regulation of alcohol biosynthetic process	1/12	82/18866	0.0509428652741242	0.111437517787147	0.0639578736171844	BMP6	1
GO:0048644	muscle organ morphogenesis	1/12	83/18866	0.0515491624215212	0.111601279469273	0.0640518621515375	DSP	1
GO:0055117	regulation of cardiac muscle contraction	1/12	83/18866	0.0515491624215212	0.111601279469273	0.0640518621515375	DSP	1
GO:0050886	endocrine process	1/12	84/18866	0.0521551044995141	0.112334071229723	0.0644724368711942	BMP6	1
GO:0072384	organelle transport along microtubule	1/12	85/18866	0.0527606916971506	0.113058625065323	0.0648882835587942	BLOC1S5	1
GO:0034109	homotypic cell-cell adhesion	1/12	86/18866	0.0533659242033876	0.113775066829557	0.0652994744460367	DSP	1
GO:0055072	iron ion homeostasis	1/12	87/18866	0.0539708022070912	0.11390822576371	0.065375898997217	BMP6	1
GO:0097581	lamellipodium organization	1/12	87/18866	0.0539708022070912	0.11390822576371	0.065375898997217	RREB1	1
GO:0046889	positive regulation of lipid biosynthetic process	1/12	88/18866	0.0545753258970383	0.11460818438378	0.0657776296337988	BMP6	1
GO:0034308	primary alcohol metabolic process	1/12	94/18866	0.0581950380078885	0.119228858357625	0.068429595398236	BMP6	1
GO:0045778	positive regulation of ossification	1/12	94/18866	0.0581950380078885	0.119228858357625	0.068429595398236	BMP6	1
GO:0060349	bone morphogenesis	1/12	94/18866	0.0581950380078885	0.119228858357625	0.068429595398236	BMP6	1
GO:1901264	carbohydrate derivative transport	1/12	94/18866	0.0581950380078885	0.119228858357625	0.068429595398236	SLC35B3	1
GO:1905954	positive regulation of lipid localization	1/12	94/18866	0.0581950380078885	0.119228858357625	0.068429595398236	BMP6	1
GO:0070167	regulation of biomineral tissue development	1/12	95/18866	0.0587970867796713	0.119298436944261	0.0684695289730218	BMP6	1
GO:0110149	regulation of biomineralization	1/12	95/18866	0.0587970867796713	0.119298436944261	0.0684695289730218	BMP6	1
GO:0006942	regulation of striated muscle contraction	1/12	98/18866	0.0606011170059672	0.121782149007207	0.069895017851254	DSP	1
GO:0050810	regulation of steroid biosynthetic process	1/12	98/18866	0.0606011170059672	0.121782149007207	0.069895017851254	BMP6	1
GO:0043473	pigmentation	1/12	99/18866	0.0612017556779582	0.122403511355916	0.0702516393496362	BLOC1S5	1
GO:0002027	regulation of heart rate	1/12	104/18866	0.0641996719562619	0.127790816216256	0.073343601287024	DSP	1
GO:2001022	positive regulation of response to DNA damage stimulus	1/12	105/18866	0.0647982011075533	0.12837379464704	0.0736781929177245	EEF1E1	1
GO:0034446	substrate adhesion-dependent cell spreading	1/12	106/18866	0.0653963793276221	0.128950607124889	0.0740092456932318	RREB1	1
GO:0030330	DNA damage response, signal transduction by p53 class mediator	1/12	107/18866	0.065994206803532	0.129483829459943	0.0743152805672354	EEF1E1	1
GO:0002062	chondrocyte differentiation	1/12	108/18866	0.0665916837222563	0.129483829459943	0.0743152805672354	BMP6	1
GO:0032526	response to retinoic acid	1/12	108/18866	0.0665916837222563	0.129483829459943	0.0743152805672354	BMP6	1
GO:0006613	cotranslational protein targeting to membrane	1/12	109/18866	0.0671888102706799	0.130042858588413	0.0746361268590138	SSR1	1
GO:0090100	positive regulation of transmembrane receptor protein serine/threonine kinase signaling pathway	1/12	110/18866	0.0677855866355974	0.130596084343812	0.0749536423928141	BMP6	1
GO:0001938	positive regulation of endothelial cell proliferation	1/12	113/18866	0.0695738164959095	0.1328227405831	0.0762315979787717	BMP6	1
GO:0070268	cornification	1/12	113/18866	0.0695738164959095	0.1328227405831	0.0762315979787717	DSP	1
GO:0046916	cellular transition metal ion homeostasis	1/12	116/18866	0.0713589014206614	0.135517297416932	0.0777780980162343	BMP6	1
GO:0030282	bone mineralization	1/12	117/18866	0.0719532317237521	0.135517297416932	0.0777780980162343	BMP6	1
GO:0045446	endothelial cell differentiation	1/12	117/18866	0.0719532317237521	0.135517297416932	0.0777780980162343	BMP6	1
GO:0007569	cell aging	1/12	118/18866	0.0725472133344683	0.136026025002128	0.0780700744999683	EEF1E1	1
GO:0002065	columnar/cuboidal epithelial cell differentiation	1/12	121/18866	0.0743270678718129	0.138129949142307	0.0792775898586174	BMP6	1
GO:0120254	olefinic compound metabolic process	1/12	121/18866	0.0743270678718129	0.138129949142307	0.0792775898586174	BMP6	1
GO:0010811	positive regulation of cell-substrate adhesion	1/12	122/18866	0.0749196565720283	0.138617866785251	0.0795576227915348	RREB1	1
GO:0070252	actin-mediated cell contraction	1/12	123/18866	0.0755118975089216	0.139100863832224	0.0798348316230058	DSP	1
GO:0030968	endoplasmic reticulum unfolded protein response	1/12	125/18866	0.0766953368348271	0.140052354220119	0.0803809251037776	SSR1	1
GO:0035270	endocrine system development	1/12	125/18866	0.0766953368348271	0.140052354220119	0.0803809251037776	BMP6	1
GO:0003206	cardiac chamber morphogenesis	1/12	131/18866	0.080237327770953	0.143402883675746	0.0823039106810672	DSP	1
GO:0003231	cardiac ventricle development	1/12	131/18866	0.080237327770953	0.143402883675746	0.0823039106810672	DSP	1
GO:0019218	regulation of steroid metabolic process	1/12	131/18866	0.080237327770953	0.143402883675746	0.0823039106810672	BMP6	1
GO:0045667	regulation of osteoblast differentiation	1/12	131/18866	0.080237327770953	0.143402883675746	0.0823039106810672	BMP6	1
GO:0046887	positive regulation of hormone secretion	1/12	131/18866	0.080237327770953	0.143402883675746	0.0823039106810672	BMP6	1
GO:0042770	signal transduction in response to DNA damage	1/12	133/18866	0.0814152206705593	0.144535528656938	0.0829539750938315	EEF1E1	1
GO:0034754	cellular hormone metabolic process	1/12	134/18866	0.0820036484371721	0.144535528656938	0.0829539750938315	BMP6	1
GO:0003158	endothelium development	1/12	135/18866	0.0825917306611074	0.144535528656938	0.0829539750938315	BMP6	1
GO:0015748	organophosphate ester transport	1/12	135/18866	0.0825917306611074	0.144535528656938	0.0829539750938315	SLC35B3	1
GO:0032368	regulation of lipid transport	1/12	135/18866	0.0825917306611074	0.144535528656938	0.0829539750938315	BMP6	1
GO:0001508	action potential	1/12	138/18866	0.0843539059211691	0.144606695864861	0.0829948204337174	DSP	1
GO:0033865	nucleoside bisphosphate metabolic process	1/12	138/18866	0.0843539059211691	0.144606695864861	0.0829948204337174	SLC35B3	1
GO:0033875	ribonucleoside bisphosphate metabolic process	1/12	138/18866	0.0843539059211691	0.144606695864861	0.0829948204337174	SLC35B3	1
GO:0034032	purine nucleoside bisphosphate metabolic process	1/12	138/18866	0.0843539059211691	0.144606695864861	0.0829948204337174	SLC35B3	1
GO:0055076	transition metal ion homeostasis	1/12	138/18866	0.0843539059211691	0.144606695864861	0.0829948204337174	BMP6	1
GO:0060048	cardiac muscle contraction	1/12	140/18866	0.085526965094193	0.146021647721793	0.0838069105972195	DSP	1
GO:0030879	mammary gland development	1/12	142/18866	0.0866986465185372	0.14742279974812	0.0846110805571917	RREB1	1
GO:0045598	regulation of fat cell differentiation	1/12	143/18866	0.0872839710347609	0.147819628365321	0.0848388343249586	RREB1	1
GO:0034620	cellular response to unfolded protein	1/12	146/18866	0.0890378820045958	0.15018437928486	0.0861960472587294	SSR1	1
GO:0051384	response to glucocorticoid	1/12	147/18866	0.089621832080234	0.150564677894793	0.0864143138794677	BMP6	1
GO:0061337	cardiac conduction	1/12	148/18866	0.090205439004484	0.150941372039376	0.0866305117719724	DSP	1
GO:0061041	regulation of wound healing	1/12	151/18866	0.091954202701735	0.153257004502892	0.0879595339126873	RREB1	1
GO:0030048	actin filament-based movement	1/12	153/18866	0.0931183327682731	0.153975195916042	0.0883717289843951	DSP	1
GO:0045834	positive regulation of lipid metabolic process	1/12	153/18866	0.0931183327682731	0.153975195916042	0.0883717289843951	BMP6	1
GO:0062013	positive regulation of small molecule metabolic process	1/12	154/18866	0.0936998846309771	0.154329221745139	0.0885749167409443	BMP6	1
GO:0030509	BMP signaling pathway	1/12	155/18866	0.0942810946237321	0.154679920867061	0.088776195184353	BMP6	1
GO:0010770	positive regulation of cell morphogenesis involved in differentiation	1/12	157/18866	0.0954424897301489	0.155976053255496	0.0895200907155605	RREB1	1
GO:0010970	transport along microtubule	1/12	161/18866	0.0977611855369751	0.158891957498922	0.0911936297424889	BLOC1S5	1
GO:0031214	biomineral tissue development	1/12	163/18866	0.0989184891544332	0.158891957498922	0.0911936297424889	BMP6	1
GO:0110148	biomineralization	1/12	163/18866	0.0989184891544332	0.158891957498922	0.0911936297424889	BMP6	1
GO:0031960	response to corticosteroid	1/12	164/18866	0.0994966305290866	0.158891957498922	0.0911936297424889	BMP6	1
GO:0046165	alcohol biosynthetic process	1/12	164/18866	0.0994966305290866	0.158891957498922	0.0911936297424889	BMP6	1
GO:0046661	male sex differentiation	1/12	164/18866	0.0994966305290866	0.158891957498922	0.0911936297424889	BMP6	1
GO:0035967	cellular response to topologically incorrect protein	1/12	166/18866	0.100651893319848	0.160128012099759	0.0919030445384581	SSR1	1
GO:0071772	response to BMP	1/12	168/18866	0.101805797377669	0.160745995859477	0.0922577269469181	BMP6	1
GO:0071773	cellular response to BMP stimulus	1/12	168/18866	0.101805797377669	0.160745995859477	0.0922577269469181	BMP6	1
GO:0030856	regulation of epithelial cell differentiation	1/12	171/18866	0.103534109018011	0.162241850519238	0.0931162500473824	BMP6	1
GO:1905952	regulation of lipid localization	1/12	171/18866	0.103534109018011	0.162241850519238	0.0931162500473824	BMP6	1
GO:0050714	positive regulation of protein secretion	1/12	172/18866	0.104109535104761	0.162241850519238	0.0931162500473824	BMP6	1
GO:0006937	regulation of muscle contraction	1/12	173/18866	0.104684622596937	0.162241850519238	0.0931162500473824	DSP	1
GO:0009152	purine ribonucleotide biosynthetic process	1/12	173/18866	0.104684622596937	0.162241850519238	0.0931162500473824	SLC35B3	1
GO:0003205	cardiac chamber development	1/12	174/18866	0.105259371675675	0.162532853322733	0.0932832666939996	DSP	1
GO:0010634	positive regulation of epithelial cell migration	1/12	176/18866	0.106407855316934	0.163704392795283	0.0939556540103253	RREB1	1
GO:0006941	striated muscle contraction	1/12	178/18866	0.107554987475872	0.164865309269584	0.0946219444178816	DSP	1
GO:1901796	regulation of signal transduction by p53 class mediator	1/12	180/18866	0.108700769598424	0.16601572084123	0.0952822056958437	EEF1E1	1
GO:1905330	regulation of morphogenesis of an epithelium	1/12	181/18866	0.109273154847532	0.166285235637548	0.0954368896265627	RREB1	1
GO:0006986	response to unfolded protein	1/12	183/18866	0.110416914623596	0.166816921373779	0.0957420425929706	SSR1	1
GO:1903034	regulation of response to wounding	1/12	183/18866	0.110416914623596	0.166816921373779	0.0957420425929706	RREB1	1
GO:0001936	regulation of endothelial cell proliferation	1/12	184/18866	0.110988289511169	0.167079145500685	0.0958925421545283	BMP6	1
GO:0006399	tRNA metabolic process	1/12	186/18866	0.112130030186279	0.167596486399421	0.096189462118966	EEF1E1	1
GO:0009260	ribonucleotide biosynthetic process	1/12	186/18866	0.112130030186279	0.167596486399421	0.096189462118966	SLC35B3	1
GO:0010565	regulation of cellular ketone metabolic process	1/12	189/18866	0.113840121148913	0.169197118569927	0.0971081206829909	BMP6	1
GO:0003018	vascular process in circulatory system	1/12	190/18866	0.114409480175856	0.169197118569927	0.0971081206829909	BMP6	1
GO:0099111	microtubule-based transport	1/12	190/18866	0.114409480175856	0.169197118569927	0.0971081206829909	BLOC1S5	1
GO:0022408	negative regulation of cell-cell adhesion	1/12	191/18866	0.114978503855332	0.169335171089694	0.0971873538334335	BMP6	1
GO:0044272	sulfur compound biosynthetic process	1/12	192/18866	0.11554719236691	0.169335171089694	0.0971873538334335	SLC35B3	1
GO:0002793	positive regulation of peptide secretion	1/12	193/18866	0.116115545890076	0.169335171089694	0.0971873538334335	BMP6	1
GO:0071248	cellular response to metal ion	1/12	193/18866	0.116115545890076	0.169335171089694	0.0971873538334335	BMP6	1
GO:0046390	ribose phosphate biosynthetic process	1/12	194/18866	0.116683564604226	0.169574730566696	0.0973248453628403	SLC35B3	1
GO:0050731	positive regulation of peptidyl-tyrosine phosphorylation	1/12	195/18866	0.11725124868867	0.169699514497635	0.0973964632079158	BMP6	1
GO:0006164	purine nucleotide biosynthetic process	1/12	197/18866	0.118385613685255	0.169699514497635	0.0973964632079158	SLC35B3	1
GO:0006694	steroid biosynthetic process	1/12	197/18866	0.118385613685255	0.169699514497635	0.0973964632079158	BMP6	1
GO:0051216	cartilage development	1/12	197/18866	0.118385613685255	0.169699514497635	0.0973964632079158	BMP6	1
GO:0001935	endothelial cell proliferation	1/12	199/18866	0.119518642312587	0.17074091758941	0.0979941607217417	BMP6	1
GO:0030705	cytoskeleton-dependent intracellular transport	1/12	200/18866	0.120084655935143	0.17096798472122	0.0981244824590463	BLOC1S5	1
GO:0060348	bone development	1/12	204/18866	0.122345376655454	0.173598169578685	0.0996340371767391	BMP6	1
GO:0035966	response to topologically incorrect protein	1/12	205/18866	0.122909724285941	0.173811731313451	0.0997566076961914	SSR1	1
GO:0035637	multicellular organismal signaling	1/12	206/18866	0.123473739253444	0.174023390894115	0.0998780865031387	DSP	1
GO:0046890	regulation of lipid biosynthetic process	1/12	207/18866	0.124037421736239	0.174233167656255	0.0999984846949434	BMP6	1
GO:0072522	purine-containing compound biosynthetic process	1/12	208/18866	0.124600771912516	0.174441080677523	0.100117813220934	SLC35B3	1
GO:0009612	response to mechanical stimulus	1/12	209/18866	0.125163789960381	0.174647148781927	0.100236082884865	BMP6	1
GO:0006612	protein targeting to membrane	1/12	210/18866	0.125726476057849	0.174851390544029	0.100353304347325	SSR1	1
GO:0030278	regulation of ossification	1/12	212/18866	0.126850853113244	0.175254468116982	0.100584644608493	BMP6	1
GO:0051650	establishment of vesicle localization	1/12	212/18866	0.126850853113244	0.175254468116982	0.100584644608493	BLOC1S5	1
GO:0010810	regulation of cell-substrate adhesion	1/12	217/18866	0.129655999064558	0.17854268723644	0.102471868113145	RREB1	1
GO:0002064	epithelial cell development	1/12	221/18866	0.131894165231204	0.179855679860732	0.103225440321072	BMP6	1
GO:0042445	hormone metabolic process	1/12	221/18866	0.131894165231204	0.179855679860732	0.103225440321072	BMP6	1
GO:0071241	cellular response to inorganic substance	1/12	221/18866	0.131894165231204	0.179855679860732	0.103225440321072	BMP6	1
GO:0031424	keratinization	1/12	225/18866	0.134127054262285	0.182308617443883	0.104633266653256	DSP	1
GO:2001020	regulation of response to DNA damage stimulus	1/12	226/18866	0.134684453293928	0.182475710914355	0.104729167417011	EEF1E1	1
GO:0006364	rRNA processing	1/12	227/18866	0.135241523388374	0.182641285604878	0.104824196500043	RIOK1	1
GO:0048705	skeletal system morphogenesis	1/12	228/18866	0.135798264722101	0.182805356356674	0.104918362420247	BMP6	1
GO:0051648	vesicle localization	1/12	229/18866	0.136354677471502	0.182967937821185	0.105011673586595	BLOC1S5	1
GO:0001649	osteoblast differentiation	1/12	231/18866	0.137466517922471	0.183288690563294	0.105195764759384	BMP6	1
GO:0048738	cardiac muscle tissue development	1/12	231/18866	0.137466517922471	0.183288690563294	0.105195764759384	DSP	1
GO:0045444	fat cell differentiation	1/12	235/18866	0.139686263564321	0.185658957901946	0.10655614375826	RREB1	1
GO:0016072	rRNA metabolic process	1/12	238/18866	0.141347634984093	0.187274469064099	0.107483341893931	RIOK1	1
GO:0090092	regulation of transmembrane receptor protein serine/threonine kinase signaling pathway	1/12	254/18866	0.150158720508668	0.198322838407675	0.113824385953277	BMP6	1
GO:0008016	regulation of heart contraction	1/12	256/18866	0.151254259039767	0.198521214989695	0.113938241184562	DSP	1
GO:0090257	regulation of muscle system process	1/12	256/18866	0.151254259039767	0.198521214989695	0.113938241184562	DSP	1
GO:0003007	heart morphogenesis	1/12	258/18866	0.152348502851658	0.198715438502163	0.11404971282455	DSP	1
GO:1901617	organic hydroxy compound biosynthetic process	1/12	258/18866	0.152348502851658	0.198715438502163	0.11404971282455	BMP6	1
GO:0042180	cellular ketone metabolic process	1/12	260/18866	0.153441453335503	0.199521394430065	0.114512279008734	BMP6	1
GO:0015931	nucleobase-containing compound transport	1/12	261/18866	0.153987444013777	0.199613353351193	0.114565057437151	SLC35B3	1
GO:0061448	connective tissue development	1/12	262/18866	0.154533111881116	0.199704329200211	0.114617271646236	BMP6	1
GO:0050730	regulation of peptidyl-tyrosine phosphorylation	1/12	263/18866	0.155078457111035	0.199794331247346	0.114668926956497	BMP6	1
GO:0009165	nucleotide biosynthetic process	1/12	266/18866	0.156712558710192	0.200753125690119	0.115219212488815	SLC35B3	1
GO:0046883	regulation of hormone secretion	1/12	267/18866	0.157256615123927	0.200753125690119	0.115219212488815	BMP6	1
GO:0072331	signal transduction by p53 class mediator	1/12	267/18866	0.157256615123927	0.200753125690119	0.115219212488815	EEF1E1	1
GO:0015850	organic hydroxy compound transport	1/12	268/18866	0.15780034976657	0.200836808793816	0.115267241137303	BMP6	1
GO:1901293	nucleoside phosphate biosynthetic process	1/12	269/18866	0.158343762811134	0.200919578189354	0.115314745376847	SLC35B3	1
GO:0007548	sex differentiation	1/12	280/18866	0.164300130226348	0.207849562334537	0.119292104698268	BMP6	1
GO:0001822	kidney development	1/12	283/18866	0.16591787432544	0.209265787437492	0.120104925622019	BMP6	1
GO:0021700	developmental maturation	1/12	287/18866	0.168070401077173	0.210715129708694	0.120936753642333	BLOC1S5	1
GO:0060047	heart contraction	1/12	287/18866	0.168070401077173	0.210715129708694	0.120936753642333	DSP	1
GO:0072001	renal system development	1/12	292/18866	0.170753898448742	0.213442373060928	0.12250201361141	BMP6	1
GO:0034976	response to endoplasmic reticulum stress	1/12	294/18866	0.171825073904206	0.214144009020078	0.122904706931323	SSR1	1
GO:0003015	heart process	1/12	297/18866	0.17342945904658	0.215504061537171	0.123685288451158	DSP	1
GO:0007162	negative regulation of cell adhesion	1/12	301/18866	0.175564207393831	0.216873432662968	0.124471218245162	BMP6	1
GO:0010632	regulation of epithelial cell migration	1/12	301/18866	0.175564207393831	0.216873432662968	0.124471218245162	RREB1	1
GO:1903522	regulation of blood circulation	1/12	303/18866	0.176629685273806	0.217549758988266	0.124859385484493	DSP	1
GO:0030216	keratinocyte differentiation	1/12	306/18866	0.178225535555452	0.218873464717222	0.1256191063164	DSP	1
GO:0010769	regulation of cell morphogenesis involved in differentiation	1/12	310/18866	0.180348925528529	0.220193455587157	0.126376695061301	RREB1	1
GO:0042254	ribosome biogenesis	1/12	310/18866	0.180348925528529	0.220193455587157	0.126376695061301	RIOK1	1
GO:1903532	positive regulation of secretion by cell	1/12	313/18866	0.181938166144299	0.22148994139306	0.127120793431105	BMP6	1
GO:0046879	hormone secretion	1/12	314/18866	0.182467284993341	0.22149208004972	0.127122020880667	BMP6	1
GO:0098656	anion transmembrane transport	1/12	315/18866	0.182996090113009	0.221493826649751	0.127123023315271	SLC35B3	1
GO:0007568	aging	1/12	319/18866	0.185108176679058	0.223406420129898	0.128220727342723	EEF1E1	1
GO:0009914	hormone transport	1/12	323/18866	0.187215257089748	0.225302028589381	0.129308683075108	BMP6	1
GO:0071496	cellular response to external stimulus	1/12	326/18866	0.188792288599604	0.226550746319524	0.130025365682133	BMP6	1
GO:0001655	urogenital system development	1/12	330/18866	0.190890634187846	0.227722979791733	0.13069815130904	BMP6	1
GO:0071214	cellular response to abiotic stimulus	1/12	331/18866	0.191414442581769	0.227722979791733	0.13069815130904	BMP6	1
GO:0104004	cellular response to environmental stimulus	1/12	331/18866	0.191414442581769	0.227722979791733	0.13069815130904	BMP6	1
GO:0008202	steroid metabolic process	1/12	332/18866	0.191937940110175	0.227722979791733	0.13069815130904	BMP6	1
GO:0006520	cellular amino acid metabolic process	1/12	340/18866	0.196114749289028	0.23072323445768	0.132420101981976	EEF1E1	1
GO:0016050	vesicle organization	1/12	340/18866	0.196114749289028	0.23072323445768	0.132420101981976	BLOC1S5	1
GO:0051047	positive regulation of secretion	1/12	340/18866	0.196114749289028	0.23072323445768	0.132420101981976	BMP6	1
GO:0090150	establishment of protein localization to membrane	1/12	342/18866	0.197155854650564	0.231300164673846	0.132751222331606	SSR1	1
GO:0007265	Ras protein signal transduction	1/12	346/18866	0.199234358407843	0.23244008480915	0.133405462208761	RREB1	1
GO:0048545	response to steroid hormone	1/12	346/18866	0.199234358407843	0.23244008480915	0.133405462208761	BMP6	1
GO:0050708	regulation of protein secretion	1/12	352/18866	0.202342866624947	0.235412753414066	0.135111580280253	BMP6	1
GO:0051222	positive regulation of protein transport	1/12	354/18866	0.203376575375412	0.235961772535009	0.135426681479992	BMP6	1
GO:0007178	transmembrane receptor protein serine/threonine kinase signaling pathway	1/12	359/18866	0.205955477156877	0.237640935181012	0.136390411419679	BMP6	1
GO:0031589	cell-substrate adhesion	1/12	359/18866	0.205955477156877	0.237640935181012	0.136390411419679	RREB1	1
GO:0006936	muscle contraction	1/12	362/18866	0.207499142502357	0.238766136578055	0.137036203700187	DSP	1
GO:0009913	epidermal cell differentiation	1/12	365/18866	0.209040056514135	0.239034740360525	0.137190364768321	DSP	1
GO:0010631	epithelial cell migration	1/12	365/18866	0.209040056514135	0.239034740360525	0.137190364768321	RREB1	1
GO:0010038	response to metal ion	1/12	366/18866	0.209553083881403	0.239034740360525	0.137190364768321	BMP6	1
GO:0007018	microtubule-based movement	1/12	368/18866	0.210578223650938	0.239034740360525	0.137190364768321	BLOC1S5	1
GO:0090132	epithelium migration	1/12	368/18866	0.210578223650938	0.239034740360525	0.137190364768321	RREB1	1
GO:1904951	positive regulation of establishment of protein localization	1/12	370/18866	0.211602144566052	0.239483151379831	0.137447723473638	BMP6	1
GO:0006790	sulfur compound metabolic process	1/12	371/18866	0.212113648364993	0.239483151379831	0.137447723473638	SLC35B3	1
GO:0018108	peptidyl-tyrosine phosphorylation	1/12	374/18866	0.213646335102028	0.239923691825807	0.137700564982731	BMP6	1
GO:0090130	tissue migration	1/12	374/18866	0.213646335102028	0.239923691825807	0.137700564982731	RREB1	1
GO:0018212	peptidyl-tyrosine modification	1/12	377/18866	0.215176288301284	0.240997442897439	0.138316828129106	BMP6	1
GO:0045666	positive regulation of neuron differentiation	1/12	380/18866	0.216703512395526	0.241911275342582	0.13884130840464	BMP6	1
GO:0002791	regulation of peptide secretion	1/12	381/18866	0.21721198139105	0.241911275342582	0.13884130840464	BMP6	1
GO:0006909	phagocytosis	1/12	382/18866	0.217720147808324	0.241911275342582	0.13884130840464	TXNDC5	1
GO:0001654	eye development	1/12	384/18866	0.218735573562832	0.242251890081601	0.13903679906939	BMP6	1
GO:0006066	alcohol metabolic process	1/12	385/18866	0.219242833227221	0.242251890081601	0.13903679906939	BMP6	1
GO:0150063	visual system development	1/12	388/18866	0.220762801330194	0.242251890081601	0.13903679906939	BMP6	1
GO:0014706	striated muscle tissue development	1/12	389/18866	0.221268854278783	0.242251890081601	0.13903679906939	DSP	1
GO:0000377	RNA splicing, via transesterification reactions with bulged adenosine as nucleophile	1/12	390/18866	0.221774605956472	0.242251890081601	0.13903679906939	SNRNP48	1
GO:0000398	mRNA splicing, via spliceosome	1/12	390/18866	0.221774605956472	0.242251890081601	0.13903679906939	SNRNP48	1
GO:0000375	RNA splicing, via transesterification reactions	1/12	393/18866	0.223290054994343	0.242251890081601	0.13903679906939	SNRNP48	1
GO:0006869	lipid transport	1/12	393/18866	0.223290054994343	0.242251890081601	0.13903679906939	BMP6	1
GO:0031346	positive regulation of cell projection organization	1/12	394/18866	0.223794603218241	0.242251890081601	0.13903679906939	RREB1	1
GO:0048880	sensory system development	1/12	394/18866	0.223794603218241	0.242251890081601	0.13903679906939	BMP6	1
GO:0034470	ncRNA processing	1/12	400/18866	0.22681558866787	0.244804039964826	0.140501566796855	RIOK1	1
GO:0009150	purine ribonucleotide metabolic process	1/12	401/18866	0.227318037110195	0.244804039964826	0.140501566796855	SLC35B3	1
GO:0032970	regulation of actin filament-based process	1/12	405/18866	0.229324839306122	0.246333586978443	0.141379427112941	DSP	1
GO:0007517	muscle organ development	1/12	407/18866	0.23032644772766	0.246778336851065	0.141634684558631	DSP	1
GO:0060537	muscle tissue development	1/12	409/18866	0.231326862757383	0.24721954798499	0.141887910998904	DSP	1
GO:0001503	ossification	1/12	412/18866	0.232825250519913	0.2481893533461	0.142444516080844	BMP6	1
GO:0009259	ribonucleotide metabolic process	1/12	416/18866	0.234818936053919	0.249680894032015	0.143300563241432	SLC35B3	1
GO:0043588	skin development	1/12	425/18866	0.23928737575823	0.253789640955698	0.145658716237731	DSP	1
GO:0019693	ribose phosphate metabolic process	1/12	427/18866	0.240277108285398	0.254080510916957	0.145825656641562	SLC35B3	1
GO:0045785	positive regulation of cell adhesion	1/12	428/18866	0.240771531773688	0.254080510916957	0.145825656641562	RREB1	1
GO:0019216	regulation of lipid metabolic process	1/12	431/18866	0.24225303305794	0.254883591506794	0.146286572569062	BMP6	1
GO:0051656	establishment of organelle localization	1/12	432/18866	0.242746277625518	0.254883591506794	0.146286572569062	BLOC1S5	1
GO:0022407	regulation of cell-cell adhesion	1/12	439/18866	0.246190757278217	0.256584191915962	0.147262606387858	BMP6	1
GO:0010876	lipid localization	1/12	440/18866	0.246681651667573	0.256584191915962	0.147262606387858	BMP6	1
GO:0006163	purine nucleotide metabolic process	1/12	442/18866	0.247662561439222	0.256584191915962	0.147262606387858	SLC35B3	1
GO:0042391	regulation of membrane potential	1/12	443/18866	0.248152577139544	0.256584191915962	0.147262606387858	DSP	1
GO:0048608	reproductive structure development	1/12	443/18866	0.248152577139544	0.256584191915962	0.147262606387858	BMP6	1
GO:0048732	gland development	1/12	443/18866	0.248152577139544	0.256584191915962	0.147262606387858	RREB1	1
GO:0006605	protein targeting	1/12	444/18866	0.24864230026142	0.256584191915962	0.147262606387858	SSR1	1
GO:0061458	reproductive system development	1/12	447/18866	0.250109715744188	0.257465883854312	0.147768640106861	BMP6	1
GO:0062012	regulation of small molecule metabolic process	1/12	456/18866	0.254496214338099	0.261340855799515	0.14999262149897	BMP6	1
GO:0009306	protein secretion	1/12	462/18866	0.257407466220515	0.263538923076814	0.151254168883685	BMP6	1
GO:0035592	establishment of protein localization to extracellular region	1/12	463/18866	0.257891660439454	0.263538923076814	0.151254168883685	BMP6	1
GO:0003012	muscle system process	1/12	467/18866	0.259825544720094	0.264870700928251	0.152018522587894	DSP	1
GO:0071692	protein localization to extracellular region	1/12	470/18866	0.261272925105086	0.265701279767884	0.152495220718911	BMP6	1
GO:0072521	purine-containing compound metabolic process	1/12	472/18866	0.262236403513066	0.266036931100212	0.15268786271165	SLC35B3	1
GO:0008544	epidermis development	1/12	477/18866	0.264640062201139	0.26782849668549	0.153716104613978	DSP	1
GO:0001667	ameboidal-type cell migration	1/12	481/18866	0.266557818217831	0.268957666527596	0.154364174523357	RREB1	1
GO:0022613	ribonucleoprotein complex biogenesis	1/12	482/18866	0.267036540338113	0.268957666527596	0.154364174523357	RIOK1	1
GO:0050769	positive regulation of neurogenesis	1/12	485/18866	0.268470988672248	0.269755538857283	0.154822101248917	BMP6	1
GO:0008380	RNA splicing	1/12	487/18866	0.26942585742998	0.270068878569431	0.155001937825563	SNRNP48	1
GO:0022604	regulation of cell morphogenesis	1/12	499/18866	0.275131117725168	0.275131117725168	0.157907333230736	RREB1	1
