ID	Description	GeneRatio	BgRatio	pvalue	p.adjust	qvalue	geneID	Count
GO:0070757	interleukin-35-mediated signaling pathway	2/19	11/18866	5.2565826698286e-05	0.0210788965060127	0.0149397612721444	STAT4/STAT1	2
GO:0006541	glutamine metabolic process	2/19	23/18866	0.000240066166912475	0.0481332664659512	0.0341146658244043	ASNSD1/GLS	2
GO:1901605	alpha-amino acid metabolic process	3/19	202/18866	0.00103261196493834	0.124006718262419	0.0878903108829323	ASNSD1/HIBCH/GLS	3
GO:0030199	collagen fibril organization	2/19	55/18866	0.00138227939725876	0.124006718262419	0.0878903108829323	COL3A1/COL5A2	2
GO:1901607	alpha-amino acid biosynthetic process	2/19	66/18866	0.00198349760831251	0.124006718262419	0.0878903108829323	ASNSD1/GLS	2
GO:0071230	cellular response to amino acid stimulus	2/19	69/18866	0.00216546530749416	0.124006718262419	0.0878903108829323	COL3A1/COL5A2	2
GO:0009064	glutamine family amino acid metabolic process	2/19	75/18866	0.00255225548011902	0.124006718262419	0.0878903108829323	ASNSD1/GLS	2
GO:0071229	cellular response to acid chemical	2/19	76/18866	0.00261966469387262	0.124006718262419	0.0878903108829323	COL3A1/COL5A2	2
GO:0008652	cellular amino acid biosynthetic process	2/19	84/18866	0.00318893812228662	0.124006718262419	0.0878903108829323	ASNSD1/GLS	2
GO:0006520	cellular amino acid metabolic process	3/19	340/18866	0.00453766322587033	0.124006718262419	0.0878903108829323	ASNSD1/HIBCH/GLS	3
GO:1901606	alpha-amino acid catabolic process	2/19	104/18866	0.00484124037725565	0.124006718262419	0.0878903108829323	HIBCH/GLS	2
GO:0043200	response to amino acid	2/19	114/18866	0.00578721377491275	0.124006718262419	0.0878903108829323	COL3A1/COL5A2	2
GO:0009063	cellular amino acid catabolic process	2/19	124/18866	0.0068110513879097	0.124006718262419	0.0878903108829323	HIBCH/GLS	2
GO:0001101	response to acid chemical	2/19	132/18866	0.00768518280132814	0.124006718262419	0.0878903108829323	COL3A1/COL5A2	2
GO:0044282	small molecule catabolic process	3/19	452/18866	0.00995037299048018	0.124006718262419	0.0878903108829323	HIBCH/INPP1/GLS	3
GO:0071104	response to interleukin-9	1/19	10/18866	0.0100278893850793	0.124006718262419	0.0878903108829323	STAT1	1
GO:0072203	cell proliferation involved in metanephros development	1/19	10/18866	0.0100278893850793	0.124006718262419	0.0878903108829323	STAT1	1
GO:0090070	positive regulation of ribosome biogenesis	1/19	10/18866	0.0100278893850793	0.124006718262419	0.0878903108829323	WDR75	1
GO:2000234	positive regulation of rRNA processing	1/19	10/18866	0.0100278893850793	0.124006718262419	0.0878903108829323	WDR75	1
GO:0051017	actin filament bundle assembly	2/19	157/18866	0.0107236437358266	0.124006718262419	0.0878903108829323	MYO1B/TMEFF2	2
GO:0070106	interleukin-27-mediated signaling pathway	1/19	11/18866	0.0110254217409178	0.124006718262419	0.0878903108829323	STAT1	1
GO:0071281	cellular response to iron ion	1/19	11/18866	0.0110254217409178	0.124006718262419	0.0878903108829323	SLC40A1	1
GO:0061572	actin filament bundle organization	2/19	161/18866	0.0112519043149767	0.124006718262419	0.0878903108829323	MYO1B/TMEFF2	2
GO:0007259	receptor signaling pathway via JAK-STAT	2/19	164/18866	0.0116555632019807	0.124006718262419	0.0878903108829323	STAT4/STAT1	2
GO:2001223	negative regulation of neuron migration	1/19	12/18866	0.0120220017985644	0.124006718262419	0.0878903108829323	COL3A1	1
GO:0001967	suckling behavior	1/19	13/18866	0.0130176304166733	0.124006718262419	0.0878903108829323	GLS	1
GO:0002087	regulation of respiratory gaseous exchange by nervous system process	1/19	13/18866	0.0130176304166733	0.124006718262419	0.0878903108829323	GLS	1
GO:0003337	mesenchymal to epithelial transition involved in metanephros morphogenesis	1/19	13/18866	0.0130176304166733	0.124006718262419	0.0878903108829323	STAT1	1
GO:0072182	regulation of nephron tubule epithelial cell differentiation	1/19	13/18866	0.0130176304166733	0.124006718262419	0.0878903108829323	STAT1	1
GO:0097696	receptor signaling pathway via STAT	2/19	174/18866	0.0130467783593042	0.124006718262419	0.0878903108829323	STAT4/STAT1	2
GO:0043650	dicarboxylic acid biosynthetic process	1/19	14/18866	0.0140123084531705	0.124006718262419	0.0878903108829323	GLS	1
GO:2000232	regulation of rRNA processing	1/19	14/18866	0.0140123084531705	0.124006718262419	0.0878903108829323	WDR75	1
GO:0072075	metanephric mesenchyme development	1/19	15/18866	0.0150060367652535	0.124006718262419	0.0878903108829323	STAT1	1
GO:0072160	nephron tubule epithelial cell differentiation	1/19	15/18866	0.0150060367652535	0.124006718262419	0.0878903108829323	STAT1	1
GO:0044065	regulation of respiratory system process	1/19	16/18866	0.0159988162093923	0.124006718262419	0.0878903108829323	GLS	1
GO:0046855	inositol phosphate dephosphorylation	1/19	16/18866	0.0159988162093923	0.124006718262419	0.0878903108829323	INPP1	1
GO:0051770	positive regulation of nitric-oxide synthase biosynthetic process	1/19	16/18866	0.0159988162093923	0.124006718262419	0.0878903108829323	STAT1	1
GO:0072283	metanephric renal vesicle morphogenesis	1/19	16/18866	0.0159988162093923	0.124006718262419	0.0878903108829323	STAT1	1
GO:0090069	regulation of ribosome biogenesis	1/19	16/18866	0.0159988162093923	0.124006718262419	0.0878903108829323	WDR75	1
GO:1903729	regulation of plasma membrane organization	1/19	16/18866	0.0159988162093923	0.124006718262419	0.0878903108829323	TMEFF2	1
GO:0009084	glutamine family amino acid biosynthetic process	1/19	17/18866	0.0169906476413296	0.124006718262419	0.0878903108829323	GLS	1
GO:0046838	phosphorylated carbohydrate dephosphorylation	1/19	17/18866	0.0169906476413296	0.124006718262419	0.0878903108829323	INPP1	1
GO:0070525	tRNA threonylcarbamoyladenosine metabolic process	1/19	17/18866	0.0169906476413296	0.124006718262419	0.0878903108829323	OSGEPL1	1
GO:0090185	negative regulation of kidney development	1/19	17/18866	0.0169906476413296	0.124006718262419	0.0878903108829323	STAT1	1
GO:1905331	negative regulation of morphogenesis of an epithelium	1/19	17/18866	0.0169906476413296	0.124006718262419	0.0878903108829323	STAT1	1
GO:0007221	positive regulation of transcription of Notch receptor target	1/19	18/18866	0.0179815319160822	0.124006718262419	0.0878903108829323	STAT1	1
GO:0034755	iron ion transmembrane transport	1/19	18/18866	0.0179815319160822	0.124006718262419	0.0878903108829323	SLC40A1	1
GO:0071545	inositol phosphate catabolic process	1/19	18/18866	0.0179815319160822	0.124006718262419	0.0878903108829323	INPP1	1
GO:2000303	regulation of ceramide biosynthetic process	1/19	18/18866	0.0179815319160822	0.124006718262419	0.0878903108829323	ORMDL1	1
GO:0009612	response to mechanical stimulus	2/19	209/18866	0.0184521511756925	0.124006718262419	0.0878903108829323	COL3A1/STAT1	2
GO:0030050	vesicle transport along actin filament	1/19	19/18866	0.0189714698879413	0.124006718262419	0.0878903108829323	MYO1B	1
GO:0072074	kidney mesenchyme development	1/19	19/18866	0.0189714698879413	0.124006718262419	0.0878903108829323	STAT1	1
GO:0072077	renal vesicle morphogenesis	1/19	19/18866	0.0189714698879413	0.124006718262419	0.0878903108829323	STAT1	1
GO:0090153	regulation of sphingolipid biosynthetic process	1/19	19/18866	0.0189714698879413	0.124006718262419	0.0878903108829323	ORMDL1	1
GO:1905038	regulation of membrane lipid metabolic process	1/19	19/18866	0.0189714698879413	0.124006718262419	0.0878903108829323	ORMDL1	1
GO:2000696	regulation of epithelial cell differentiation involved in kidney development	1/19	19/18866	0.0189714698879413	0.124006718262419	0.0878903108829323	STAT1	1
GO:0032727	positive regulation of interferon-alpha production	1/19	20/18866	0.0199604624104716	0.124006718262419	0.0878903108829323	STAT1	1
GO:0051767	nitric-oxide synthase biosynthetic process	1/19	20/18866	0.0199604624104716	0.124006718262419	0.0878903108829323	STAT1	1
GO:0051769	regulation of nitric-oxide synthase biosynthetic process	1/19	20/18866	0.0199604624104716	0.124006718262419	0.0878903108829323	STAT1	1
GO:0060231	mesenchymal to epithelial transition	1/19	20/18866	0.0199604624104716	0.124006718262419	0.0878903108829323	STAT1	1
GO:0072087	renal vesicle development	1/19	20/18866	0.0199604624104716	0.124006718262419	0.0878903108829323	STAT1	1
GO:0072234	metanephric nephron tubule development	1/19	20/18866	0.0199604624104716	0.124006718262419	0.0878903108829323	STAT1	1
GO:0009067	aspartate family amino acid biosynthetic process	1/19	21/18866	0.020948510336514	0.124006718262419	0.0878903108829323	ASNSD1	1
GO:0045943	positive regulation of transcription by RNA polymerase I	1/19	21/18866	0.020948510336514	0.124006718262419	0.0878903108829323	WDR75	1
GO:0072111	cell proliferation involved in kidney development	1/19	21/18866	0.020948510336514	0.124006718262419	0.0878903108829323	STAT1	1
GO:0099515	actin filament-based transport	1/19	21/18866	0.020948510336514	0.124006718262419	0.0878903108829323	MYO1B	1
GO:0009083	branched-chain amino acid catabolic process	1/19	22/18866	0.0219356145181859	0.124006718262419	0.0878903108829323	HIBCH	1
GO:0035458	cellular response to interferon-beta	1/19	23/18866	0.0229217758068805	0.124006718262419	0.0878903108829323	STAT1	1
GO:0043576	regulation of respiratory gaseous exchange	1/19	23/18866	0.0229217758068805	0.124006718262419	0.0878903108829323	GLS	1
GO:0072170	metanephric tubule development	1/19	23/18866	0.0229217758068805	0.124006718262419	0.0878903108829323	STAT1	1
GO:0072215	regulation of metanephros development	1/19	23/18866	0.0229217758068805	0.124006718262419	0.0878903108829323	STAT1	1
GO:0072243	metanephric nephron epithelium development	1/19	23/18866	0.0229217758068805	0.124006718262419	0.0878903108829323	STAT1	1
GO:0048745	smooth muscle tissue development	1/19	24/18866	0.0239069950532672	0.124006718262419	0.0878903108829323	COL3A1	1
GO:0002053	positive regulation of mesenchymal cell proliferation	1/19	25/18866	0.0248912731072952	0.124006718262419	0.0878903108829323	STAT1	1
GO:0009081	branched-chain amino acid metabolic process	1/19	25/18866	0.0248912731072952	0.124006718262419	0.0878903108829323	HIBCH	1
GO:0032647	regulation of interferon-alpha production	1/19	25/18866	0.0248912731072952	0.124006718262419	0.0878903108829323	STAT1	1
GO:0045992	negative regulation of embryonic development	1/19	25/18866	0.0248912731072952	0.124006718262419	0.0878903108829323	COL5A2	1
GO:0060330	regulation of response to interferon-gamma	1/19	25/18866	0.0248912731072952	0.124006718262419	0.0878903108829323	STAT1	1
GO:0060334	regulation of interferon-gamma-mediated signaling pathway	1/19	25/18866	0.0248912731072952	0.124006718262419	0.0878903108829323	STAT1	1
GO:0046174	polyol catabolic process	1/19	26/18866	0.0258746108181891	0.124006718262419	0.0878903108829323	INPP1	1
GO:0060343	trabecula formation	1/19	26/18866	0.0258746108181891	0.124006718262419	0.0878903108829323	SLC40A1	1
GO:0072202	cell differentiation involved in metanephros development	1/19	26/18866	0.0258746108181891	0.124006718262419	0.0878903108829323	STAT1	1
GO:0072273	metanephric nephron morphogenesis	1/19	26/18866	0.0258746108181891	0.124006718262419	0.0878903108829323	STAT1	1
GO:0009065	glutamine family amino acid catabolic process	1/19	27/18866	0.0268570090344552	0.124006718262419	0.0878903108829323	GLS	1
GO:0032607	interferon-alpha production	1/19	27/18866	0.0268570090344552	0.124006718262419	0.0878903108829323	STAT1	1
GO:0072207	metanephric epithelium development	1/19	27/18866	0.0268570090344552	0.124006718262419	0.0878903108829323	STAT1	1
GO:0048872	homeostasis of number of cells	2/19	256/18866	0.0269436869216045	0.124006718262419	0.0878903108829323	SLC40A1/STAT1	2
GO:0001958	endochondral ossification	1/19	29/18866	0.0288189903735201	0.124006718262419	0.0878903108829323	NAB1	1
GO:0002230	positive regulation of defense response to virus by host	1/19	29/18866	0.0288189903735201	0.124006718262419	0.0878903108829323	STAT1	1
GO:0036075	replacement ossification	1/19	29/18866	0.0288189903735201	0.124006718262419	0.0878903108829323	NAB1	1
GO:0006356	regulation of transcription by RNA polymerase I	1/19	31/18866	0.0307772238981264	0.124006718262419	0.0878903108829323	WDR75	1
GO:0051497	negative regulation of stress fiber assembly	1/19	31/18866	0.0307772238981264	0.124006718262419	0.0878903108829323	TMEFF2	1
GO:0003016	respiratory system process	1/19	32/18866	0.0317549373436233	0.124006718262419	0.0878903108829323	GLS	1
GO:0035456	response to interferon-beta	1/19	32/18866	0.0317549373436233	0.124006718262419	0.0878903108829323	STAT1	1
GO:0016054	organic acid catabolic process	2/19	282/18866	0.0322044009362086	0.124006718262419	0.0878903108829323	HIBCH/GLS	2
GO:0046395	carboxylic acid catabolic process	2/19	282/18866	0.0322044009362086	0.124006718262419	0.0878903108829323	HIBCH/GLS	2
GO:0003338	metanephros morphogenesis	1/19	33/18866	0.0327317163704084	0.124006718262419	0.0878903108829323	STAT1	1
GO:0006536	glutamate metabolic process	1/19	33/18866	0.0327317163704084	0.124006718262419	0.0878903108829323	GLS	1
GO:0010039	response to iron ion	1/19	33/18866	0.0327317163704084	0.124006718262419	0.0878903108829323	SLC40A1	1
GO:0010464	regulation of mesenchymal cell proliferation	1/19	33/18866	0.0327317163704084	0.124006718262419	0.0878903108829323	STAT1	1
GO:0035025	positive regulation of Rho protein signal transduction	1/19	33/18866	0.0327317163704084	0.124006718262419	0.0878903108829323	COL3A1	1
GO:0044319	wound healing, spreading of cells	1/19	33/18866	0.0327317163704084	0.124006718262419	0.0878903108829323	TMEFF2	1
GO:0090505	epiboly involved in wound healing	1/19	33/18866	0.0327317163704084	0.124006718262419	0.0878903108829323	TMEFF2	1
GO:0018149	peptide cross-linking	1/19	34/18866	0.0337075618219542	0.124006718262419	0.0878903108829323	COL3A1	1
GO:0032232	negative regulation of actin filament bundle assembly	1/19	34/18866	0.0337075618219542	0.124006718262419	0.0878903108829323	TMEFF2	1
GO:0045648	positive regulation of erythrocyte differentiation	1/19	34/18866	0.0337075618219542	0.124006718262419	0.0878903108829323	STAT1	1
GO:0048536	spleen development	1/19	34/18866	0.0337075618219542	0.124006718262419	0.0878903108829323	SLC40A1	1
GO:0070102	interleukin-6-mediated signaling pathway	1/19	34/18866	0.0337075618219542	0.124006718262419	0.0878903108829323	STAT1	1
GO:0090504	epiboly	1/19	34/18866	0.0337075618219542	0.124006718262419	0.0878903108829323	TMEFF2	1
GO:0035909	aorta morphogenesis	1/19	35/18866	0.0346824745410168	0.125294344963493	0.0888029220111383	COL3A1	1
GO:0110111	negative regulation of animal organ morphogenesis	1/19	35/18866	0.0346824745410168	0.125294344963493	0.0888029220111383	STAT1	1
GO:0006298	mismatch repair	1/19	38/18866	0.0376016247201251	0.132265364147107	0.0937436627371539	PMS1	1
GO:0010742	macrophage derived foam cell differentiation	1/19	38/18866	0.0376016247201251	0.132265364147107	0.0937436627371539	STAT1	1
GO:0090077	foam cell differentiation	1/19	38/18866	0.0376016247201251	0.132265364147107	0.0937436627371539	STAT1	1
GO:0014037	Schwann cell differentiation	1/19	39/18866	0.0385728149224999	0.134501728555847	0.0953286959183063	NAB1	1
GO:0050691	regulation of defense response to virus by host	1/19	40/18866	0.0395430765954417	0.135527980468138	0.0960560565071457	STAT1	1
GO:0072210	metanephric nephron development	1/19	40/18866	0.0395430765954417	0.135527980468138	0.0960560565071457	STAT1	1
GO:0010470	regulation of gastrulation	1/19	43/18866	0.0424482988187842	0.144252269714682	0.102239435156751	COL5A2	1
GO:0010463	mesenchymal cell proliferation	1/19	44/18866	0.0434148547515498	0.146297115591357	0.103688728729929	STAT1	1
GO:0014047	glutamate secretion	1/19	45/18866	0.0443804863401016	0.14707913241637	0.104242986618768	GLS	1
GO:2001222	regulation of neuron migration	1/19	45/18866	0.0443804863401016	0.14707913241637	0.104242986618768	COL3A1	1
GO:0035987	endodermal cell differentiation	1/19	46/18866	0.04534519441935	0.149044450509503	0.105635914523076	COL5A2	1
GO:0035722	interleukin-12-mediated signaling pathway	1/19	47/18866	0.0463089798234962	0.149757265396952	0.106141125232122	STAT4	1
GO:0035850	epithelial cell differentiation involved in kidney development	1/19	47/18866	0.0463089798234962	0.149757265396952	0.106141125232122	STAT1	1
GO:0030336	negative regulation of cell migration	2/19	350/18866	0.0476782192837319	0.151747062576876	0.107551402797628	COL3A1/TMEFF2	2
GO:0061383	trabecula morphogenesis	1/19	49/18866	0.0482337859397389	0.151747062576876	0.107551402797628	SLC40A1	1
GO:0071349	cellular response to interleukin-12	1/19	49/18866	0.0482337859397389	0.151747062576876	0.107551402797628	STAT4	1
GO:0009066	aspartate family amino acid metabolic process	1/19	50/18866	0.0491948083166929	0.151747062576876	0.107551402797628	ASNSD1	1
GO:0045646	regulation of erythrocyte differentiation	1/19	50/18866	0.0491948083166929	0.151747062576876	0.107551402797628	STAT1	1
GO:0070671	response to interleukin-12	1/19	50/18866	0.0491948083166929	0.151747062576876	0.107551402797628	STAT4	1
GO:0031589	cell-substrate adhesion	2/19	359/18866	0.0498984735445678	0.152364541292823	0.10798904357281	COL3A1/TMEFF2	2
GO:0071354	cellular response to interleukin-6	1/19	51/18866	0.0501549113482608	0.152364541292823	0.10798904357281	STAT1	1
GO:2000146	negative regulation of cell motility	2/19	365/18866	0.051399633282322	0.153535069474727	0.108818660606842	COL3A1/TMEFF2	2
GO:0046394	carboxylic acid biosynthetic process	2/19	367/18866	0.0519037026812393	0.153535069474727	0.108818660606842	ASNSD1/GLS	2
GO:0043124	negative regulation of I-kappaB kinase/NF-kappaB signaling	1/19	53/18866	0.052072362697173	0.153535069474727	0.108818660606842	STAT1	1
GO:0016053	organic acid biosynthetic process	2/19	368/18866	0.0521564230977345	0.153535069474727	0.108818660606842	ASNSD1/GLS	2
GO:0030857	negative regulation of epithelial cell differentiation	1/19	54/18866	0.0530297126737185	0.153535069474727	0.108818660606842	STAT1	1
GO:0001706	endoderm formation	1/19	55/18866	0.053986146623283	0.153535069474727	0.108818660606842	COL5A2	1
GO:0046164	alcohol catabolic process	1/19	55/18866	0.053986146623283	0.153535069474727	0.108818660606842	INPP1	1
GO:0060350	endochondral bone morphogenesis	1/19	55/18866	0.053986146623283	0.153535069474727	0.108818660606842	NAB1	1
GO:0070741	response to interleukin-6	1/19	55/18866	0.053986146623283	0.153535069474727	0.108818660606842	STAT1	1
GO:0090183	regulation of kidney development	1/19	56/18866	0.0549416653737033	0.154922914590794	0.109802301980613	STAT1	1
GO:0046854	phosphatidylinositol phosphorylation	1/19	57/18866	0.0558962697521138	0.154922914590794	0.109802301980613	INPP1	1
GO:0061005	cell differentiation involved in kidney development	1/19	57/18866	0.0558962697521138	0.154922914590794	0.109802301980613	STAT1	1
GO:0002011	morphogenesis of an epithelial sheet	1/19	58/18866	0.0568499605849437	0.154922914590794	0.109802301980613	TMEFF2	1
GO:0051055	negative regulation of lipid biosynthetic process	1/19	58/18866	0.0568499605849437	0.154922914590794	0.109802301980613	ORMDL1	1
GO:0051289	protein homotetramerization	1/19	59/18866	0.057802738697922	0.154922914590794	0.109802301980613	GLS	1
GO:0035904	aorta development	1/19	60/18866	0.058754604916072	0.154922914590794	0.109802301980613	COL3A1	1
GO:0030198	extracellular matrix organization	2/19	395/18866	0.0591486834302603	0.154922914590794	0.109802301980613	COL3A1/COL5A2	2
GO:0043062	extracellular structure organization	2/19	396/18866	0.0594137668485497	0.154922914590794	0.109802301980613	COL3A1/COL5A2	2
GO:0040013	negative regulation of locomotion	2/19	397/18866	0.0596792767605942	0.154922914590794	0.109802301980613	COL3A1/TMEFF2	2
GO:0042493	response to drug	2/19	397/18866	0.0596792767605942	0.154922914590794	0.109802301980613	PMS1/STAT1	2
GO:0034470	ncRNA processing	2/19	400/18866	0.0604783552370971	0.154922914590794	0.109802301980613	WDR75/OSGEPL1	2
GO:0051271	negative regulation of cellular component movement	2/19	400/18866	0.0604783552370971	0.154922914590794	0.109802301980613	COL3A1/TMEFF2	2
GO:0002260	lymphocyte homeostasis	1/19	62/18866	0.0606556049644754	0.154922914590794	0.109802301980613	SLC40A1	1
GO:0055081	anion homeostasis	1/19	62/18866	0.0606556049644754	0.154922914590794	0.109802301980613	GLS	1
GO:0140115	export across plasma membrane	1/19	62/18866	0.0606556049644754	0.154922914590794	0.109802301980613	SLC40A1	1
GO:0001503	ossification	2/19	412/18866	0.0637124124971293	0.161519538232373	0.114477688207746	COL5A2/NAB1	2
GO:0006360	transcription by RNA polymerase I	1/19	66/18866	0.0644466985465828	0.161519538232373	0.114477688207746	WDR75	1
GO:0007585	respiratory gaseous exchange by respiratory system	1/19	66/18866	0.0644466985465828	0.161519538232373	0.114477688207746	GLS	1
GO:0046513	ceramide biosynthetic process	1/19	67/18866	0.0653922045427323	0.162871267215128	0.115435732112048	ORMDL1	1
GO:0043588	skin development	2/19	425/18866	0.0672825966837011	0.166394988783772	0.117933185382907	COL3A1/COL5A2	2
GO:0006879	cellular iron ion homeostasis	1/19	70/18866	0.0682232938862715	0.166394988783772	0.117933185382907	SLC40A1	1
GO:0015800	acidic amino acid transport	1/19	71/18866	0.0691651835125837	0.166394988783772	0.117933185382907	GLS	1
GO:0046579	positive regulation of Ras protein signal transduction	1/19	71/18866	0.0691651835125837	0.166394988783772	0.117933185382907	COL3A1	1
GO:0007015	actin filament organization	2/19	434/18866	0.0697937369320488	0.166394988783772	0.117933185382907	MYO1B/TMEFF2	2
GO:0043647	inositol phosphate metabolic process	1/19	72/18866	0.0701061710897721	0.166394988783772	0.117933185382907	INPP1	1
GO:0046834	lipid phosphorylation	1/19	72/18866	0.0701061710897721	0.166394988783772	0.117933185382907	INPP1	1
GO:0042795	snRNA transcription by RNA polymerase II	1/19	73/18866	0.071046257433781	0.166394988783772	0.117933185382907	NABP1	1
GO:0009301	snRNA transcription	1/19	74/18866	0.071985443359857	0.166394988783772	0.117933185382907	NABP1	1
GO:0032481	positive regulation of type I interferon production	1/19	74/18866	0.071985443359857	0.166394988783772	0.117933185382907	STAT1	1
GO:0048844	artery morphogenesis	1/19	75/18866	0.0729237296825566	0.166394988783772	0.117933185382907	COL3A1	1
GO:0072088	nephron epithelium morphogenesis	1/19	75/18866	0.0729237296825566	0.166394988783772	0.117933185382907	STAT1	1
GO:0099518	vesicle cytoskeletal trafficking	1/19	75/18866	0.0729237296825566	0.166394988783772	0.117933185382907	MYO1B	1
GO:0009314	response to radiation	2/19	447/18866	0.0734763287302249	0.166394988783772	0.117933185382907	COL3A1/NABP1	2
GO:0043434	response to peptide hormone	2/19	447/18866	0.0734763287302249	0.166394988783772	0.117933185382907	STAT4/STAT1	2
GO:0060415	muscle tissue morphogenesis	1/19	76/18866	0.0738611172157391	0.166394988783772	0.117933185382907	COL3A1	1
GO:1901616	organic hydroxy compound catabolic process	1/19	76/18866	0.0738611172157391	0.166394988783772	0.117933185382907	INPP1	1
GO:0007422	peripheral nervous system development	1/19	77/18866	0.0747976067725722	0.166632446198897	0.118101484377746	NAB1	1
GO:0072028	nephron morphogenesis	1/19	77/18866	0.0747976067725722	0.166632446198897	0.118101484377746	STAT1	1
GO:0050688	regulation of defense response to virus	1/19	78/18866	0.0757331991655322	0.16686270805153	0.118264683485794	STAT1	1
GO:0051057	positive regulation of small GTPase mediated signal transduction	1/19	78/18866	0.0757331991655322	0.16686270805153	0.118264683485794	COL3A1	1
GO:0006826	iron ion transport	1/19	79/18866	0.0766678952064017	0.167086010748734	0.118422950261604	SLC40A1	1
GO:0007492	endoderm development	1/19	79/18866	0.0766678952064017	0.167086010748734	0.118422950261604	COL5A2	1
GO:0042590	antigen processing and presentation of exogenous peptide antigen via MHC class I	1/19	80/18866	0.0776016957062728	0.168206918801164	0.119217398809068	MFSD6	1
GO:0001937	negative regulation of endothelial cell proliferation	1/19	81/18866	0.0785346014755467	0.169313845116636	0.120001937738526	STAT1	1
GO:0048644	muscle organ morphogenesis	1/19	83/18866	0.0803977320604574	0.172403692814136	0.122191880981275	COL3A1	1
GO:0001776	leukocyte homeostasis	1/19	86/18866	0.0831857376787145	0.176494607455897	0.12509133485521	SLC40A1	1
GO:0035023	regulation of Rho protein signal transduction	1/19	86/18866	0.0831857376787145	0.176494607455897	0.12509133485521	COL3A1	1
GO:0051262	protein tetramerization	1/19	87/18866	0.0841132920442156	0.176593874920055	0.125161691110158	GLS	1
GO:0055072	iron ion homeostasis	1/19	87/18866	0.0841132920442156	0.176593874920055	0.125161691110158	SLC40A1	1
GO:0006400	tRNA modification	1/19	89/18866	0.085965734348857	0.178749570249417	0.12668954972396	OSGEPL1	1
GO:0034660	ncRNA metabolic process	2/19	493/18866	0.0870034659060042	0.178749570249417	0.12668954972396	WDR75/OSGEPL1	2
GO:0001656	metanephros development	1/19	91/18866	0.0878146267808857	0.178749570249417	0.12668954972396	STAT1	1
GO:0045682	regulation of epidermis development	1/19	91/18866	0.0878146267808857	0.178749570249417	0.12668954972396	NAB1	1
GO:0051492	regulation of stress fiber assembly	1/19	91/18866	0.0878146267808857	0.178749570249417	0.12668954972396	TMEFF2	1
GO:0060333	interferon-gamma-mediated signaling pathway	1/19	91/18866	0.0878146267808857	0.178749570249417	0.12668954972396	STAT1	1
GO:0072080	nephron tubule development	1/19	93/18866	0.0896599757657525	0.1798638082103	0.127479270814493	STAT1	1
GO:0051591	response to cAMP	1/19	94/18866	0.0905813234704584	0.1798638082103	0.127479270814493	STAT1	1
GO:0060349	bone morphogenesis	1/19	94/18866	0.0905813234704584	0.1798638082103	0.127479270814493	NAB1	1
GO:0060993	kidney morphogenesis	1/19	94/18866	0.0905813234704584	0.1798638082103	0.127479270814493	STAT1	1
GO:0060337	type I interferon signaling pathway	1/19	95/18866	0.091501787717958	0.1798638082103	0.127479270814493	STAT1	1
GO:0061326	renal tubule development	1/19	95/18866	0.091501787717958	0.1798638082103	0.127479270814493	STAT1	1
GO:0071357	cellular response to type I interferon	1/19	95/18866	0.091501787717958	0.1798638082103	0.127479270814493	STAT1	1
GO:0043648	dicarboxylic acid metabolic process	1/19	97/18866	0.0933400690410752	0.182582281392542	0.129406000724469	GLS	1
GO:0006835	dicarboxylic acid transport	1/19	98/18866	0.0942578877148573	0.182596197940376	0.129415864139392	GLS	1
GO:0045833	negative regulation of lipid metabolic process	1/19	98/18866	0.0942578877148573	0.182596197940376	0.129415864139392	ORMDL1	1
GO:0002474	antigen processing and presentation of peptide antigen via MHC class I	1/19	99/18866	0.0951748261277633	0.182608159221211	0.129424341750169	MFSD6	1
GO:0034340	response to type I interferon	1/19	99/18866	0.0951748261277633	0.182608159221211	0.129424341750169	STAT1	1
GO:0006672	ceramide metabolic process	1/19	100/18866	0.0960908850771729	0.183487832933078	0.130047814390159	ORMDL1	1
GO:0045639	positive regulation of myeloid cell differentiation	1/19	101/18866	0.0970060653597872	0.184294545962773	0.130619575823464	STAT1	1
GO:0060840	artery development	1/19	102/18866	0.0979203677716265	0.184294545962773	0.130619575823464	COL3A1	1
GO:0110020	regulation of actomyosin structure organization	1/19	102/18866	0.0979203677716265	0.184294545962773	0.130619575823464	TMEFF2	1
GO:0048661	positive regulation of smooth muscle cell proliferation	1/19	103/18866	0.0988337931080332	0.184294545962773	0.130619575823464	STAT1	1
GO:0006892	post-Golgi vesicle-mediated transport	1/19	104/18866	0.0997463421636717	0.184294545962773	0.130619575823464	MYO1B	1
GO:0032231	regulation of actin filament bundle assembly	1/19	104/18866	0.0997463421636717	0.184294545962773	0.130619575823464	TMEFF2	1
GO:0048525	negative regulation of viral process	1/19	104/18866	0.0997463421636717	0.184294545962773	0.130619575823464	STAT1	1
GO:0007631	feeding behavior	1/19	105/18866	0.100658015732529	0.184294545962773	0.130619575823464	GLS	1
GO:0030038	contractile actin filament bundle assembly	1/19	106/18866	0.101568814607912	0.184294545962773	0.130619575823464	TMEFF2	1
GO:0034446	substrate adhesion-dependent cell spreading	1/19	106/18866	0.101568814607912	0.184294545962773	0.130619575823464	TMEFF2	1
GO:0043149	stress fiber assembly	1/19	106/18866	0.101568814607912	0.184294545962773	0.130619575823464	TMEFF2	1
GO:0030148	sphingolipid biosynthetic process	1/19	107/18866	0.102478739582457	0.185107993570114	0.131196110418508	ORMDL1	1
GO:0007229	integrin-mediated signaling pathway	1/19	108/18866	0.103387791448118	0.185912575653342	0.131766361534066	COL3A1	1
GO:0098781	ncRNA transcription	1/19	109/18866	0.104295970996177	0.186708412363692	0.132330414327856	NABP1	1
GO:0072009	nephron epithelium development	1/19	110/18866	0.105203279017239	0.187495621715169	0.132888352442829	STAT1	1
GO:0007009	plasma membrane organization	1/19	113/18866	0.107919981814399	0.191486339414044	0.13571679128965	TMEFF2	1
GO:0046916	cellular transition metal ion homeostasis	1/19	116/18866	0.110628869265731	0.195428090641225	0.138510524932749	SLC40A1	1
GO:0021987	cerebral cortex development	1/19	118/18866	0.112430462864304	0.197739542142921	0.140148776423648	COL3A1	1
GO:0030218	erythrocyte differentiation	1/19	121/18866	0.115126371906512	0.201596834648522	0.1428826495737	STAT1	1
GO:0032479	regulation of type I interferon production	1/19	125/18866	0.118708851646666	0.206966302218753	0.146688283499313	STAT1	1
GO:0006911	phagocytosis, engulfment	1/19	126/18866	0.119602322209535	0.207375402436771	0.146978235091031	GULP1	1
GO:0001704	formation of primary germ layer	1/19	127/18866	0.120494934582962	0.207375402436771	0.146978235091031	COL5A2	1
GO:0032606	type I interferon production	1/19	127/18866	0.120494934582962	0.207375402436771	0.146978235091031	STAT1	1
GO:0000041	transition metal ion transport	1/19	129/18866	0.122277587875021	0.208652394629291	0.147883308964191	SLC40A1	1
GO:0034101	erythrocyte homeostasis	1/19	129/18866	0.122277587875021	0.208652394629291	0.147883308964191	STAT1	1
GO:0008033	tRNA processing	1/19	130/18866	0.123167630348756	0.209280592245131	0.148328546807154	OSGEPL1	1
GO:0019751	polyol metabolic process	1/19	132/18866	0.124945150834417	0.211405086432916	0.149834291473651	INPP1	1
GO:0045995	regulation of embryonic development	1/19	134/18866	0.12671925720697	0.211444701846163	0.149862369073275	COL5A2	1
GO:0046683	response to organophosphorus	1/19	134/18866	0.12671925720697	0.211444701846163	0.149862369073275	STAT1	1
GO:0003158	endothelium development	1/19	135/18866	0.127605032036837	0.211444701846163	0.149862369073275	SLC40A1	1
GO:0048565	digestive tract development	1/19	135/18866	0.127605032036837	0.211444701846163	0.149862369073275	COL3A1	1
GO:0099024	plasma membrane invagination	1/19	135/18866	0.127605032036837	0.211444701846163	0.149862369073275	GULP1	1
GO:0042552	myelination	1/19	137/18866	0.129374028849977	0.212612379784591	0.150689965984616	NAB1	1
GO:0000724	double-strand break repair via homologous recombination	1/19	138/18866	0.13025725237776	0.212612379784591	0.150689965984616	NABP1	1
GO:0055076	transition metal ion homeostasis	1/19	138/18866	0.13025725237776	0.212612379784591	0.150689965984616	SLC40A1	1
GO:0007272	ensheathment of neurons	1/19	139/18866	0.131139627014925	0.212612379784591	0.150689965984616	NAB1	1
GO:0008366	axon ensheathment	1/19	139/18866	0.131139627014925	0.212612379784591	0.150689965984616	NAB1	1
GO:0000725	recombinational repair	1/19	140/18866	0.132021153532078	0.212612379784591	0.150689965984616	NABP1	1
GO:0007266	Rho protein signal transduction	1/19	140/18866	0.132021153532078	0.212612379784591	0.150689965984616	COL3A1	1
GO:0072073	kidney epithelium development	1/19	142/18866	0.133781665285479	0.213980536652171	0.151659653225059	STAT1	1
GO:0010324	membrane invagination	1/19	143/18866	0.13466065205965	0.213980536652171	0.151659653225059	GULP1	1
GO:0072006	nephron development	1/19	143/18866	0.13466065205965	0.213980536652171	0.151659653225059	STAT1	1
GO:0010212	response to ionizing radiation	1/19	144/18866	0.135538793789654	0.213980536652171	0.151659653225059	NABP1	1
GO:0046434	organophosphate catabolic process	1/19	144/18866	0.135538793789654	0.213980536652171	0.151659653225059	INPP1	1
GO:0042542	response to hydrogen peroxide	1/19	146/18866	0.137292545185783	0.215585333502787	0.152797060101726	STAT1	1
GO:0046467	membrane lipid biosynthetic process	1/19	147/18866	0.138168156384579	0.215585333502787	0.152797060101726	ORMDL1	1
GO:0055123	digestive system development	1/19	147/18866	0.138168156384579	0.215585333502787	0.152797060101726	COL3A1	1
GO:0014074	response to purine-containing compound	1/19	149/18866	0.139916853610404	0.217467667820822	0.154131172887838	STAT1	1
GO:0030048	actin filament-based movement	1/19	153/18866	0.14340416876369	0.222027303761544	0.157362835058713	MYO1B	1
GO:0002262	myeloid cell homeostasis	1/19	154/18866	0.144273902146552	0.222514749079874	0.157708314087324	STAT1	1
GO:0006865	amino acid transport	1/19	156/18866	0.146010859753498	0.222624923046208	0.157786400374002	GLS	1
GO:0048592	eye morphogenesis	1/19	156/18866	0.146010859753498	0.222624923046208	0.157786400374002	COL5A2	1
GO:1902904	negative regulation of supramolecular fiber organization	1/19	156/18866	0.146010859753498	0.222624923046208	0.157786400374002	TMEFF2	1
GO:0030168	platelet activation	1/19	158/18866	0.14774447687972	0.224414906169575	0.159055058841804	COL3A1	1
GO:0050777	negative regulation of immune response	1/19	159/18866	0.148610034659242	0.224877826031532	0.159383155344569	COL3A1	1
GO:0006665	sphingolipid metabolic process	1/19	163/18866	0.152063944888378	0.227528514553133	0.161261842576049	ORMDL1	1
GO:0051494	negative regulation of cytoskeleton organization	1/19	163/18866	0.152063944888378	0.227528514553133	0.161261842576049	TMEFF2	1
GO:0055088	lipid homeostasis	1/19	163/18866	0.152063944888378	0.227528514553133	0.161261842576049	ORMDL1	1
GO:0001764	neuron migration	1/19	164/18866	0.152925346003019	0.227966779729407	0.161572464961123	COL3A1	1
GO:0007093	mitotic cell cycle checkpoint	1/19	166/18866	0.154645661783509	0.229677445834026	0.162784907140535	NABP1	1
GO:0009451	RNA modification	1/19	168/18866	0.156362667320103	0.231370588912772	0.163984929797739	OSGEPL1	1
GO:0007584	response to nutrient	1/19	171/18866	0.158931982075688	0.233394695865817	0.165419524566926	STAT1	1
GO:0030856	regulation of epithelial cell differentiation	1/19	171/18866	0.158931982075688	0.233394695865817	0.165419524566926	STAT1	1
GO:0021543	pallium development	1/19	173/18866	0.160640738301659	0.233394695865817	0.165419524566926	COL3A1	1
GO:0033209	tumor necrosis factor-mediated signaling pathway	1/19	173/18866	0.160640738301659	0.233394695865817	0.165419524566926	STAT1	1
GO:0048660	regulation of smooth muscle cell proliferation	1/19	173/18866	0.160640738301659	0.233394695865817	0.165419524566926	STAT1	1
GO:0048659	smooth muscle cell proliferation	1/19	175/18866	0.162346205296042	0.234175641452204	0.165973023210645	STAT1	1
GO:0050680	negative regulation of epithelial cell proliferation	1/19	175/18866	0.162346205296042	0.234175641452204	0.165973023210645	STAT1	1
GO:0002478	antigen processing and presentation of exogenous peptide antigen	1/19	177/18866	0.164048389039255	0.235782810052836	0.167112111075642	MFSD6	1
GO:0051260	protein homooligomerization	1/19	178/18866	0.164898251557755	0.236157853123785	0.167377924513511	GLS	1
GO:1905330	regulation of morphogenesis of an epithelium	1/19	181/18866	0.167442930642696	0.238948808497227	0.169356026497576	STAT1	1
GO:0071346	cellular response to interferon-gamma	1/19	182/18866	0.168289523327618	0.239305315086436	0.1696087021219	STAT1	1
GO:0001959	regulation of cytokine-mediated signaling pathway	1/19	183/18866	0.169135300412653	0.239512547940995	0.169755579325551	STAT1	1
GO:0001936	regulation of endothelial cell proliferation	1/19	184/18866	0.169980262639927	0.239512547940995	0.169755579325551	STAT1	1
GO:0019884	antigen processing and presentation of exogenous antigen	1/19	185/18866	0.170824410750934	0.239512547940995	0.169755579325551	MFSD6	1
GO:0046488	phosphatidylinositol metabolic process	1/19	185/18866	0.170824410750934	0.239512547940995	0.169755579325551	INPP1	1
GO:0006399	tRNA metabolic process	1/19	186/18866	0.171667745486534	0.239856327317421	0.169999234481438	OSGEPL1	1
GO:0007369	gastrulation	1/19	189/18866	0.174192876839952	0.242539387544517	0.171900865302584	COL5A2	1
GO:0016525	negative regulation of angiogenesis	1/19	192/18866	0.176710714424742	0.244138148296048	0.173033994067287	STAT1	1
GO:0071248	cellular response to metal ion	1/19	193/18866	0.177548376223281	0.244138148296048	0.173033994067287	SLC40A1	1
GO:0046578	regulation of Ras protein signal transduction	1/19	194/18866	0.178385230550479	0.244138148296048	0.173033994067287	COL3A1	1
GO:0048002	antigen processing and presentation of peptide antigen	1/19	194/18866	0.178385230550479	0.244138148296048	0.173033994067287	MFSD6	1
GO:2000181	negative regulation of blood vessel morphogenesis	1/19	194/18866	0.178385230550479	0.244138148296048	0.173033994067287	STAT1	1
GO:0007219	Notch signaling pathway	1/19	195/18866	0.1792212781415	0.244448069846059	0.173253652338721	STAT1	1
GO:0060759	regulation of response to cytokine stimulus	1/19	196/18866	0.18005651973088	0.24475479461723	0.173471044878992	STAT1	1
GO:0001935	endothelial cell proliferation	1/19	199/18866	0.18255741582509	0.246775723949708	0.174903387495527	STAT1	1
GO:0030705	cytoskeleton-dependent intracellular transport	1/19	200/18866	0.183389440740681	0.246775723949708	0.174903387495527	MYO1B	1
GO:0031032	actomyosin structure organization	1/19	200/18866	0.183389440740681	0.246775723949708	0.174903387495527	TMEFF2	1
GO:0007179	transforming growth factor beta receptor signaling pathway	1/19	202/18866	0.185051084287442	0.247351615997548	0.175311553535472	COL3A1	1
GO:0034341	response to interferon-gamma	1/19	202/18866	0.185051084287442	0.247351615997548	0.175311553535472	STAT1	1
GO:0060348	bone development	1/19	204/18866	0.186709524323623	0.247915626668121	0.175711298596647	NAB1	1
GO:1903708	positive regulation of hemopoiesis	1/19	204/18866	0.186709524323623	0.247915626668121	0.175711298596647	STAT1	1
GO:0046890	regulation of lipid biosynthetic process	1/19	207/18866	0.189191190553841	0.249558116487139	0.176875420531638	ORMDL1	1
GO:1901343	negative regulation of vasculature development	1/19	207/18866	0.189191190553841	0.249558116487139	0.176875420531638	STAT1	1
GO:0006643	membrane lipid metabolic process	1/19	212/18866	0.193311365884841	0.253326332417716	0.179546160264558	ORMDL1	1
GO:0051650	establishment of vesicle localization	1/19	212/18866	0.193311365884841	0.253326332417716	0.179546160264558	MYO1B	1
GO:0050792	regulation of viral process	1/19	217/18866	0.19741170092391	0.257856977428299	0.182757274985275	STAT1	1
GO:0000075	cell cycle checkpoint	1/19	219/18866	0.199046299888005	0.259147942386656	0.183672252118118	NABP1	1
GO:0071241	cellular response to inorganic substance	1/19	221/18866	0.200677744609587	0.260426458215031	0.18457840587494	SLC40A1	1
GO:0032869	cellular response to insulin stimulus	1/19	226/18866	0.204742594306928	0.263282798859133	0.186602849959222	STAT1	1
GO:0006364	rRNA processing	1/19	227/18866	0.205553210761229	0.263282798859133	0.186602849959222	WDR75	1
GO:0048705	skeletal system morphogenesis	1/19	228/18866	0.206363044389403	0.263282798859133	0.186602849959222	NAB1	1
GO:0048762	mesenchymal cell differentiation	1/19	229/18866	0.207172095905478	0.263282798859133	0.186602849959222	STAT1	1
GO:0051648	vesicle localization	1/19	229/18866	0.207172095905478	0.263282798859133	0.186602849959222	MYO1B	1
GO:0007160	cell-matrix adhesion	1/19	230/18866	0.207980366022868	0.263282798859133	0.186602849959222	COL3A1	1
GO:0010001	glial cell differentiation	1/19	230/18866	0.207980366022868	0.263282798859133	0.186602849959222	NAB1	1
GO:0043903	regulation of symbiotic process	1/19	231/18866	0.208787855454375	0.263282798859133	0.186602849959222	STAT1	1
GO:0051259	protein complex oligomerization	1/19	231/18866	0.208787855454375	0.263282798859133	0.186602849959222	GLS	1
GO:0019882	antigen processing and presentation	1/19	232/18866	0.209594564912189	0.263471537710933	0.186736619456495	MFSD6	1
GO:0000302	response to reactive oxygen species	1/19	235/18866	0.212010020556204	0.265675057009493	0.188298373520312	STAT1	1
GO:0016072	rRNA metabolic process	1/19	238/18866	0.214418482017172	0.267024258661136	0.189254626167494	WDR75	1
GO:0034249	negative regulation of cellular amide metabolic process	1/19	238/18866	0.214418482017172	0.267024258661136	0.189254626167494	ORMDL1	1
GO:0033002	muscle cell proliferation	1/19	244/18866	0.219214498861814	0.272151746264976	0.192888755720025	STAT1	1
GO:0072330	monocarboxylic acid biosynthetic process	1/19	246/18866	0.220806997457841	0.273282734508007	0.193690348647229	ASNSD1	1
GO:0043122	regulation of I-kappaB kinase/NF-kappaB signaling	1/19	252/18866	0.22556605096704	0.277460081097494	0.196651061546984	STAT1	1
GO:0071560	cellular response to transforming growth factor beta stimulus	1/19	252/18866	0.22556605096704	0.277460081097494	0.196651061546984	COL3A1	1
GO:2000027	regulation of animal organ morphogenesis	1/19	254/18866	0.227146273402666	0.278549405609997	0.197423125120618	STAT1	1
GO:0051607	defense response to virus	1/19	258/18866	0.230297558717583	0.28069702445517	0.198945259490473	STAT1	1
GO:0071559	response to transforming growth factor beta	1/19	258/18866	0.230297558717583	0.28069702445517	0.198945259490473	COL3A1	1
GO:0021537	telencephalon development	1/19	259/18866	0.231083475870655	0.280801435830705	0.199019261515397	COL3A1	1
GO:0006302	double-strand break repair	1/19	262/18866	0.23343666843473	0.282803939704914	0.200438545006764	NABP1	1
GO:0045637	regulation of myeloid cell differentiation	1/19	263/18866	0.234219548637898	0.282897707842762	0.20050500358983	STAT1	1
GO:0090596	sensory organ morphogenesis	1/19	269/18866	0.238900946485122	0.287685524145747	0.203898389603233	COL5A2	1
GO:0030258	lipid modification	1/19	271/18866	0.240455378201066	0.288690439097687	0.204610627526908	INPP1	1
GO:0110053	regulation of actin filament organization	1/19	278/18866	0.245872237814711	0.294312738399102	0.20859545706197	TMEFF2	1
GO:0001822	kidney development	1/19	283/18866	0.249718994060018	0.297143372753908	0.210601681699843	STAT1	1
GO:0032868	response to insulin	1/19	283/18866	0.249718994060018	0.297143372753908	0.210601681699843	STAT1	1
GO:0007249	I-kappaB kinase/NF-kappaB signaling	1/19	286/18866	0.252018117097949	0.298991908154667	0.211911839353616	STAT1	1
GO:0060485	mesenchyme development	1/19	290/18866	0.255073233401655	0.301723795262725	0.213848076442934	STAT1	1
GO:0072001	renal system development	1/19	292/18866	0.256596354722468	0.302632759540322	0.214492308901134	STAT1	1
GO:0044262	cellular carbohydrate metabolic process	1/19	294/18866	0.258116525370405	0.303532922796282	0.215130303596263	INPP1	1
GO:0050768	negative regulation of neurogenesis	1/19	295/18866	0.258875505879664	0.303535315373524	0.215131999345981	COL3A1	1
GO:0071356	cellular response to tumor necrosis factor	1/19	297/18866	0.260391260638914	0.304422435907302	0.215760749953987	STAT1	1
GO:0006310	DNA recombination	1/19	299/18866	0.2619040782059	0.305300974885366	0.216383418346368	NABP1	1
GO:0042063	gliogenesis	1/19	307/18866	0.267926083932297	0.31051549033772	0.220079229272042	NAB1	1
GO:0045088	regulation of innate immune response	1/19	307/18866	0.267926083932297	0.31051549033772	0.220079229272042	STAT1	1
GO:0042254	ribosome biogenesis	1/19	310/18866	0.270172312287348	0.312216418522267	0.221284769657467	WDR75	1
GO:0051961	negative regulation of nervous system development	1/19	319/18866	0.276871886447653	0.318976169912163	0.226075773398829	COL3A1	1
GO:0034612	response to tumor necrosis factor	1/19	320/18866	0.27761267655697	0.318976169912163	0.226075773398829	STAT1	1
GO:0051056	regulation of small GTPase mediated signal transduction	1/19	323/18866	0.279830735634569	0.320606071398463	0.227230973297244	COL3A1	1
GO:0001655	urogenital system development	1/19	330/18866	0.28498114225522	0.324651812625975	0.230098410313724	STAT1	1
GO:0071375	cellular response to peptide hormone stimulus	1/19	330/18866	0.28498114225522	0.324651812625975	0.230098410313724	STAT1	1
GO:0045930	negative regulation of mitotic cell cycle	1/19	341/18866	0.293004195076084	0.331674014174002	0.235075426767241	NABP1	1
GO:0006650	glycerophospholipid metabolic process	1/19	343/18866	0.294453738269188	0.331674014174002	0.235075426767241	INPP1	1
GO:0007596	blood coagulation	1/19	343/18866	0.294453738269188	0.331674014174002	0.235075426767241	COL3A1	1
GO:0010721	negative regulation of cell development	1/19	343/18866	0.294453738269188	0.331674014174002	0.235075426767241	COL3A1	1
GO:0007265	Ras protein signal transduction	1/19	346/18866	0.296622774933813	0.332691147831376	0.235796324752517	COL3A1	1
GO:0007599	hemostasis	1/19	348/18866	0.298065288158416	0.332691147831376	0.235796324752517	COL3A1	1
GO:0009615	response to virus	1/19	349/18866	0.29878549333851	0.332691147831376	0.235796324752517	STAT1	1
GO:0050817	coagulation	1/19	349/18866	0.29878549333851	0.332691147831376	0.235796324752517	COL3A1	1
GO:0046942	carboxylic acid transport	1/19	350/18866	0.299504998421762	0.332691147831376	0.235796324752517	GLS	1
GO:0015849	organic acid transport	1/19	353/18866	0.301659319515445	0.334158527971529	0.236836336926927	GLS	1
GO:0007178	transmembrane receptor protein serine/threonine kinase signaling pathway	1/19	359/18866	0.305949145688089	0.337833339864576	0.239440876134494	COL3A1	1
GO:0032956	regulation of actin cytoskeleton organization	1/19	360/18866	0.306661685064104	0.337833339864576	0.239440876134494	TMEFF2	1
GO:0010038	response to metal ion	1/19	366/18866	0.310922389392745	0.341588707250659	0.242102509404588	SLC40A1	1
GO:1902903	regulation of supramolecular fiber organization	1/19	373/18866	0.315861859990643	0.345892279233179	0.245152685110798	TMEFF2	1
GO:0048193	Golgi vesicle transport	1/19	374/18866	0.316564754310665	0.345892279233179	0.245152685110798	MYO1B	1
GO:0006909	phagocytosis	1/19	382/18866	0.322163330690763	0.351052977192924	0.248810352650189	GULP1	1
GO:0001654	eye development	1/19	384/18866	0.32355617050303	0.351418596907286	0.249069487242334	COL5A2	1
GO:0006066	alcohol metabolic process	1/19	385/18866	0.324251573206224	0.351418596907286	0.249069487242334	INPP1	1
GO:0150063	visual system development	1/19	388/18866	0.326333719985643	0.352721891413053	0.24999320299652	COL5A2	1
GO:0030900	forebrain development	1/19	391/18866	0.328409787837106	0.354011626136235	0.250907308194733	COL3A1	1
GO:0006869	lipid transport	1/19	393/18866	0.329790464169753	0.354129463779004	0.250990826146033	GULP1	1
GO:0048880	sensory system development	1/19	394/18866	0.33047979352507	0.354129463779004	0.250990826146033	COL5A2	1
GO:0050678	regulation of epithelial cell proliferation	1/19	395/18866	0.331168451164904	0.354129463779004	0.250990826146033	STAT1	1
GO:1901653	cellular response to peptide	1/19	398/18866	0.333230399971047	0.355386676564867	0.251881881277107	STAT1	1
GO:0045765	regulation of angiogenesis	1/19	403/18866	0.33665360460039	0.35808513380572	0.253794424799959	STAT1	1
GO:0032970	regulation of actin filament-based process	1/19	405/18866	0.33801821895561	0.358585465082538	0.254149036808729	TMEFF2	1
GO:0007517	muscle organ development	1/19	407/18866	0.339380173532565	0.358626059749119	0.254177808458491	COL3A1	1
GO:0002831	regulation of response to biotic stimulus	1/19	409/18866	0.340739473227966	0.358626059749119	0.254177808458491	STAT1	1
GO:0060537	muscle tissue development	1/19	409/18866	0.340739473227966	0.358626059749119	0.254177808458491	COL3A1	1
GO:0010639	negative regulation of organelle organization	1/19	416/18866	0.345476185466966	0.362659555948307	0.257036566756905	TMEFF2	1
GO:0019216	regulation of lipid metabolic process	1/19	431/18866	0.355517939687345	0.370984550039295	0.262936943196245	ORMDL1	1
GO:0030099	myeloid cell differentiation	1/19	431/18866	0.355517939687345	0.370984550039295	0.262936943196245	STAT1	1
GO:0051656	establishment of organelle localization	1/19	432/18866	0.356182173977876	0.370984550039295	0.262936943196245	MYO1B	1
GO:0046486	glycerolipid metabolic process	1/19	434/18866	0.357508697369346	0.371401522396652	0.263232474201591	INPP1	1
GO:0010876	lipid localization	1/19	440/18866	0.361472749030122	0.374549282586767	0.265463463180016	GULP1	1
GO:1901342	regulation of vasculature development	1/19	444/18866	0.364102565689198	0.376301878457136	0.26670562326664	STAT1	1
GO:0001819	positive regulation of cytokine production	1/19	447/18866	0.366068190859109	0.377360782865045	0.267456126456391	STAT1	1
GO:0050673	epithelial cell proliferation	1/19	453/18866	0.36998218582088	0.380417580805572	0.269622645537484	STAT1	1
GO:0006644	phospholipid metabolic process	1/19	455/18866	0.371281755388965	0.380777452457736	0.269877706165084	INPP1	1
GO:0006979	response to oxidative stress	1/19	458/18866	0.373226348941478	0.381795321238603	0.270599125172393	STAT1	1
GO:0002683	negative regulation of immune system process	1/19	463/18866	0.376454681759766	0.384117881388463	0.272245249966886	COL3A1	1
GO:0010256	endomembrane system organization	1/19	468/18866	0.379667257250047	0.386412614612357	0.273871652304335	TMEFF2	1
GO:0002697	regulation of immune effector process	1/19	470/18866	0.380947891680233	0.386734441933604	0.274099748843872	STAT1	1
GO:0031667	response to nutrient levels	1/19	473/18866	0.382864148069929	0.38769829135364	0.274782881389901	STAT1	1
GO:0008544	epidermis development	1/19	477/18866	0.385410416387674	0.388955316711578	0.275673803680604	NAB1	1
GO:0072511	divalent inorganic cation transport	1/19	478/18866	0.386045426561616	0.388955316711578	0.275673803680604	SLC40A1	1
GO:0022613	ribonucleoprotein complex biogenesis	1/19	482/18866	0.388579256892059	0.390527022590766	0.276787757184688	WDR75	1
GO:0016311	dephosphorylation	1/19	492/18866	0.39487056065785	0.395857737059495	0.280565924677946	INPP1	1
GO:1903706	regulation of hemopoiesis	1/19	498/18866	0.398615853123071	0.398615853123071	0.282520751655674	STAT1	1
