gene	gene.id	score.adj	gene.source	score.tot	abc.enhancer.intersect.label	ABC.product.label	chic.enhancer.intersect.label	contact.product.label	count	datatype	sources
COQ9	ENSG00000088682	15	CIAPIN1	31	2	3	2	3	21	ABC,CHiC	chr16:56639960-56645831,chr16:57298869-57301500,chr16:57302558-57303592,chr16:57333210-57335328,chr16:57337937-57338465,chr16:57417430-57418771,chr16:57451676-57452165,chr16:57452493-57453437,chr16:57466172-57466712,chr16:57477983-57478427,chr16:57504477-57506928,chr16:57512427-57514785,chr16:57553700-57554263,chr16:57653300-57655255,chr16:57669027-57670023,chr16:57830970-57833098,chr16:57925806-57928939,chr16:57256998-57262124,chr16:57428584-57434799,chr16:57491859-57510132,chr16:57662892-57669586
CX3CL1	ENSG00000006210	12	CIAPIN1	21	2	3	2	2	12	ABC,CHiC	chr16:56639960-56645831,chr16:57298869-57301500,chr16:57302558-57303592,chr16:57333210-57335328,chr16:57337937-57338465,chr16:57417430-57418771,chr16:57451676-57452165,chr16:57452493-57453437,chr16:57504477-57506928,chr16:57653300-57655255,chr16:57669027-57670023,chr16:57428584-57434799
POLR3GL	ENSG00000121851	11	HFE2	18	2	3	2	2	9	ABC,CHiC	chr1:144930398-144933456,chr1:145394876-145400153,chr1:145434950-145435719,chr1:145442141-145445254,chr1:145451402-145451862,chr1:145454003-145457954,chr1:145473958-145474912,chr1:145541765-145543880,chr1:145508505-145515028
POLR3D	ENSG00000168495	11	SLC39A14	23	2	3	2	1	15	ABC,CHiC	chr8:22067645-22070491,chr8:22144581-22145296,chr8:22171700-22172282,chr8:22213661-22214338,chr8:22216080-22217194,chr8:22217804-22218170,chr8:22222561-22223640,chr8:22227866-22228908,chr8:22239990-22242031,chr8:22249601-22251436,chr8:22268657-22269287,chr8:22417293-22420339,chr8:22422008-22424153,chr8:22445878-22447183,chr8:22143600-22148473
NUDT17	ENSG00000186364	11	HFE2	17	2	3	2	2	8	ABC,CHiC	chr1:144930398-144933456,chr1:145394876-145400153,chr1:145434950-145435719,chr1:145442141-145445254,chr1:145454003-145457954,chr1:145473958-145474912,chr1:145541765-145543880,chr1:145382770-145387982
KATNB1	ENSG00000140854	11	CIAPIN1	17	2	2	2	3	8	ABC,CHiC	chr16:56639960-56645831,chr16:57333210-57335328,chr16:57653300-57655255,chr16:57669027-57670023,chr16:57830970-57833098,chr16:57925806-57928939,chr16:57491859-57510132,chr16:57662892-57669586
DOK4	ENSG00000125170	11	CIAPIN1	20	2	3	2	1	12	ABC,CHiC	chr16:56639960-56645831,chr16:57298869-57301500,chr16:57302558-57303592,chr16:57333210-57335328,chr16:57504477-57506928,chr16:57512427-57514785,chr16:57553700-57554263,chr16:57653300-57655255,chr16:57669027-57670023,chr16:57830970-57833098,chr16:57925806-57928939,chr16:57491859-57510132
ANKRD34A	ENSG00000272031	11	HFE2	18	2	3	2	2	9	ABC,CHiC	chr1:144930398-144933456,chr1:145394876-145400153,chr1:145434950-145435719,chr1:145442141-145445254,chr1:145451402-145451862,chr1:145454003-145457954,chr1:145473958-145474912,chr1:145541765-145543880,chr1:145508505-145515028
TST	ENSG00000128311	10	TMPRSS6	13	2	3	2	2	4	ABC,CHiC	chr22:37427901-37430606,chr22:37439253-37441320,chr22:37592837-37596190,chr22:37550713-37556000
RAC2	ENSG00000128340	10	TMPRSS6	13	2	2	2	3	4	ABC,CHiC	chr22:37427901-37430606,chr22:37439253-37441320,chr22:37592837-37596190,chr22:37461032-37471647
PDE4DIP	ENSG00000178104	10	HFE2	13	2	3	2	2	4	ABC,CHiC	chr1:144930398-144933456,chr1:145394876-145400153,chr1:145454003-145457954,chr1:144995955-144999800
MPST	ENSG00000128309	10	TMPRSS6	13	2	3	2	2	4	ABC,CHiC	chr22:37427901-37430606,chr22:37439253-37441320,chr22:37592837-37596190,chr22:37550713-37556000
METTL7A	ENSG00000185432	10	SLC11A2	14	2	3	2	2	5	ABC,CHiC	chr12:51158462-51159633,chr12:51326262-51329574,chr12:51417885-51419543,chr12:51421716-51423284,chr12:51184932-51188867
IL2RB	ENSG00000100385	10	TMPRSS6	14	2	2	2	3	5	ABC,CHiC	chr22:37427901-37430606,chr22:37439253-37441320,chr22:37505175-37505880,chr22:37592837-37596190,chr22:37461032-37471647
ATF1	ENSG00000123268	10	SLC11A2	14	2	3	2	2	5	ABC,CHiC	chr12:51158462-51159633,chr12:51326262-51329574,chr12:51417885-51419543,chr12:51421716-51423284,chr12:51316042-51321932
ARL2BP	ENSG00000102931	10	CIAPIN1	15	2	3	2	2	6	ABC,CHiC	chr16:56639960-56645831,chr16:57298869-57301500,chr16:57302558-57303592,chr16:57333210-57335328,chr16:57337937-57338465,chr16:57256998-57262124
ADPGK	ENSG00000159322	10	NEO1	14	2	2	2	3	5	ABC,CHiC	chr15:73074997-73077510,chr15:73320830-73321661,chr15:73401919-73403010,chr15:73089434-73099467,chr15:73372310-73380150
SAP25	ENSG00000205307	9	TFR2	12	2	3	2	1	4	ABC,CHiC	chr7:100141678-100145003,chr7:100164430-100166511,chr7:100166895-100168233,chr7:100479857-100484394
LRCH4	ENSG00000077454	9	TFR2	14	2	3	2	1	6	ABC,CHiC	chr7:100141678-100145003,chr7:100164430-100166511,chr7:100166895-100168233,chr7:100270598-100274295,chr7:100288359-100293913,chr7:100479857-100484394
KCTD17	ENSG00000100379	9	TMPRSS6	13	2	2	2	2	5	ABC,CHiC	chr22:37427901-37430606,chr22:37439253-37441320,chr22:37592837-37596190,chr22:37461032-37471647,chr22:37533344-37544456
CSRNP2	ENSG00000110925	9	SLC11A2	12	2	3	2	1	4	ABC,CHiC	chr12:51417885-51419543,chr12:51421716-51423284,chr12:53318068-53321694,chr12:51316042-51321932
C1QTNF6	ENSG00000133466	9	TMPRSS6	13	2	2	2	2	5	ABC,CHiC	chr22:37427901-37430606,chr22:37439253-37441320,chr22:37592837-37596190,chr22:37461032-37471647,chr22:37550713-37556000
AGFG2	ENSG00000106351	9	TFR2	13	2	3	2	1	5	ABC,CHiC	chr7:100141678-100145003,chr7:100164430-100166511,chr7:100166895-100168233,chr7:100288359-100293913,chr7:100151130-100158146
XPO7	ENSG00000130227	8	SLC39A14	11	2	2	2	2	3	ABC,CHiC	chr8:22067645-22070491,chr8:22417293-22420339,chr8:22143600-22148473
TSC22D4	ENSG00000166925	8	TFR2	13	2	2	2	1	6	ABC,CHiC	chr7:100141678-100145003,chr7:100164430-100166511,chr7:100166895-100168233,chr7:100270598-100274295,chr7:100288359-100293913,chr7:100151130-100158146
POLR2C	ENSG00000102978	8	CIAPIN1	18	2	3	0	0	13	ABC	chr16:56639960-56645831,chr16:57298869-57301500,chr16:57302558-57303592,chr16:57333210-57335328,chr16:57337937-57338465,chr16:57451676-57452165,chr16:57504477-57506928,chr16:57512427-57514785,chr16:57553700-57554263,chr16:57653300-57655255,chr16:57669027-57670023,chr16:57830970-57833098,chr16:57925806-57928939
PCOLCE	ENSG00000106333	8	TFR2	14	2	2	2	1	7	ABC,CHiC	chr7:100141678-100145003,chr7:100164430-100166511,chr7:100166895-100168233,chr7:100222958-100225167,chr7:100270598-100274295,chr7:100288359-100293913,chr7:100151130-100158146
NYAP1	ENSG00000166924	8	TFR2	13	2	2	2	1	6	ABC,CHiC	chr7:100141678-100145003,chr7:100164430-100166511,chr7:100166895-100168233,chr7:100270598-100274295,chr7:100288359-100293913,chr7:100151130-100158146
NR4A1	ENSG00000123358	8	SLC11A2	10	2	2	2	2	2	ABC,CHiC	chr12:53318068-53321694,chr12:51540821-51574422
FBXO24	ENSG00000106336	8	TFR2	13	2	2	2	1	6	ABC,CHiC	chr7:100141678-100145003,chr7:100164430-100166511,chr7:100166895-100168233,chr7:100270598-100274295,chr7:100288359-100293913,chr7:100479857-100484394
EPO	ENSG00000130427	8	TFR2	13	2	2	2	1	6	ABC,CHiC	chr7:100141678-100145003,chr7:100164430-100166511,chr7:100166895-100168233,chr7:100270598-100274295,chr7:100288359-100293913,chr7:100479857-100484394
DAZAP2	ENSG00000183283	8	SLC11A2	11	2	2	2	1	4	ABC,CHiC	chr12:51421716-51423284,chr12:53318068-53321694,chr12:50495719-50503727,chr12:51540821-51574422
ACTL6B	ENSG00000077080	8	TFR2	11	2	2	2	1	4	ABC,CHiC	chr7:100166895-100168233,chr7:100239982-100240531,chr7:100151130-100158146,chr7:100479857-100484394
WDR75	ENSG00000115368	7	SLC40A1	14	2	3	0	0	9	ABC	chr2:190386687-190387867,chr2:190397902-190400128,chr2:190405339-190407623,chr2:190416794-190418081,chr2:190446228-190446897,chr2:190503561-190504447,chr2:190538287-190539967,chr2:191512498-191515524,chr2:191884745-191886351
TXNIP	ENSG00000265972	7	HFE2	14	2	3	0	0	9	ABC	chr1:144930398-144933456,chr1:145394876-145400153,chr1:145426950-145428636,chr1:145434950-145435719,chr1:145442141-145445254,chr1:145451402-145451862,chr1:145454003-145457954,chr1:145473958-145474912,chr1:145541765-145543880
PPP3CC	ENSG00000120910	7	SLC39A14	13	2	3	0	0	8	ABC	chr8:22067645-22070491,chr8:22222561-22223640,chr8:22239990-22242031,chr8:22249601-22251436,chr8:22268657-22269287,chr8:22417293-22420339,chr8:22422008-22424153,chr8:22445878-22447183
PEX11B	ENSG00000131779	7	HFE2	13	2	3	0	0	8	ABC	chr1:144930398-144933456,chr1:145394876-145400153,chr1:145434950-145435719,chr1:145442141-145445254,chr1:145451402-145451862,chr1:145454003-145457954,chr1:145473958-145474912,chr1:145541765-145543880
OSGEPL1-AS1	ENSG00000253559	7	SLC40A1	13	2	3	0	0	8	ABC	chr2:190386687-190387867,chr2:190397902-190400128,chr2:190405339-190407623,chr2:190446228-190446897,chr2:190503561-190504447,chr2:190538287-190539967,chr2:191512498-191515524,chr2:191884745-191886351
OSGEPL1	ENSG00000128694	7	SLC40A1	13	2	3	0	0	8	ABC	chr2:190386687-190387867,chr2:190397902-190400128,chr2:190405339-190407623,chr2:190446228-190446897,chr2:190503561-190504447,chr2:190538287-190539967,chr2:191512498-191515524,chr2:191884745-191886351
LIX1L	ENSG00000271601	7	HFE2	13	2	3	0	0	8	ABC	chr1:144930398-144933456,chr1:145394876-145400153,chr1:145434950-145435719,chr1:145442141-145445254,chr1:145451402-145451862,chr1:145454003-145457954,chr1:145473958-145474912,chr1:145541765-145543880
GNRHR2	ENSG00000211451	7	HFE2	13	2	3	0	0	8	ABC	chr1:144930398-144933456,chr1:145394876-145400153,chr1:145434950-145435719,chr1:145442141-145445254,chr1:145451402-145451862,chr1:145454003-145457954,chr1:145473958-145474912,chr1:145541765-145543880
CCDC102A	ENSG00000135736	7	CIAPIN1	16	2	3	0	0	11	ABC	chr16:56639960-56645831,chr16:57298869-57301500,chr16:57302558-57303592,chr16:57333210-57335328,chr16:57504477-57506928,chr16:57512427-57514785,chr16:57553700-57554263,chr16:57653300-57655255,chr16:57669027-57670023,chr16:57830970-57833098,chr16:57925806-57928939
ASNSD1	ENSG00000138381	7	SLC40A1	13	2	3	0	0	8	ABC	chr2:190386687-190387867,chr2:190397902-190400128,chr2:190405339-190407623,chr2:190446228-190446897,chr2:190503561-190504447,chr2:190538287-190539967,chr2:191512498-191515524,chr2:191884745-191886351
ANKRD35	ENSG00000198483	7	HFE2	13	2	3	0	0	8	ABC	chr1:144930398-144933456,chr1:145394876-145400153,chr1:145434950-145435719,chr1:145442141-145445254,chr1:145451402-145451862,chr1:145454003-145457954,chr1:145473958-145474912,chr1:145541765-145543880
TLK1	ENSG00000198586	6	CYBRD1	10	2	3	0	0	5	ABC	chr2:171829019-171831688,chr2:172015308-172017831,chr2:172378265-172381001,chr2:173292939-173295101,chr2:173305145-173307719
SORBS3	ENSG00000120896	6	SLC39A14	12	2	3	0	0	7	ABC	chr8:22067645-22070491,chr8:22239990-22242031,chr8:22249601-22251436,chr8:22268657-22269287,chr8:22417293-22420339,chr8:22422008-22424153,chr8:22445878-22447183
SLC51A	ENSG00000163959	6	TFRC	9	2	3	0	0	4	ABC	chr3:195823095-195825348,chr3:195886565-195887763,chr3:195918854-195921802,chr3:195941195-195942236
SLC25A12	ENSG00000115840	6	CYBRD1	11	2	3	0	0	6	ABC	chr2:171829019-171831688,chr2:172378265-172381001,chr2:173205171-173206579,chr2:173292939-173295101,chr2:173305145-173307719,chr2:173913249-173914978
RSPRY1	ENSG00000159579	6	CIAPIN1	11	2	3	0	0	6	ABC	chr16:56639960-56645831,chr16:57298869-57301500,chr16:57302558-57303592,chr16:57333210-57335328,chr16:57337937-57338465,chr16:57830970-57833098
RBM8A	ENSG00000265241	6	HFE2	12	2	2	0	0	8	ABC	chr1:144930398-144933456,chr1:145394876-145400153,chr1:145434950-145435719,chr1:145442141-145445254,chr1:145451402-145451862,chr1:145454003-145457954,chr1:145473958-145474912,chr1:145541765-145543880
POP7	ENSG00000172336	6	TFR2	10	2	3	0	0	5	ABC	chr7:100141678-100145003,chr7:100164430-100166511,chr7:100166895-100168233,chr7:100270598-100274295,chr7:100288359-100293913
PMS1	ENSG00000064933	6	SLC40A1	11	2	3	0	0	6	ABC	chr2:190386687-190387867,chr2:190405339-190407623,chr2:190446228-190446897,chr2:190538287-190539967,chr2:191512498-191515524,chr2:191884745-191886351
PLLP	ENSG00000102934	6	CIAPIN1	11	2	3	0	0	6	ABC	chr16:56639960-56645831,chr16:57298869-57301500,chr16:57302558-57303592,chr16:57333210-57335328,chr16:57337937-57338465,chr16:57451676-57452165
PIAS3	ENSG00000131788	6	HFE2	11	2	3	0	0	6	ABC	chr1:144930398-144933456,chr1:145394876-145400153,chr1:145442141-145445254,chr1:145454003-145457954,chr1:145473958-145474912,chr1:145541765-145543880
PHYHIP	ENSG00000168490	6	SLC39A14	9	2	1	2	1	3	ABC,CHiC	chr8:22067645-22070491,chr8:22422008-22424153,chr8:22143600-22148473
PDLIM2	ENSG00000120913	6	SLC39A14	11	2	3	0	0	6	ABC	chr8:22067645-22070491,chr8:22249601-22251436,chr8:22268657-22269287,chr8:22417293-22420339,chr8:22422008-22424153,chr8:22445878-22447183
ORMDL1	ENSG00000128699	6	SLC40A1	11	2	3	0	0	6	ABC	chr2:190386687-190387867,chr2:190405339-190407623,chr2:190446228-190446897,chr2:190538287-190539967,chr2:191512498-191515524,chr2:191884745-191886351
NEMP2	ENSG00000189362	6	SLC40A1	9	2	3	0	0	4	ABC	chr2:190386687-190387867,chr2:190538287-190539967,chr2:191512498-191515524,chr2:191884745-191886351
MFSD6	ENSG00000151690	6	SLC40A1	10	2	3	0	0	5	ABC	chr2:190386687-190387867,chr2:190405339-190407623,chr2:190538287-190539967,chr2:191512498-191515524,chr2:191884745-191886351
METTL8	ENSG00000123600	6	CYBRD1	10	2	3	0	0	5	ABC	chr2:171829019-171831688,chr2:172015308-172017831,chr2:172378265-172381001,chr2:173292939-173295101,chr2:173305145-173307719
METAP1D	ENSG00000172878	6	CYBRD1	11	2	3	0	0	6	ABC	chr2:171829019-171831688,chr2:172378265-172381001,chr2:173205171-173206579,chr2:173292939-173295101,chr2:173305145-173307719,chr2:173913249-173914978
LOC283856	ENSG00000246379	6	CIAPIN1	9	2	3	0	0	4	ABC	chr16:56639960-56645831,chr16:57302558-57303592,chr16:57333210-57335328,chr16:57653300-57655255
LOC100996724	ENSG00000275131	6	HFE2	9	2	3	0	0	4	ABC	chr1:144930398-144933456,chr1:145394876-145400153,chr1:145454003-145457954,chr1:145541765-145543880
LINC01719	ENSG00000233396	6	HFE2	11	2	3	0	0	6	ABC	chr1:144930398-144933456,chr1:145394876-145400153,chr1:145442141-145445254,chr1:145454003-145457954,chr1:145473958-145474912,chr1:145541765-145543880
LETMD1	ENSG00000050426	6	SLC11A2	9	2	3	0	0	4	ABC	chr12:51326262-51329574,chr12:51417885-51419543,chr12:51421716-51423284,chr12:53318068-53321694
HIST1H4C	ENSG00000197061	6	HFE	10	2	3	0	0	5	ABC	chr6:24719303-24722493,chr6:25991654-25993671,chr6:26054167-26057540,chr6:26066039-26067913,chr6:26122300-26126958
HIST1H3B	ENSG00000286522	6	HFE	9	2	3	0	0	4	ABC	chr6:24719303-24722493,chr6:25991654-25993671,chr6:26054167-26057540,chr6:26122300-26126958
HIST1H2AB	ENSG00000278463	6	HFE	9	2	3	0	0	4	ABC	chr6:24719303-24722493,chr6:25991654-25993671,chr6:26054167-26057540,chr6:26122300-26126958
HIST1H1C	ENSG00000187837	6	HFE	10	2	3	0	0	5	ABC	chr6:24719303-24722493,chr6:25991654-25993671,chr6:26054167-26057540,chr6:26066039-26067913,chr6:26122300-26126958
HIBCH	ENSG00000198130	6	SLC40A1	11	2	3	0	0	6	ABC	chr2:190386687-190387867,chr2:190405339-190407623,chr2:190446228-190446897,chr2:190538287-190539967,chr2:191512498-191515524,chr2:191884745-191886351
HAT1	ENSG00000128708	6	CYBRD1	10	2	3	0	0	5	ABC	chr2:171829019-171831688,chr2:172378265-172381001,chr2:173292939-173295101,chr2:173305145-173307719,chr2:173913249-173914978
GORASP2	ENSG00000115806	6	CYBRD1	11	2	3	0	0	6	ABC	chr2:171785988-171787236,chr2:171829019-171831688,chr2:172015308-172017831,chr2:172378265-172381001,chr2:173292939-173295101,chr2:173305145-173307719
GNB2	ENSG00000172354	6	TFR2	11	2	3	0	0	6	ABC	chr7:100141678-100145003,chr7:100164430-100166511,chr7:100166895-100168233,chr7:100222958-100225167,chr7:100270598-100274295,chr7:100288359-100293913
GNAO1	ENSG00000087258	6	CIAPIN1	9	2	3	0	0	4	ABC	chr16:56639960-56645831,chr16:57302558-57303592,chr16:57333210-57335328,chr16:57653300-57655255
GINS3	ENSG00000181938	6	CIAPIN1	12	2	3	0	0	7	ABC	chr16:56639960-56645831,chr16:57302558-57303592,chr16:57333210-57335328,chr16:57653300-57655255,chr16:57669027-57670023,chr16:57830970-57833098,chr16:57925806-57928939
GAD1	ENSG00000128683	6	CYBRD1	9	2	3	0	0	4	ABC	chr2:171311973-171313151,chr2:171567789-171570417,chr2:171829019-171831688,chr2:172378265-172381001
FAM192A	ENSG00000172775	6	CIAPIN1	10	2	3	0	0	5	ABC	chr16:56639960-56645831,chr16:57298869-57301500,chr16:57302558-57303592,chr16:57333210-57335328,chr16:57653300-57655255
DYNC1I2	ENSG00000077380	6	CYBRD1	10	2	3	0	0	5	ABC	chr2:171829019-171831688,chr2:172378265-172381001,chr2:173205171-173206579,chr2:173292939-173295101,chr2:173305145-173307719
DRC7	ENSG00000159625	6	CIAPIN1	12	2	3	0	0	7	ABC	chr16:56639960-56645831,chr16:57302558-57303592,chr16:57333210-57335328,chr16:57653300-57655255,chr16:57669027-57670023,chr16:57830970-57833098,chr16:57925806-57928939
DKFZP434H168	ENSG00000261439	6	CIAPIN1	9	2	3	0	0	4	ABC	chr16:56639960-56645831,chr16:57302558-57303592,chr16:57333210-57335328,chr16:57653300-57655255
DCAF17	ENSG00000115827	6	CYBRD1	10	2	3	0	0	5	ABC	chr2:171829019-171831688,chr2:172015308-172017831,chr2:172378265-172381001,chr2:173292939-173295101,chr2:173305145-173307719
CPNE2	ENSG00000140848	6	CIAPIN1	12	2	3	0	0	7	ABC	chr16:56639960-56645831,chr16:57298869-57301500,chr16:57302558-57303592,chr16:57333210-57335328,chr16:57653300-57655255,chr16:57830970-57833098,chr16:57925806-57928939
CCDC113	ENSG00000103021	6	CIAPIN1	12	2	3	0	0	7	ABC	chr16:56639960-56645831,chr16:57302558-57303592,chr16:57333210-57335328,chr16:57653300-57655255,chr16:57669027-57670023,chr16:57830970-57833098,chr16:57925806-57928939
CCAR2	ENSG00000158941	6	SLC39A14	10	2	3	0	0	5	ABC	chr8:22067645-22070491,chr8:22249601-22251436,chr8:22417293-22420339,chr8:22422008-22424153,chr8:22445878-22447183
C8orf58	ENSG00000241852	6	SLC39A14	11	2	3	0	0	6	ABC	chr8:22067645-22070491,chr8:22249601-22251436,chr8:22268657-22269287,chr8:22417293-22420339,chr8:22422008-22424153,chr8:22445878-22447183
C2orf88	ENSG00000187699	6	SLC40A1	11	2	3	0	0	6	ABC	chr2:190386687-190387867,chr2:190405339-190407623,chr2:190446228-190446897,chr2:190538287-190539967,chr2:191512498-191515524,chr2:191884745-191886351
BIN3-IT1	.	6	SLC39A14	10	2	3	0	0	5	ABC	chr8:22067645-22070491,chr8:22249601-22251436,chr8:22417293-22420339,chr8:22422008-22424153,chr8:22445878-22447183
ADGRG1	ENSG00000205336	6	CIAPIN1	12	2	3	0	0	7	ABC	chr16:56639960-56645831,chr16:57302558-57303592,chr16:57333210-57335328,chr16:57653300-57655255,chr16:57669027-57670023,chr16:57830970-57833098,chr16:57925806-57928939
ZNF319	ENSG00000166188	5	CIAPIN1	10	2	2	0	0	6	ABC	chr16:57302558-57303592,chr16:57333210-57335328,chr16:57653300-57655255,chr16:57669027-57670023,chr16:57830970-57833098,chr16:57925806-57928939
ZASP	ENSG00000122367	5	TFR2	8	2	3	0	0	3	ABC	chr7:100141678-100145003,chr7:100164430-100166511,chr7:100166895-100168233
USB1	ENSG00000103005	5	CIAPIN1	10	2	2	0	0	6	ABC	chr16:57302558-57303592,chr16:57333210-57335328,chr16:57653300-57655255,chr16:57669027-57670023,chr16:57830970-57833098,chr16:57925806-57928939
TRIM56	ENSG00000169871	5	TFR2	6	0	0	2	3	1	CHiC	chr7:100479857-100484394
TRIM38	ENSG00000112343	5	HFE	8	2	3	0	0	3	ABC	chr6:24719303-24722493,chr6:25991654-25993671,chr6:26054167-26057540
TMPRSS12	ENSG00000186452	5	SLC11A2	7	2	3	0	0	2	ABC	chr12:51326262-51329574,chr12:51421716-51423284
SP5	ENSG00000204335	5	CYBRD1	8	2	2	0	0	4	ABC	chr2:171311973-171313151,chr2:171567789-171570417,chr2:171829019-171831688,chr2:173292939-173295101
SLC38A7	ENSG00000103042	5	CIAPIN1	10	2	2	0	0	6	ABC	chr16:57302558-57303592,chr16:57333210-57335328,chr16:57653300-57655255,chr16:57669027-57670023,chr16:57830970-57833098,chr16:57925806-57928939
SLC12A9	ENSG00000146828	5	TFR2	8	2	2	0	0	4	ABC	chr7:100141678-100145003,chr7:100164430-100166511,chr7:100166895-100168233,chr7:100288359-100293913
SETD6	ENSG00000103037	5	CIAPIN1	11	2	2	0	0	7	ABC	chr16:56639960-56645831,chr16:57302558-57303592,chr16:57333210-57335328,chr16:57653300-57655255,chr16:57669027-57670023,chr16:57830970-57833098,chr16:57925806-57928939
SEC22B	ENSG00000265808	5	HFE2	8	2	3	0	0	3	ABC	chr1:144930398-144933456,chr1:145394876-145400153,chr1:145454003-145457954
SDHAP1	ENSG00000185485	5	TFRC	11	2	2	0	0	7	ABC	chr3:195782007-195783321,chr3:195823095-195825348,chr3:195834775-195835690,chr3:195862486-195863990,chr3:195886565-195887763,chr3:195918854-195921802,chr3:195941195-195942236
RNF115	ENSG00000265491	5	HFE2	10	2	2	0	0	6	ABC	chr1:144930398-144933456,chr1:145394876-145400153,chr1:145442141-145445254,chr1:145454003-145457954,chr1:145473958-145474912,chr1:145541765-145543880
POLR3C	ENSG00000186141	5	HFE2	10	2	2	0	0	6	ABC	chr1:144930398-144933456,chr1:145394876-145400153,chr1:145442141-145445254,chr1:145454003-145457954,chr1:145473958-145474912,chr1:145541765-145543880
PDZK1	ENSG00000174827	5	HFE2	10	2	2	0	0	6	ABC	chr1:144930398-144933456,chr1:145394876-145400153,chr1:145442141-145445254,chr1:145454003-145457954,chr1:145473958-145474912,chr1:145541765-145543880
PDK1	ENSG00000152256	5	CYBRD1	8	2	2	0	0	4	ABC	chr2:173205171-173206579,chr2:173292939-173295101,chr2:173305145-173307719,chr2:173913249-173914978
PCOLCE-AS1	ENSG00000224729	5	TFR2	10	2	2	0	0	6	ABC	chr7:100141678-100145003,chr7:100164430-100166511,chr7:100166895-100168233,chr7:100222958-100225167,chr7:100270598-100274295,chr7:100288359-100293913
NUP93	ENSG00000102900	5	CIAPIN1	8	2	2	0	0	4	ABC	chr16:56639960-56645831,chr16:57302558-57303592,chr16:57333210-57335328,chr16:57653300-57655255
NBPF10	ENSG00000271425	5	HFE2	8	2	2	0	0	4	ABC	chr1:144930398-144933456,chr1:145394876-145400153,chr1:145442141-145445254,chr1:145454003-145457954
MOSPD3	ENSG00000106330	5	TFR2	10	2	2	0	0	6	ABC	chr7:100141678-100145003,chr7:100164430-100166511,chr7:100166895-100168233,chr7:100222958-100225167,chr7:100270598-100274295,chr7:100288359-100293913
MMP15	ENSG00000102996	5	CIAPIN1	9	2	2	0	0	5	ABC	chr16:57333210-57335328,chr16:57653300-57655255,chr16:57669027-57670023,chr16:57830970-57833098,chr16:57925806-57928939
LOC388282	ENSG00000187185	5	CIAPIN1	9	2	2	0	0	5	ABC	chr16:57333210-57335328,chr16:57653300-57655255,chr16:57669027-57670023,chr16:57830970-57833098,chr16:57925806-57928939
LOC108783645	.	5	HFE	8	2	3	0	0	3	ABC	chr6:26054167-26057540,chr6:26066039-26067913,chr6:26122300-26126958
LOC101926913	ENSG00000234350	5	CYBRD1	9	2	2	0	0	5	ABC	chr2:171311973-171313151,chr2:171567789-171570417,chr2:171829019-171831688,chr2:173292939-173295101,chr2:173305145-173307719
LINC01124	ENSG00000222033	5	CYBRD1	8	2	2	0	0	4	ABC	chr2:171311973-171313151,chr2:171567789-171570417,chr2:171829019-171831688,chr2:173292939-173295101
KRT8	ENSG00000170421	5	SLC11A2	6	2	3	0	0	1	ABC	chr12:53318068-53321694
KRT18	ENSG00000111057	5	SLC11A2	6	2	3	0	0	1	ABC	chr12:53318068-53321694
KIFC3	ENSG00000140859	5	CIAPIN1	10	2	2	0	0	6	ABC	chr16:57302558-57303592,chr16:57333210-57335328,chr16:57653300-57655255,chr16:57669027-57670023,chr16:57830970-57833098,chr16:57925806-57928939
ITGA6	ENSG00000091409	5	CYBRD1	8	2	3	0	0	3	ABC	chr2:173205171-173206579,chr2:173292939-173295101,chr2:173305145-173307719
ITGA10	ENSG00000143127	5	HFE2	7	2	3	0	0	2	ABC	chr1:145394876-145400153,chr1:145541765-145543880
HIST1H4B	ENSG00000278705	5	HFE	8	2	2	0	0	4	ABC	chr6:24719303-24722493,chr6:25991654-25993671,chr6:26054167-26057540,chr6:26122300-26126958
HIST1H4A	ENSG00000278637	5	HFE	8	2	2	0	0	4	ABC	chr6:24719303-24722493,chr6:25991654-25993671,chr6:26054167-26057540,chr6:26122300-26126958
HIST1H3C	ENSG00000287080	5	HFE	8	2	3	0	0	3	ABC	chr6:25991654-25993671,chr6:26054167-26057540,chr6:26122300-26126958
HIST1H3A	ENSG00000275714	5	HFE	8	2	2	0	0	4	ABC	chr6:24719303-24722493,chr6:25991654-25993671,chr6:26054167-26057540,chr6:26122300-26126958
HIST1H2BC	ENSG00000180596	5	HFE	8	2	2	0	0	4	ABC	chr6:24719303-24722493,chr6:25991654-25993671,chr6:26054167-26057540,chr6:26122300-26126958
HIST1H2BB	ENSG00000276410	5	HFE	8	2	3	0	0	3	ABC	chr6:25991654-25993671,chr6:26054167-26057540,chr6:26122300-26126958
HIST1H2AC	ENSG00000180573	5	HFE	8	2	2	0	0	4	ABC	chr6:24719303-24722493,chr6:25991654-25993671,chr6:26054167-26057540,chr6:26122300-26126958
HIST1H1T	ENSG00000187475	5	HFE	7	2	3	0	0	2	ABC	chr6:26054167-26057540,chr6:26122300-26126958
HERPUD1	ENSG00000051108	5	CIAPIN1	8	2	3	0	0	3	ABC	chr16:56639960-56645831,chr16:57302558-57303592,chr16:57333210-57335328
GULP1	ENSG00000144366	5	SLC40A1	8	2	3	0	0	3	ABC	chr2:190386687-190387867,chr2:190446228-190446897,chr2:190538287-190539967
GPR89A	ENSG00000117262	5	HFE2	8	2	2	0	0	4	ABC	chr1:144930398-144933456,chr1:145394876-145400153,chr1:145442141-145445254,chr1:145454003-145457954
GOT2	ENSG00000125166	5	CIAPIN1	10	2	2	0	0	6	ABC	chr16:57302558-57303592,chr16:57333210-57335328,chr16:57653300-57655255,chr16:57669027-57670023,chr16:57830970-57833098,chr16:57925806-57928939
ERICH2	ENSG00000204334	5	CYBRD1	9	2	2	0	0	5	ABC	chr2:171311973-171313151,chr2:171567789-171570417,chr2:171829019-171831688,chr2:173292939-173295101,chr2:173305145-173307719
DSP	ENSG00000096696	5	BMP6	7	2	3	0	0	2	ABC	chr6:7140812-7142802,chr6:7542471-7544728
DLX2-AS1	ENSG00000236651	5	CYBRD1	9	2	2	0	0	5	ABC	chr2:171829019-171831688,chr2:173205171-173206579,chr2:173292939-173295101,chr2:173305145-173307719,chr2:173913249-173914978
DLX2	ENSG00000115844	5	CYBRD1	9	2	2	0	0	5	ABC	chr2:171829019-171831688,chr2:173205171-173206579,chr2:173292939-173295101,chr2:173305145-173307719,chr2:173913249-173914978
DLX1	ENSG00000144355	5	CYBRD1	9	2	2	0	0	5	ABC	chr2:171829019-171831688,chr2:173205171-173206579,chr2:173292939-173295101,chr2:173305145-173307719,chr2:173913249-173914978
CSNK2A2	ENSG00000070770	5	CIAPIN1	8	2	2	0	0	4	ABC	chr16:56639960-56645831,chr16:57333210-57335328,chr16:57830970-57833098,chr16:57925806-57928939
COL5A2	ENSG00000204262	5	SLC40A1	10	2	2	0	0	6	ABC	chr2:190386687-190387867,chr2:190397902-190400128,chr2:190405339-190407623,chr2:190538287-190539967,chr2:191512498-191515524,chr2:191884745-191886351
COL3A1	ENSG00000168542	5	SLC40A1	9	2	2	0	0	5	ABC	chr2:190386687-190387867,chr2:190397902-190400128,chr2:190405339-190407623,chr2:190503561-190504447,chr2:191512498-191515524
CFAP20	ENSG00000070761	5	CIAPIN1	8	2	2	0	0	4	ABC	chr16:57333210-57335328,chr16:57653300-57655255,chr16:57830970-57833098,chr16:57925806-57928939
CES1	ENSG00000198848	5	CIAPIN1	8	2	2	0	0	4	ABC	chr16:56639960-56645831,chr16:57302558-57303592,chr16:57333210-57335328,chr16:57653300-57655255
CDCA7	ENSG00000144354	5	CYBRD1	8	2	2	0	0	4	ABC	chr2:173205171-173206579,chr2:173292939-173295101,chr2:173305145-173307719,chr2:173913249-173914978
CCDC135	ENSG00000159625.10	5	CIAPIN1	7	0	0	2	3	2	CHiC	chr16:57491859-57510132,chr16:57662892-57669586
BMP1	ENSG00000168487	5	SLC39A14	8	2	2	0	0	4	ABC	chr8:22067645-22070491,chr8:22222561-22223640,chr8:22249601-22251436,chr8:22417293-22420339
BIN3	ENSG00000147439	5	SLC39A14	8	2	2	0	0	4	ABC	chr8:22067645-22070491,chr8:22417293-22420339,chr8:22422008-22424153,chr8:22445878-22447183
BBS2	ENSG00000125124	5	CIAPIN1	8	2	2	0	0	4	ABC	chr16:56639960-56645831,chr16:57302558-57303592,chr16:57333210-57335328,chr16:57653300-57655255
ANKAR	ENSG00000151687	5	SLC40A1	7	2	3	0	0	2	ABC	chr2:190386687-190387867,chr2:190538287-190539967
ADPGK-AS1	ENSG00000260898	5	NEO1	8	2	3	0	0	3	ABC	chr15:73074997-73077510,chr15:73320830-73321661,chr15:73401919-73403010
ADGRG3	ENSG00000182885	5	CIAPIN1	8	2	2	0	0	4	ABC	chr16:56639960-56645831,chr16:57333210-57335328,chr16:57830970-57833098,chr16:57925806-57928939
ZNF740	ENSG00000139651	4	SLC11A2	5	2	2	0	0	1	ABC	chr12:53318068-53321694
ZDHHC19	ENSG00000163958	4	TFRC	6	2	2	0	0	2	ABC	chr3:195918854-195921802,chr3:195941195-195942236
ZAK	ENSG00000091436	4	CYBRD1	7	2	2	0	0	3	ABC	chr2:173292939-173295101,chr2:173305145-173307719,chr2:173913249-173914978
TRIP6	ENSG00000087077	4	TFR2	7	2	2	0	0	3	ABC	chr7:100141678-100145003,chr7:100166895-100168233,chr7:100288359-100293913
TNFRSF10D	ENSG00000173530	4	SLC39A14	6	2	2	0	0	2	ABC	chr8:22067645-22070491,chr8:22417293-22420339
TNFRSF10B	ENSG00000120889	4	SLC39A14	6	2	2	0	0	2	ABC	chr8:22067645-22070491,chr8:22417293-22420339
TNFRSF10A	ENSG00000104689	4	SLC39A14	6	2	2	0	0	2	ABC	chr8:22067645-22070491,chr8:22417293-22420339
TFCP2	ENSG00000135457	4	SLC11A2	6	2	2	0	0	2	ABC	chr12:51421716-51423284,chr12:53318068-53321694
TDP2	ENSG00000111802	4	HFE	6	1	3	0	0	2	ABC	chr6:24719303-24722493,chr6:25991654-25993671
STAT4	ENSG00000138378	4	SLC40A1	7	1	3	0	0	3	ABC	chr2:190538287-190539967,chr2:191512498-191515524,chr2:191884745-191886351
STAT1	ENSG00000115415	4	SLC40A1	6	1	3	0	0	2	ABC	chr2:191512498-191515524,chr2:191884745-191886351
SSTR3	ENSG00000278195	4	TMPRSS6	6	2	2	0	0	2	ABC	chr22:37427901-37430606,chr22:37592837-37596190
SSR1	ENSG00000124783	4	BMP6	7	2	2	0	0	3	ABC	chr6:6856733-6858302,chr6:7140812-7142802,chr6:7542471-7544728
SPRYD3	ENSG00000167778	4	SLC11A2	5	2	2	0	0	1	ABC	chr12:53318068-53321694
SNRNP48	ENSG00000168566	4	BMP6	7	2	2	0	0	3	ABC	chr6:6856733-6858302,chr6:7140812-7142802,chr6:7542471-7544728
SMAGP	ENSG00000170545	4	SLC11A2	6	2	2	0	0	2	ABC	chr12:51421716-51423284,chr12:53318068-53321694
SLC25A37	ENSG00000147454	4	SLC39A14	6	2	2	0	0	2	ABC	chr8:22067645-22070491,chr8:22417293-22420339
RREB1	ENSG00000124782	4	BMP6	7	2	2	0	0	3	ABC	chr6:6856733-6858302,chr6:7050977-7053825,chr6:7140812-7142802
RIOK1	ENSG00000124784	4	BMP6	7	2	2	0	0	3	ABC	chr6:6856733-6858302,chr6:7140812-7142802,chr6:7542471-7544728
RHOBTB2	ENSG00000008853	4	SLC39A14	7	2	2	0	0	3	ABC	chr8:22067645-22070491,chr8:22417293-22420339,chr8:22422008-22424153
REEP4	ENSG00000168476	4	SLC39A14	6	2	2	0	0	2	ABC	chr8:22067645-22070491,chr8:22417293-22420339
RARG	ENSG00000172819	4	SLC11A2	5	2	2	0	0	1	ABC	chr12:53318068-53321694
RAPGEF4-AS1	ENSG00000228016	4	CYBRD1	7	2	2	0	0	3	ABC	chr2:173292939-173295101,chr2:173305145-173307719,chr2:173913249-173914978
RAPGEF4	ENSG00000091428	4	CYBRD1	7	2	2	0	0	3	ABC	chr2:173292939-173295101,chr2:173305145-173307719,chr2:173913249-173914978
R3HCC1	ENSG00000104679	4	SLC39A14	6	2	2	0	0	2	ABC	chr8:22067645-22070491,chr8:22417293-22420339
POU6F1	ENSG00000184271	4	SLC11A2	6	2	2	0	0	2	ABC	chr12:51421716-51423284,chr12:53318068-53321694
PILRA	ENSG00000085514	4	TFR2	6	2	2	0	0	2	ABC	chr7:100141678-100145003,chr7:100166895-100168233
OGFOD1	ENSG00000087263	4	CIAPIN1	7	2	2	0	0	3	ABC	chr16:56639960-56645831,chr16:57302558-57303592,chr16:57333210-57335328
NUDT21	ENSG00000167005	4	CIAPIN1	7	2	2	0	0	3	ABC	chr16:56639960-56645831,chr16:57302558-57303592,chr16:57333210-57335328
NUDT18	ENSG00000275074	4	SLC39A14	6	2	2	0	0	2	ABC	chr8:22067645-22070491,chr8:22417293-22420339
NPM2	ENSG00000158806	4	SLC39A14	7	2	2	0	0	3	ABC	chr8:22067645-22070491,chr8:22417293-22420339,chr8:22422008-22424153
NOTCH2NL	ENSG00000264343	4	HFE2	7	2	2	0	0	3	ABC	chr1:144930398-144933456,chr1:145394876-145400153,chr1:145454003-145457954
NDRG4	ENSG00000103034	4	CIAPIN1	6	2	2	0	0	2	ABC	chr16:57333210-57335328,chr16:57653300-57655255
NAB1	ENSG00000138386	4	SLC40A1	6	1	3	0	0	2	ABC	chr2:190538287-190539967,chr2:191512498-191515524
MYO1B	ENSG00000128641	4	SLC40A1	7	1	3	0	0	3	ABC	chr2:190538287-190539967,chr2:191512498-191515524,chr2:191884745-191886351
MT2A	ENSG00000125148	4	CIAPIN1	7	2	2	0	0	3	ABC	chr16:56639960-56645831,chr16:57333210-57335328,chr16:57653300-57655255
MT1X	ENSG00000187193	4	CIAPIN1	7	2	2	0	0	3	ABC	chr16:56639960-56645831,chr16:57302558-57303592,chr16:57333210-57335328
MT1M	ENSG00000205364	4	CIAPIN1	6	2	2	0	0	2	ABC	chr16:56639960-56645831,chr16:57333210-57335328
MT1L	ENSG00000260549	4	CIAPIN1	7	2	2	0	0	3	ABC	chr16:56639960-56645831,chr16:57302558-57303592,chr16:57333210-57335328
MT1H	ENSG00000205358	4	CIAPIN1	7	2	2	0	0	3	ABC	chr16:56639960-56645831,chr16:57302558-57303592,chr16:57333210-57335328
MT1G	ENSG00000125144	4	CIAPIN1	7	2	2	0	0	3	ABC	chr16:56639960-56645831,chr16:57302558-57303592,chr16:57333210-57335328
MT1F	ENSG00000198417	4	CIAPIN1	6	2	2	0	0	2	ABC	chr16:56639960-56645831,chr16:57333210-57335328
MT1E	ENSG00000169715	4	CIAPIN1	7	2	2	0	0	3	ABC	chr16:56639960-56645831,chr16:57302558-57303592,chr16:57333210-57335328
MT1DP	ENSG00000205361	4	CIAPIN1	6	2	2	0	0	2	ABC	chr16:56639960-56645831,chr16:57333210-57335328
MT1A	ENSG00000205362	4	CIAPIN1	6	2	2	0	0	2	ABC	chr16:56639960-56645831,chr16:57333210-57335328
MMP2	ENSG00000087245	4	CIAPIN1	7	2	2	0	0	3	ABC	chr16:56639960-56645831,chr16:57302558-57303592,chr16:57333210-57335328
MAG	ENSG00000105695	4	HAMP	6	2	2	0	0	2	ABC	chr19:35770384-35772541,chr19:35796464-35798051
LY86	ENSG00000112799	4	BMP6	7	2	2	0	0	3	ABC	chr6:6856733-6858302,chr6:7050977-7053825,chr6:7140812-7142802
LPCAT2	ENSG00000087253	4	CIAPIN1	7	2	2	0	0	3	ABC	chr16:56639960-56645831,chr16:57302558-57303592,chr16:57333210-57335328
LOXL2	ENSG00000134013	4	SLC39A14	6	2	2	0	0	2	ABC	chr8:22067645-22070491,chr8:22417293-22420339
LOC389641	ENSG00000246582	4	SLC39A14	6	2	2	0	0	2	ABC	chr8:22067645-22070491,chr8:22417293-22420339
LOC286059	ENSG00000246130	4	SLC39A14	6	2	2	0	0	2	ABC	chr8:22067645-22070491,chr8:22417293-22420339
LOC283335	ENSG00000257337	4	SLC11A2	5	2	2	0	0	1	ABC	chr12:53318068-53321694
LOC254896	ENSG00000284948	4	SLC39A14	5	2	2	0	0	1	ABC	chr8:22417293-22420339
LOC105375429	.	4	TFR2	6	2	2	0	0	2	ABC	chr7:100166895-100168233,chr7:100239982-100240531
LOC105373805	ENSG00000231858	4	SLC40A1	6	1	3	0	0	2	ABC	chr2:191512498-191515524,chr2:191884745-191886351
LOC100507156	ENSG00000253837	4	SLC39A14	6	2	2	0	0	2	ABC	chr8:22067645-22070491,chr8:22417293-22420339
LINC00885	ENSG00000224652	4	TFRC	7	2	2	0	0	3	ABC	chr3:195862486-195863990,chr3:195886565-195887763,chr3:195904490-195905226
KRT80	ENSG00000167767	4	SLC11A2	5	2	2	0	0	1	ABC	chr12:53318068-53321694
INPP1	ENSG00000151689	4	SLC40A1	7	1	3	0	0	3	ABC	chr2:190538287-190539967,chr2:191512498-191515524,chr2:191884745-191886351
HIST1H3F	ENSG00000277775	4	HFE	7	2	2	0	0	3	ABC	chr6:24719303-24722493,chr6:25991654-25993671,chr6:26054167-26057540
HIST1H2BH	ENSG00000275713	4	HFE	6	2	2	0	0	2	ABC	chr6:24719303-24722493,chr6:26054167-26057540
HIST1H2BE	ENSG00000274290	4	HFE	6	2	2	0	0	2	ABC	chr6:26054167-26057540,chr6:26122300-26126958
HIST1H2BD	ENSG00000158373	4	HFE	6	2	2	0	0	2	ABC	chr6:26054167-26057540,chr6:26122300-26126958
HIST1H1E	ENSG00000168298	4	HFE	6	2	2	0	0	2	ABC	chr6:26054167-26057540,chr6:26122300-26126958
HIST1H1D	ENSG00000124575	4	HFE	6	2	2	0	0	2	ABC	chr6:24719303-24722493,chr6:26054167-26057540
HIST1H1A	ENSG00000124610	4	HFE	6	2	2	0	0	2	ABC	chr6:25991654-25993671,chr6:26054167-26057540
GRASP	ENSG00000161835	4	SLC11A2	5	2	2	0	0	1	ABC	chr12:53318068-53321694
GMNN	ENSG00000112312	4	HFE	6	1	3	0	0	2	ABC	chr6:24719303-24722493,chr6:25991654-25993671
GIGYF1	ENSG00000146830	4	TFR2	7	2	2	0	0	3	ABC	chr7:100164430-100166511,chr7:100166895-100168233,chr7:100288359-100293913
FFAR2	ENSG00000126262	4	HAMP	6	2	2	0	0	2	ABC	chr19:35949634-35950713,chr19:36133963-36136319
FAM160B2	ENSG00000158863	4	SLC39A14	6	2	2	0	0	2	ABC	chr8:22067645-22070491,chr8:22417293-22420339
EPHB4	ENSG00000196411	4	TFR2	7	2	2	0	0	3	ABC	chr7:100141678-100145003,chr7:100166895-100168233,chr7:100288359-100293913
ENTPD4	ENSG00000197217	4	SLC39A14	6	2	2	0	0	2	ABC	chr8:22067645-22070491,chr8:22417293-22420339
EIF4B	ENSG00000063046	4	SLC11A2	5	2	2	0	0	1	ABC	chr12:53318068-53321694
EGR3	ENSG00000179388	4	SLC39A14	7	2	2	0	0	3	ABC	chr8:22417293-22420339,chr8:22422008-22424153,chr8:22445878-22447183
EEF1E1-BLOC1S5	ENSG00000265818	4	BMP6	7	2	2	0	0	3	ABC	chr6:6856733-6858302,chr6:7050977-7053825,chr6:7140812-7142802
EEF1E1	ENSG00000124802	4	BMP6	7	2	2	0	0	3	ABC	chr6:6856733-6858302,chr6:7050977-7053825,chr6:7140812-7142802
DMTN	ENSG00000158856	4	SLC39A14	7	2	2	0	0	3	ABC	chr8:22067645-22070491,chr8:22249601-22251436,chr8:22417293-22420339
CSF2RB	ENSG00000100368	4	TMPRSS6	6	2	2	0	0	2	ABC	chr22:37427901-37430606,chr22:37439253-37441320
CSAD	ENSG00000139631	4	SLC11A2	5	2	2	0	0	1	ABC	chr12:53318068-53321694
CMAHP	ENSG00000168405	4	HFE	7	2	2	0	0	3	ABC	chr6:24719303-24722493,chr6:25991654-25993671,chr6:26054167-26057540
CISTR	ENSG00000260492	4	SLC11A2	5	2	2	0	0	1	ABC	chr12:53318068-53321694
CES1P1	ENSG00000228695	4	CIAPIN1	6	2	2	0	0	2	ABC	chr16:57302558-57303592,chr16:57333210-57335328
CCL22	ENSG00000102962	4	CIAPIN1	5	0	0	2	2	1	CHiC	chr16:57428584-57434799
CAGE1	ENSG00000164304	4	BMP6	7	2	2	0	0	3	ABC	chr6:6856733-6858302,chr6:7140812-7142802,chr6:7542471-7544728
C6orf62	ENSG00000112308	4	HFE	5	1	3	0	0	1	ABC	chr6:24719303-24722493
BLOC1S5-TXNDC5	ENSG00000259040	4	BMP6	7	2	2	0	0	3	ABC	chr6:6856733-6858302,chr6:7050977-7053825,chr6:7140812-7142802
BLOC1S5	ENSG00000188428	4	BMP6	7	2	2	0	0	3	ABC	chr6:6856733-6858302,chr6:7050977-7053825,chr6:7140812-7142802
BCL9	ENSG00000116128	4	HFE2	5	2	2	0	0	1	ABC	chr1:145454003-145457954
ATG101	ENSG00000123395	4	SLC11A2	5	2	2	0	0	1	ABC	chr12:53318068-53321694
AMFR	ENSG00000159461	4	CIAPIN1	7	2	2	0	0	3	ABC	chr16:56639960-56645831,chr16:57302558-57303592,chr16:57333210-57335328
ADAMDEC1	ENSG00000134028	4	SLC39A14	5	2	2	0	0	1	ABC	chr8:22417293-22420339
ADAM28	ENSG00000042980	4	SLC39A14	5	2	2	0	0	1	ABC	chr8:22417293-22420339
ACVRL1	ENSG00000139567	4	SLC11A2	5	2	2	0	0	1	ABC	chr12:53318068-53321694
ACVR1B	ENSG00000135503	4	SLC11A2	5	2	2	0	0	1	ABC	chr12:53318068-53321694
ACOT13	ENSG00000112304	4	HFE	6	1	3	0	0	2	ABC	chr6:24719303-24722493,chr6:25991654-25993671
ZSCAN25	ENSG00000197037	3	TFR2	4	2	1	0	0	1	ABC	chr7:100141678-100145003
ZNHIT1	ENSG00000106400	3	TFR2	4	0	0	2	1	1	CHiC	chr7:100479857-100484394
VGF	ENSG00000128564	3	TFR2	4	2	1	0	0	1	ABC	chr7:100141678-100145003
USF2	ENSG00000105698	3	HAMP	5	1	2	0	0	2	ABC	chr19:35757791-35760841,chr19:36133963-36136319
UFSP1	ENSG00000176125	3	TFR2	5	2	1	0	0	2	ABC	chr7:100166895-100168233,chr7:100288359-100293913
UBL7-AS1	ENSG00000247240	3	NEO1	4	1	2	0	0	1	ABC	chr15:74906565-74909246
UBL7	ENSG00000138629	3	NEO1	4	1	2	0	0	1	ABC	chr15:74906565-74909246
TXNDC5	ENSG00000239264	3	BMP6	4	2	1	0	0	1	ABC	chr6:7140812-7142802
TNS2	ENSG00000111077	3	SLC11A2	4	2	1	0	0	1	ABC	chr12:53318068-53321694
TMEM147-AS1	ENSG00000236144	3	HAMP	4	1	2	0	0	1	ABC	chr19:36133963-36136319
TMEM147	ENSG00000105677	3	HAMP	4	1	2	0	0	1	ABC	chr19:36133963-36136319
TMEFF2	ENSG00000144339	3	SLC40A1	4	1	2	0	0	1	ABC	chr2:191512498-191515524
TARBP2	ENSG00000139546	3	SLC11A2	4	2	1	0	0	1	ABC	chr12:53318068-53321694
STAG3	ENSG00000066923	3	TFR2	5	2	1	0	0	2	ABC	chr7:100141678-100145003,chr7:100166895-100168233
SRRT	ENSG00000087087	3	TFR2	6	2	1	0	0	3	ABC	chr7:100141678-100145003,chr7:100166895-100168233,chr7:100288359-100293913
SOAT2	ENSG00000167780	3	SLC11A2	4	2	1	0	0	1	ABC	chr12:53318068-53321694
SMUG1	ENSG00000123415	3	SLC11A2	4	2	1	0	0	1	ABC	chr12:53318068-53321694
SLC4A8	ENSG00000050438	3	SLC11A2	4	2	1	0	0	1	ABC	chr12:53318068-53321694
SLC35B3	ENSG00000124786	3	BMP6	4	2	1	0	0	1	ABC	chr6:7140812-7142802
SLC17A1	ENSG00000124568	3	HFE	5	1	2	0	0	2	ABC	chr6:24719303-24722493,chr6:25991654-25993671
SEMA7A	ENSG00000138623	3	NEO1	4	1	2	0	0	1	ABC	chr15:74906565-74909246
SDPR	ENSG00000168497	3	SLC40A1	5	1	2	0	0	2	ABC	chr2:191512498-191515524,chr2:191884745-191886351
RPP25	ENSG00000178718	3	NEO1	4	1	2	0	0	1	ABC	chr15:74906565-74909246
RIPOR2	ENSG00000111913	3	HFE	5	1	2	0	0	2	ABC	chr6:24719303-24722493,chr6:25991654-25993671
RBM42	ENSG00000126254	3	HAMP	4	1	2	0	0	1	ABC	chr19:36133963-36136319
PRR13	ENSG00000205352	3	SLC11A2	4	2	1	0	0	1	ABC	chr12:53318068-53321694
PPP1R35	ENSG00000160813	3	TFR2	4	2	1	0	0	1	ABC	chr7:100141678-100145003
PPP1R1A	ENSG00000135447	3	SLC11A2	4	2	1	0	0	1	ABC	chr12:53318068-53321694
PHOSPHO2-KLHL23	ENSG00000213160	3	CYBRD1	4	2	1	0	0	1	ABC	chr2:171311973-171313151
PHOSPHO2	ENSG00000144362	3	CYBRD1	4	2	1	0	0	1	ABC	chr2:171311973-171313151
PFDN5	ENSG00000123349	3	SLC11A2	4	2	1	0	0	1	ABC	chr12:53318068-53321694
PDIA3P1	ENSG00000180867	3	HFE2	4	1	2	0	0	1	ABC	chr1:144930398-144933456
PDE1B	ENSG00000123360	3	SLC11A2	4	2	1	0	0	1	ABC	chr12:53318068-53321694
PCBP2	ENSG00000197111	3	SLC11A2	4	2	1	0	0	1	ABC	chr12:53318068-53321694
NFE2	ENSG00000123405	3	SLC11A2	4	2	1	0	0	1	ABC	chr12:53318068-53321694
NCKAP1L	ENSG00000123338	3	SLC11A2	4	2	1	0	0	1	ABC	chr12:53318068-53321694
NCF4	ENSG00000100365	3	TMPRSS6	5	2	1	0	0	2	ABC	chr22:37427901-37430606,chr22:37439253-37441320
NABP1	ENSG00000173559	3	SLC40A1	5	1	2	0	0	2	ABC	chr2:191512498-191515524,chr2:191884745-191886351
MUC3A	ENSG00000169894	3	TFR2	5	2	1	0	0	2	ABC	chr7:100141678-100145003,chr7:100166895-100168233
MT1B	ENSG00000169688	3	CIAPIN1	4	1	2	0	0	1	ABC	chr16:56639960-56645831
MRS2	ENSG00000124532	3	HFE	5	1	2	0	0	2	ABC	chr6:24719303-24722493,chr6:25991654-25993671
MFSD5	ENSG00000182544	3	SLC11A2	4	2	1	0	0	1	ABC	chr12:53318068-53321694
MAP3K12	ENSG00000139625	3	SLC11A2	4	2	1	0	0	1	ABC	chr12:53318068-53321694
LOC105747689	ENSG00000288582	3	SLC40A1	4	1	2	0	0	1	ABC	chr2:191512498-191515524
LOC102724094	ENSG00000227053	3	TFR2	4	2	1	0	0	1	ABC	chr7:100141678-100145003
LOC102724050	ENSG00000258137	3	SLC11A2	4	2	1	0	0	1	ABC	chr12:53318068-53321694
LOC101927972	ENSG00000269985	3	BMP6	4	2	1	0	0	1	ABC	chr6:7140812-7142802
LOC101927746	ENSG00000232445	3	TFR2	4	2	1	0	0	1	ABC	chr7:100141678-100145003
LOC100506207	ENSG00000285219	3	BMP6	4	2	1	0	0	1	ABC	chr6:7140812-7142802
LOC100240735	ENSG00000250654	3	SLC11A2	4	2	1	0	0	1	ABC	chr12:53318068-53321694
LINC01531	ENSG00000205786	3	HAMP	4	2	1	0	0	1	ABC	chr19:35949634-35950713
LAMTOR4	ENSG00000188186	3	TFR2	5	2	1	0	0	2	ABC	chr7:100141678-100145003,chr7:100166895-100168233
KRT7	ENSG00000135480	3	SLC11A2	4	2	1	0	0	1	ABC	chr12:53318068-53321694
KLHL41	ENSG00000239474	3	CYBRD1	4	2	1	0	0	1	ABC	chr2:171311973-171313151
KIAA0319	ENSG00000137261	3	HFE	5	1	2	0	0	2	ABC	chr6:24719303-24722493,chr6:25991654-25993671
KAAG1	ENSG00000146049	3	HFE	4	1	2	0	0	1	ABC	chr6:24719303-24722493
ITGB7	ENSG00000139626	3	SLC11A2	4	2	1	0	0	1	ABC	chr12:53318068-53321694
ITGA5	ENSG00000161638	3	SLC11A2	4	2	1	0	0	1	ABC	chr12:53318068-53321694
IGFBP6	ENSG00000167779	3	SLC11A2	4	2	1	0	0	1	ABC	chr12:53318068-53321694
IFT27	ENSG00000100360	3	TMPRSS6	4	2	1	0	0	1	ABC	chr22:37427901-37430606
HULC	ENSG00000285219	3	BMP6	4	2	1	0	0	1	ABC	chr6:7140812-7142802
HR	ENSG00000168453	3	SLC39A14	4	2	1	0	0	1	ABC	chr8:22067645-22070491
HOXC-AS3	ENSG00000251151	3	SLC11A2	4	2	1	0	0	1	ABC	chr12:53318068-53321694
HOXC-AS1	ENSG00000250451	3	SLC11A2	4	2	1	0	0	1	ABC	chr12:53318068-53321694
HOXC9	ENSG00000180806	3	SLC11A2	4	2	1	0	0	1	ABC	chr12:53318068-53321694
HOXC8	ENSG00000037965	3	SLC11A2	4	2	1	0	0	1	ABC	chr12:53318068-53321694
HOXC6	ENSG00000197757	3	SLC11A2	4	2	1	0	0	1	ABC	chr12:53318068-53321694
HOXC5	ENSG00000172789	3	SLC11A2	4	2	1	0	0	1	ABC	chr12:53318068-53321694
HOXC4	ENSG00000198353	3	SLC11A2	4	2	1	0	0	1	ABC	chr12:53318068-53321694
HOXC10	ENSG00000180818	3	SLC11A2	4	2	1	0	0	1	ABC	chr12:53318068-53321694
HNRNPA1P10	ENSG00000214223	3	SLC11A2	4	2	1	0	0	1	ABC	chr12:53318068-53321694
HNRNPA1	ENSG00000135486	3	SLC11A2	4	2	1	0	0	1	ABC	chr12:53318068-53321694
HIST1H4D	ENSG00000277157	3	HFE	4	1	2	0	0	1	ABC	chr6:26122300-26126958
HIST1H2AA	ENSG00000164508	3	HFE	5	1	2	0	0	2	ABC	chr6:24719303-24722493,chr6:25991654-25993671
HAUS5	ENSG00000249115	3	HAMP	4	1	2	0	0	1	ABC	chr19:36133963-36136319
GPLD1	ENSG00000112293	3	HFE	5	1	2	0	0	2	ABC	chr6:24719303-24722493,chr6:25991654-25993671
GPC2	ENSG00000213420	3	TFR2	5	2	1	0	0	2	ABC	chr7:100141678-100145003,chr7:100166895-100168233
GLS	ENSG00000115419	3	SLC40A1	5	1	2	0	0	2	ABC	chr2:191512498-191515524,chr2:191884745-191886351
GATS	ENSG00000239521	3	TFR2	4	2	1	0	0	1	ABC	chr7:100141678-100145003
GALNT6	ENSG00000139629	3	SLC11A2	4	2	1	0	0	1	ABC	chr12:53318068-53321694
FOXRED2	ENSG00000100350	3	TMPRSS6	4	2	1	0	0	1	ABC	chr22:37427901-37430606
FMO5	ENSG00000131781	3	HFE2	4	1	2	0	0	1	ABC	chr1:144930398-144933456
FIS1	ENSG00000214253	3	TFR2	4	0	0	2	1	1	CHiC	chr7:100479857-100484394
FASTKD1	ENSG00000138399	3	CYBRD1	4	2	1	0	0	1	ABC	chr2:171311973-171313151
ETV2	ENSG00000105672	3	HAMP	4	1	2	0	0	1	ABC	chr19:36133963-36136319
ESPL1	ENSG00000135476	3	SLC11A2	4	2	1	0	0	1	ABC	chr12:53318068-53321694
EIF3D	ENSG00000100353	3	TMPRSS6	4	2	1	0	0	1	ABC	chr22:37427901-37430606
EDC3	ENSG00000179151	3	NEO1	4	1	2	0	0	1	ABC	chr15:74906565-74909246
DOK2	ENSG00000147443	3	SLC39A14	4	2	1	0	0	1	ABC	chr8:22067645-22070491
DIP2B	ENSG00000066084	3	SLC11A2	5	1	2	0	0	2	ABC	chr12:51158462-51159633,chr12:51421716-51423284
DCDC2	ENSG00000146038	3	HFE	5	1	2	0	0	2	ABC	chr6:24719303-24722493,chr6:25991654-25993671
CYTH4	ENSG00000100055	3	TMPRSS6	5	2	1	0	0	2	ABC	chr22:37427901-37430606,chr22:37592837-37596190
CYP1A1	ENSG00000140465	3	NEO1	4	1	2	0	0	1	ABC	chr15:74906565-74909246
CSK	ENSG00000103653	3	NEO1	4	1	2	0	0	1	ABC	chr15:74906565-74909246
COX6B1	ENSG00000126267	3	HAMP	4	1	2	0	0	1	ABC	chr19:36133963-36136319
COX5A	ENSG00000178741	3	NEO1	4	1	2	0	0	1	ABC	chr15:74906565-74909246
COPZ1	ENSG00000111481	3	SLC11A2	4	2	1	0	0	1	ABC	chr12:53318068-53321694
CLDN15	ENSG00000106404	3	TFR2	4	0	0	2	1	1	CHiC	chr7:100479857-100484394
CERS5	ENSG00000139624	3	SLC11A2	4	0	0	2	1	1	CHiC	chr12:50495719-50503727
CELA1	ENSG00000139610	3	SLC11A2	4	0	0	2	1	1	CHiC	chr12:51637790-51642516
CCDC173	ENSG00000154479	3	CYBRD1	4	2	1	0	0	1	ABC	chr2:171311973-171313151
CBX5	ENSG00000094916	3	SLC11A2	4	2	1	0	0	1	ABC	chr12:53318068-53321694
CARMIL1	ENSG00000079691	3	HFE	5	1	2	0	0	2	ABC	chr6:24719303-24722493,chr6:25991654-25993671
CALCOCO1	ENSG00000012822	3	SLC11A2	4	2	1	0	0	1	ABC	chr12:53318068-53321694
C7orf61	ENSG00000185955	3	TFR2	4	0	0	2	1	1	CHiC	chr7:100151130-100158146
C7orf43	ENSG00000146826	3	TFR2	4	2	1	0	0	1	ABC	chr7:100141678-100145003
C6orf229	ENSG00000260286	3	HFE	4	1	2	0	0	1	ABC	chr6:24719303-24722493
C12orf10	ENSG00000139637	3	SLC11A2	4	2	1	0	0	1	ABC	chr12:53318068-53321694
BIN2	ENSG00000110934	3	SLC11A2	4	1	2	0	0	1	ABC	chr12:51421716-51423284
BBS5	ENSG00000163093	3	CYBRD1	4	2	1	0	0	1	ABC	chr2:171311973-171313151
ATP5G2	ENSG00000135390	3	SLC11A2	4	2	1	0	0	1	ABC	chr12:53318068-53321694
ATF7	ENSG00000170653	3	SLC11A2	4	2	1	0	0	1	ABC	chr12:53318068-53321694
ARID3B	ENSG00000179361	3	NEO1	4	1	2	0	0	1	ABC	chr15:74906565-74909246
ANKRD33	ENSG00000167612	3	SLC11A2	4	2	1	0	0	1	ABC	chr12:53318068-53321694
AMHR2	ENSG00000135409	3	SLC11A2	4	2	1	0	0	1	ABC	chr12:53318068-53321694
ALDH5A1	ENSG00000112294	3	HFE	5	1	2	0	0	2	ABC	chr6:24719303-24722493,chr6:25991654-25993671
ADGRG5	ENSG00000159618	3	CIAPIN1	5	2	1	0	0	2	ABC	chr16:57512427-57514785,chr16:57925806-57928939
AAAS	ENSG00000094914	3	SLC11A2	4	2	1	0	0	1	ABC	chr12:53318068-53321694
ZNF792	ENSG00000180884	2	HAMP	3	1	1	0	0	1	ABC	chr19:36133963-36136319
ZNF322	ENSG00000181315	2	HFE	4	1	1	0	0	2	ABC	chr6:24719303-24722493,chr6:25991654-25993671
WTIP	ENSG00000142279	2	HAMP	3	1	1	0	0	1	ABC	chr19:36133963-36136319
UPK1A-AS1	ENSG00000226510	2	HAMP	3	1	1	0	0	1	ABC	chr19:36133963-36136319
ULK3	ENSG00000140474	2	NEO1	3	1	1	0	0	1	ABC	chr15:74906565-74909246
UBXN7-AS1	ENSG00000225822	2	TFRC	3	1	1	0	0	1	ABC	chr3:195941195-195942236
UBXN7	ENSG00000163960	2	TFRC	3	1	1	0	0	1	ABC	chr3:195941195-195942236
UBE2Q2	ENSG00000140367	2	NEO1	3	1	1	0	0	1	ABC	chr15:74906565-74909246
U2AF1L4	ENSG00000161265	2	HAMP	3	1	1	0	0	1	ABC	chr19:36133963-36136319
TMEM266	ENSG00000169758	2	NEO1	3	1	1	0	0	1	ABC	chr15:74906565-74909246
TM4SF19-AS1	ENSG00000235897	2	TFRC	3	1	1	0	0	1	ABC	chr3:195941195-195942236
TCTEX1D2	ENSG00000213123	2	TFRC	3	1	1	0	0	1	ABC	chr3:195941195-195942236
STRA6	ENSG00000137868	2	NEO1	3	1	1	0	0	1	ABC	chr15:74906565-74909246
STOML1	ENSG00000067221	2	NEO1	3	1	1	0	0	1	ABC	chr15:74906565-74909246
SLC17A4	ENSG00000146039	2	HFE	4	1	1	0	0	2	ABC	chr6:24719303-24722493,chr6:25991654-25993671
SDHAF1	ENSG00000205138	2	HAMP	3	1	1	0	0	1	ABC	chr19:36133963-36136319
SCRN3	ENSG00000144306	2	CYBRD1	3	1	1	0	0	1	ABC	chr2:173913249-173914978
SCGN	ENSG00000079689	2	HFE	4	1	1	0	0	2	ABC	chr6:24719303-24722493,chr6:25991654-25993671
SCAMP5	ENSG00000198794	2	NEO1	3	1	1	0	0	1	ABC	chr15:74906565-74909246
SCAMP2	ENSG00000140497	2	NEO1	3	1	1	0	0	1	ABC	chr15:74906565-74909246
RNF168	ENSG00000163961	2	TFRC	3	1	1	0	0	1	ABC	chr3:195941195-195942236
PTPN9	ENSG00000169410	2	NEO1	3	1	1	0	0	1	ABC	chr15:74906565-74909246
PSENEN	ENSG00000205155	2	HAMP	3	1	1	0	0	1	ABC	chr19:36133963-36136319
PROSER3	ENSG00000167595	2	HAMP	3	1	1	0	0	1	ABC	chr19:36133963-36136319
PRODH2	ENSG00000250799	2	HAMP	3	1	1	0	0	1	ABC	chr19:36133963-36136319
PRKAB2	ENSG00000131791	2	HFE2	3	1	1	0	0	1	ABC	chr1:144930398-144933456
PPCDC	ENSG00000138621	2	NEO1	3	1	1	0	0	1	ABC	chr15:74906565-74909246
PML	ENSG00000140464	2	NEO1	3	1	1	0	0	1	ABC	chr15:74906565-74909246
PEBP4	ENSG00000134020	2	SLC39A14	4	1	1	0	0	2	ABC	chr8:22422008-22424153,chr8:22445878-22447183
OLA1	ENSG00000138430	2	CYBRD1	3	1	1	0	0	1	ABC	chr2:173913249-173914978
ODF3L1	ENSG00000182950	2	NEO1	3	1	1	0	0	1	ABC	chr15:74906565-74909246
NRSN1	ENSG00000152954	2	HFE	3	1	1	0	0	1	ABC	chr6:24719303-24722493
NPTN	ENSG00000156642	2	NEO1	3	1	1	0	0	1	ABC	chr15:74906565-74909246
NFKBID	ENSG00000167604	2	HAMP	3	1	1	0	0	1	ABC	chr19:36133963-36136319
NEIL1	ENSG00000140398	2	NEO1	3	1	1	0	0	1	ABC	chr15:74906565-74909246
MPI	ENSG00000178802	2	NEO1	3	1	1	0	0	1	ABC	chr15:74906565-74909246
MAN2C1	ENSG00000140400	2	NEO1	3	1	1	0	0	1	ABC	chr15:74906565-74909246
LSR	ENSG00000105699	2	HAMP	4	1	1	0	0	2	ABC	chr19:35757791-35760841,chr19:36133963-36136319
LRFN3	ENSG00000126243	2	HAMP	3	1	1	0	0	1	ABC	chr19:36133963-36136319
LOXL1-AS1	ENSG00000261801	2	NEO1	3	1	1	0	0	1	ABC	chr15:74906565-74909246
LOXL1	ENSG00000129038	2	NEO1	3	1	1	0	0	1	ABC	chr15:74906565-74909246
LOC105374988	ENSG00000284607	2	HFE	3	1	1	0	0	1	ABC	chr6:25991654-25993671
LOC101927572	.	2	HAMP	3	1	1	0	0	1	ABC	chr19:36133963-36136319
LOC100270746	.	2	HFE	3	1	1	0	0	1	ABC	chr6:25991654-25993671
LINC01960	ENSG00000260868	2	CYBRD1	4	1	1	0	0	2	ABC	chr2:173292939-173295101,chr2:173913249-173914978
LIN37	ENSG00000267796	2	HAMP	3	1	1	0	0	1	ABC	chr19:36133963-36136319
LGI4	ENSG00000153902	2	HAMP	3	1	1	0	0	1	ABC	chr19:36133963-36136319
KMT2B	ENSG00000272333	2	HAMP	3	1	1	0	0	1	ABC	chr19:36133963-36136319
ISLR	ENSG00000129009	2	NEO1	3	1	1	0	0	1	ABC	chr15:74906565-74909246
IRX5	ENSG00000176842	2	CIAPIN1	3	1	1	0	0	1	ABC	chr16:56639960-56645831
IGFLR1	ENSG00000126246	2	HAMP	3	1	1	0	0	1	ABC	chr19:36133963-36136319
HSPB6	ENSG00000004776	2	HAMP	3	1	1	0	0	1	ABC	chr19:36133963-36136319
HPN	ENSG00000105707	2	HAMP	3	1	1	0	0	1	ABC	chr19:36133963-36136319
HIST1H4H	ENSG00000158406	2	HFE	3	1	1	0	0	1	ABC	chr6:24719303-24722493
HIST1H4F	ENSG00000274618	2	HFE	5	1	1	0	0	3	ABC	chr6:24719303-24722493,chr6:25991654-25993671,chr6:26122300-26126958
HIST1H4E	ENSG00000276966	2	HFE	3	1	1	0	0	1	ABC	chr6:26122300-26126958
HIST1H3G	ENSG00000273983	2	HFE	4	1	1	0	0	2	ABC	chr6:24719303-24722493,chr6:25991654-25993671
HIST1H3D	ENSG00000197409	2	HFE	3	1	1	0	0	1	ABC	chr6:26122300-26126958
HIST1H2BI	ENSG00000278588	2	HFE	4	1	1	0	0	2	ABC	chr6:24719303-24722493,chr6:25991654-25993671
HIST1H2BF	ENSG00000277224	2	HFE	3	1	1	0	0	1	ABC	chr6:26122300-26126958
HIST1H2APS1	ENSG00000216436	2	HFE	4	1	1	0	0	2	ABC	chr6:24719303-24722493,chr6:25991654-25993671
HIST1H2AD	ENSG00000196866	2	HFE	3	1	1	0	0	1	ABC	chr6:26122300-26126958
HIGD2B	ENSG00000175202	2	NEO1	4	1	1	0	0	2	ABC	chr15:73074997-73077510,chr15:74906565-74909246
HCST	ENSG00000126264	2	HAMP	3	1	1	0	0	1	ABC	chr19:36133963-36136319
GPR155	ENSG00000163328	2	CYBRD1	3	1	1	0	0	1	ABC	chr2:173913249-173914978
FXYD5	ENSG00000089327	2	HAMP	4	1	1	0	0	2	ABC	chr19:35757791-35760841,chr19:36133963-36136319
FXYD1	ENSG00000266964	2	HAMP	3	1	1	0	0	1	ABC	chr19:36133963-36136319
FBXO22	ENSG00000167196	2	NEO1	3	1	1	0	0	1	ABC	chr15:74906565-74909246
FAM219B	ENSG00000178761	2	NEO1	3	1	1	0	0	1	ABC	chr15:74906565-74909246
CSPG4	ENSG00000173546	2	NEO1	3	1	1	0	0	1	ABC	chr15:74906565-74909246
CRNDE	ENSG00000245694	2	CIAPIN1	3	1	1	0	0	1	ABC	chr16:56639960-56645831
COMMD4	ENSG00000140365	2	NEO1	3	1	1	0	0	1	ABC	chr15:74906565-74909246
CNOT1	ENSG00000125107	2	CIAPIN1	3	1	1	0	0	1	ABC	chr16:57830970-57833098
CIR1	ENSG00000138433	2	CYBRD1	3	1	1	0	0	1	ABC	chr2:173913249-173914978
CHN1	ENSG00000128656	2	CYBRD1	3	1	1	0	0	1	ABC	chr2:173913249-173914978
CHD1L	ENSG00000131778	2	HFE2	3	1	1	0	0	1	ABC	chr1:144930398-144933456
CD276	ENSG00000103855	2	NEO1	3	1	1	0	0	1	ABC	chr15:74906565-74909246
CCDC33	ENSG00000140481	2	NEO1	3	1	1	0	0	1	ABC	chr15:74906565-74909246
C15orf39	ENSG00000167173	2	NEO1	3	1	1	0	0	1	ABC	chr15:74906565-74909246
BTN3A3	ENSG00000111801	2	HFE	4	1	1	0	0	2	ABC	chr6:24719303-24722493,chr6:25991654-25993671
BTN3A2	ENSG00000186470	2	HFE	3	1	1	0	0	1	ABC	chr6:24719303-24722493
BTN3A1	ENSG00000026950	2	HFE	4	1	1	0	0	2	ABC	chr6:24719303-24722493,chr6:25991654-25993671
BTN2A3P	ENSG00000124549	2	HFE	4	1	1	0	0	2	ABC	chr6:24719303-24722493,chr6:25991654-25993671
BTN2A2	ENSG00000124508	2	HFE	4	1	1	0	0	2	ABC	chr6:24719303-24722493,chr6:25991654-25993671
BTN2A1	ENSG00000112763	2	HFE	4	1	1	0	0	2	ABC	chr6:24719303-24722493,chr6:25991654-25993671
BBS4	ENSG00000140463	2	NEO1	4	1	1	0	0	2	ABC	chr15:73074997-73077510,chr15:74906565-74909246
ARHGAP33	ENSG00000004777	2	HAMP	3	1	1	0	0	1	ABC	chr19:36133963-36136319
APLP1	ENSG00000105290	2	HAMP	3	1	1	0	0	1	ABC	chr19:36133963-36136319
ALKBH6	ENSG00000239382	2	HAMP	3	1	1	0	0	1	ABC	chr19:36133963-36136319
ABT1	ENSG00000146109	2	HFE	3	1	1	0	0	1	ABC	chr6:24719303-24722493
