ID	Description	GeneRatio	BgRatio	pvalue	p.adjust	qvalue	geneID	Count
GO:0006739	NADP metabolic process	2/19	35/18866	0.000560529373833074	0.158231802179456	0.13729209672877	NUDT17/FMO5	2
GO:0006383	transcription by RNA polymerase III	2/19	47/18866	0.00101106582862272	0.158231802179456	0.13729209672877	POLR3GL/POLR3C	2
GO:0032481	positive regulation of type I interferon production	2/19	74/18866	0.00248568483018639	0.259339783949446	0.225019889890557	POLR3GL/POLR3C	2
GO:0016236	macroautophagy	3/19	310/18866	0.00350262712157286	0.274080572263076	0.23780994667521	SEC22B/LIX1L/PRKAB2	3
GO:0032479	regulation of type I interferon production	2/19	125/18866	0.006917660206237	0.274692363202245	0.238340775874152	POLR3GL/POLR3C	2
GO:0032606	type I interferon production	2/19	127/18866	0.00713316315775412	0.274692363202245	0.238340775874152	POLR3GL/POLR3C	2
GO:0016559	peroxisome fission	1/19	10/18866	0.0100278893850793	0.274692363202245	0.238340775874152	PEX11B	1
GO:0006853	carnitine shuttle	1/19	11/18866	0.0110254217409178	0.274692363202245	0.238340775874152	PRKAB2	1
GO:0033234	negative regulation of protein sumoylation	1/19	12/18866	0.0120220017985644	0.274692363202245	0.238340775874152	PIAS3	1
GO:0015697	quaternary ammonium group transport	1/19	13/18866	0.0130176304166733	0.274692363202245	0.238340775874152	PDZK1	1
GO:0033235	positive regulation of protein sumoylation	1/19	13/18866	0.0130176304166733	0.274692363202245	0.238340775874152	PIAS3	1
GO:1902902	negative regulation of autophagosome assembly	1/19	13/18866	0.0130176304166733	0.274692363202245	0.238340775874152	SEC22B	1
GO:0016241	regulation of macroautophagy	2/19	176/18866	0.013333371986392	0.274692363202245	0.238340775874152	SEC22B/PRKAB2	2
GO:0045838	positive regulation of membrane potential	1/19	16/18866	0.0159988162093923	0.274692363202245	0.238340775874152	PIAS3	1
GO:1903358	regulation of Golgi organization	1/19	16/18866	0.0159988162093923	0.274692363202245	0.238340775874152	PDE4DIP	1
GO:0051782	negative regulation of cell division	1/19	18/18866	0.0179815319160822	0.274692363202245	0.238340775874152	TXNIP	1
GO:0006293	nucleotide-excision repair, preincision complex stabilization	1/19	21/18866	0.020948510336514	0.274692363202245	0.238340775874152	CHD1L	1
GO:0006295	nucleotide-excision repair, DNA incision, 3'-to lesion	1/19	21/18866	0.020948510336514	0.274692363202245	0.238340775874152	CHD1L	1
GO:0000717	nucleotide-excision repair, DNA duplex unwinding	1/19	22/18866	0.0219356145181859	0.274692363202245	0.238340775874152	CHD1L	1
GO:0006359	regulation of transcription by RNA polymerase III	1/19	23/18866	0.0229217758068805	0.274692363202245	0.238340775874152	POLR3C	1
GO:0043162	ubiquitin-dependent protein catabolic process via the multivesicular body sorting pathway	1/19	23/18866	0.0229217758068805	0.274692363202245	0.238340775874152	RNF115	1
GO:1902001	fatty acid transmembrane transport	1/19	23/18866	0.0229217758068805	0.274692363202245	0.238340775874152	PRKAB2	1
GO:0002347	response to tumor cell	1/19	26/18866	0.0258746108181891	0.274692363202245	0.238340775874152	TXNIP	1
GO:0033233	regulation of protein sumoylation	1/19	26/18866	0.0258746108181891	0.274692363202245	0.238340775874152	PIAS3	1
GO:0070911	global genome nucleotide-excision repair	1/19	26/18866	0.0258746108181891	0.274692363202245	0.238340775874152	CHD1L	1
GO:0072337	modified amino acid transport	1/19	27/18866	0.0268570090344552	0.274692363202245	0.238340775874152	PDZK1	1
GO:0006294	nucleotide-excision repair, preincision complex assembly	1/19	29/18866	0.0288189903735201	0.274692363202245	0.238340775874152	CHD1L	1
GO:0045671	negative regulation of osteoclast differentiation	1/19	29/18866	0.0288189903735201	0.274692363202245	0.238340775874152	PIAS3	1
GO:0032728	positive regulation of interferon-beta production	1/19	30/18866	0.0297985751897276	0.274692363202245	0.238340775874152	POLR3C	1
GO:0090314	positive regulation of protein targeting to membrane	1/19	30/18866	0.0297985751897276	0.274692363202245	0.238340775874152	PDZK1	1
GO:1904837	beta-catenin-TCF complex assembly	1/19	30/18866	0.0297985751897276	0.274692363202245	0.238340775874152	BCL9	1
GO:0016242	negative regulation of macroautophagy	1/19	34/18866	0.0337075618219542	0.274692363202245	0.238340775874152	SEC22B	1
GO:0042908	xenobiotic transport	1/19	34/18866	0.0337075618219542	0.274692363202245	0.238340775874152	PDZK1	1
GO:0019362	pyridine nucleotide metabolic process	1/19	35/18866	0.0346824745410168	0.274692363202245	0.238340775874152	NUDT17	1
GO:0046496	nicotinamide nucleotide metabolic process	1/19	35/18866	0.0346824745410168	0.274692363202245	0.238340775874152	NUDT17	1
GO:0090313	regulation of protein targeting to membrane	1/19	36/18866	0.0356564553696355	0.274692363202245	0.238340775874152	PDZK1	1
GO:0006296	nucleotide-excision repair, DNA incision, 5'-to lesion	1/19	37/18866	0.0366295051491349	0.274692363202245	0.238340775874152	CHD1L	1
GO:2000785	regulation of autophagosome assembly	1/19	37/18866	0.0366295051491349	0.274692363202245	0.238340775874152	SEC22B	1
GO:0033683	nucleotide-excision repair, DNA incision	1/19	39/18866	0.0385728149224999	0.274692363202245	0.238340775874152	CHD1L	1
GO:1902116	negative regulation of organelle assembly	1/19	39/18866	0.0385728149224999	0.274692363202245	0.238340775874152	SEC22B	1
GO:0043403	skeletal muscle tissue regeneration	1/19	40/18866	0.0395430765954417	0.274692363202245	0.238340775874152	BCL9	1
GO:0097352	autophagosome maturation	1/19	40/18866	0.0395430765954417	0.274692363202245	0.238340775874152	LIX1L	1
GO:0006734	NADH metabolic process	1/19	41/18866	0.0405124105774179	0.274692363202245	0.238340775874152	NUDT17	1
GO:0072524	pyridine-containing compound metabolic process	1/19	41/18866	0.0405124105774179	0.274692363202245	0.238340775874152	NUDT17	1
GO:0032365	intracellular lipid transport	1/19	45/18866	0.0443804863401016	0.274692363202245	0.238340775874152	PRKAB2	1
GO:0017144	drug metabolic process	1/19	46/18866	0.04534519441935	0.274692363202245	0.238340775874152	FMO5	1
GO:0032570	response to progesterone	1/19	46/18866	0.04534519441935	0.274692363202245	0.238340775874152	TXNIP	1
GO:0044088	regulation of vacuole organization	1/19	47/18866	0.0463089798234962	0.274692363202245	0.238340775874152	SEC22B	1
GO:0010506	regulation of autophagy	2/19	347/18866	0.0469466476344005	0.274692363202245	0.238340775874152	SEC22B/PRKAB2	2
GO:0032648	regulation of interferon-beta production	1/19	48/18866	0.0472718433860316	0.274692363202245	0.238340775874152	POLR3C	1
GO:0015695	organic cation transport	1/19	49/18866	0.0482337859397389	0.274692363202245	0.238340775874152	PDZK1	1
GO:0042059	negative regulation of epidermal growth factor receptor signaling pathway	1/19	49/18866	0.0482337859397389	0.274692363202245	0.238340775874152	RNF115	1
GO:0006913	nucleocytoplasmic transport	2/19	354/18866	0.0486602948295535	0.274692363202245	0.238340775874152	TXNIP/RBM8A	2
GO:0032608	interferon-beta production	1/19	50/18866	0.0491948083166929	0.274692363202245	0.238340775874152	POLR3C	1
GO:0051169	nuclear transport	2/19	357/18866	0.0494017984075597	0.274692363202245	0.238340775874152	TXNIP/RBM8A	2
GO:0002762	negative regulation of myeloid leukocyte differentiation	1/19	51/18866	0.0501549113482608	0.274692363202245	0.238340775874152	PIAS3	1
GO:1901185	negative regulation of ERBB signaling pathway	1/19	54/18866	0.0530297126737185	0.274692363202245	0.238340775874152	RNF115	1
GO:0042304	regulation of fatty acid biosynthetic process	1/19	55/18866	0.053986146623283	0.274692363202245	0.238340775874152	PRKAB2	1
GO:0051452	intracellular pH reduction	1/19	55/18866	0.053986146623283	0.274692363202245	0.238340775874152	GPR89A	1
GO:0070534	protein K63-linked ubiquitination	1/19	57/18866	0.0558962697521138	0.274692363202245	0.238340775874152	RNF115	1
GO:0070936	protein K48-linked ubiquitination	1/19	57/18866	0.0558962697521138	0.274692363202245	0.238340775874152	RNF115	1
GO:0045851	pH reduction	1/19	58/18866	0.0568499605849437	0.274692363202245	0.238340775874152	GPR89A	1
GO:0048008	platelet-derived growth factor receptor signaling pathway	1/19	59/18866	0.057802738697922	0.274692363202245	0.238340775874152	TXNIP	1
GO:0140115	export across plasma membrane	1/19	62/18866	0.0606556049644754	0.274692363202245	0.238340775874152	PDZK1	1
GO:0090181	regulation of cholesterol metabolic process	1/19	65/18866	0.0635002864111542	0.274692363202245	0.238340775874152	FMO5	1
GO:0048207	vesicle targeting, rough ER to cis-Golgi	1/19	66/18866	0.0644466985465828	0.274692363202245	0.238340775874152	SEC22B	1
GO:0048208	COPII vesicle coating	1/19	66/18866	0.0644466985465828	0.274692363202245	0.238340775874152	SEC22B	1
GO:0009166	nucleotide catabolic process	1/19	67/18866	0.0653922045427323	0.274692363202245	0.238340775874152	NUDT17	1
GO:0045670	regulation of osteoclast differentiation	1/19	67/18866	0.0653922045427323	0.274692363202245	0.238340775874152	PIAS3	1
GO:0035914	skeletal muscle cell differentiation	1/19	69/18866	0.0672805013941978	0.274692363202245	0.238340775874152	BCL9	1
GO:0006901	vesicle coating	1/19	70/18866	0.0682232938862715	0.274692363202245	0.238340775874152	SEC22B	1
GO:0019216	regulation of lipid metabolic process	2/19	431/18866	0.0689531575892657	0.274692363202245	0.238340775874152	PRKAB2/FMO5	2
GO:0090114	COPII-coated vesicle budding	1/19	73/18866	0.071046257433781	0.274692363202245	0.238340775874152	SEC22B	1
GO:1901292	nucleoside phosphate catabolic process	1/19	73/18866	0.071046257433781	0.274692363202245	0.238340775874152	NUDT17	1
GO:0048199	vesicle targeting, to, from or within Golgi	1/19	74/18866	0.071985443359857	0.274692363202245	0.238340775874152	SEC22B	1
GO:0051865	protein autoubiquitination	1/19	74/18866	0.071985443359857	0.274692363202245	0.238340775874152	RNF115	1
GO:0002479	antigen processing and presentation of exogenous peptide antigen via MHC class I, TAP-dependent	1/19	75/18866	0.0729237296825566	0.274692363202245	0.238340775874152	SEC22B	1
GO:0015909	long-chain fatty acid transport	1/19	75/18866	0.0729237296825566	0.274692363202245	0.238340775874152	PRKAB2	1
GO:0035019	somatic stem cell population maintenance	1/19	75/18866	0.0729237296825566	0.274692363202245	0.238340775874152	BCL9	1
GO:0001819	positive regulation of cytokine production	2/19	447/18866	0.0734763287302249	0.274692363202245	0.238340775874152	POLR3GL/POLR3C	2
GO:0000381	regulation of alternative mRNA splicing, via spliceosome	1/19	76/18866	0.0738611172157391	0.274692363202245	0.238340775874152	RBM8A	1
GO:0062012	regulation of small molecule metabolic process	2/19	456/18866	0.0760631781980247	0.274692363202245	0.238340775874152	PRKAB2/FMO5	2
GO:0042246	tissue regeneration	1/19	79/18866	0.0766678952064017	0.274692363202245	0.238340775874152	BCL9	1
GO:0042590	antigen processing and presentation of exogenous peptide antigen via MHC class I	1/19	80/18866	0.0776016957062728	0.274692363202245	0.238340775874152	SEC22B	1
GO:0048194	Golgi vesicle budding	1/19	81/18866	0.0785346014755467	0.274692363202245	0.238340775874152	SEC22B	1
GO:0016925	protein sumoylation	1/19	82/18866	0.0794666133239343	0.274692363202245	0.238340775874152	PIAS3	1
GO:1903533	regulation of protein targeting	1/19	82/18866	0.0794666133239343	0.274692363202245	0.238340775874152	PDZK1	1
GO:0007031	peroxisome organization	1/19	83/18866	0.0803977320604574	0.274692363202245	0.238340775874152	PEX11B	1
GO:0010507	negative regulation of autophagy	1/19	85/18866	0.0822572934305481	0.274692363202245	0.238340775874152	SEC22B	1
GO:0000380	alternative mRNA splicing, via spliceosome	1/19	87/18866	0.0841132920442156	0.274692363202245	0.238340775874152	RBM8A	1
GO:0006890	retrograde vesicle-mediated transport, Golgi to endoplasmic reticulum	1/19	87/18866	0.0841132920442156	0.274692363202245	0.238340775874152	SEC22B	1
GO:0051453	regulation of intracellular pH	1/19	87/18866	0.0841132920442156	0.274692363202245	0.238340775874152	GPR89A	1
GO:0034765	regulation of ion transmembrane transport	2/19	489/18866	0.0857978920476131	0.274692363202245	0.238340775874152	PDZK1/GPR89A	2
GO:0042058	regulation of epidermal growth factor receptor signaling pathway	1/19	90/18866	0.0868906238971006	0.274692363202245	0.238340775874152	RNF115	1
GO:1903321	negative regulation of protein modification by small protein conjugation or removal	1/19	92/18866	0.0887377438030515	0.274692363202245	0.238340775874152	PIAS3	1
GO:0030641	regulation of cellular pH	1/19	94/18866	0.0905813234704584	0.274692363202245	0.238340775874152	GPR89A	1
GO:0006903	vesicle targeting	1/19	95/18866	0.091501787717958	0.274692363202245	0.238340775874152	SEC22B	1
GO:0045638	negative regulation of myeloid cell differentiation	1/19	95/18866	0.091501787717958	0.274692363202245	0.238340775874152	PIAS3	1
GO:0000045	autophagosome assembly	1/19	96/18866	0.0924213693083559	0.274692363202245	0.238340775874152	SEC22B	1
GO:0120162	positive regulation of cold-induced thermogenesis	1/19	97/18866	0.0933400690410752	0.274692363202245	0.238340775874152	PRKAB2	1
GO:1901184	regulation of ERBB signaling pathway	1/19	97/18866	0.0933400690410752	0.274692363202245	0.238340775874152	RNF115	1
GO:0030316	osteoclast differentiation	1/19	98/18866	0.0942578877148573	0.274692363202245	0.238340775874152	PIAS3	1
GO:0002474	antigen processing and presentation of peptide antigen via MHC class I	1/19	99/18866	0.0951748261277633	0.274692363202245	0.238340775874152	SEC22B	1
GO:1905037	autophagosome organization	1/19	99/18866	0.0951748261277633	0.274692363202245	0.238340775874152	SEC22B	1
GO:0006906	vesicle fusion	1/19	101/18866	0.0970060653597872	0.274692363202245	0.238340775874152	SEC22B	1
GO:0015908	fatty acid transport	1/19	101/18866	0.0970060653597872	0.274692363202245	0.238340775874152	PRKAB2	1
GO:0019217	regulation of fatty acid metabolic process	1/19	101/18866	0.0970060653597872	0.274692363202245	0.238340775874152	PRKAB2	1
GO:0031124	mRNA 3'-end processing	1/19	101/18866	0.0970060653597872	0.274692363202245	0.238340775874152	RBM8A	1
GO:1990542	mitochondrial transmembrane transport	1/19	101/18866	0.0970060653597872	0.274692363202245	0.238340775874152	PRKAB2	1
GO:0006885	regulation of pH	1/19	103/18866	0.0988337931080332	0.274692363202245	0.238340775874152	GPR89A	1
GO:0044070	regulation of anion transport	1/19	105/18866	0.100658015732529	0.274692363202245	0.238340775874152	PDZK1	1
GO:1902106	negative regulation of leukocyte differentiation	1/19	105/18866	0.100658015732529	0.274692363202245	0.238340775874152	PIAS3	1
GO:0032414	positive regulation of ion transmembrane transporter activity	1/19	106/18866	0.101568814607912	0.274692363202245	0.238340775874152	PDZK1	1
GO:0034404	nucleobase-containing small molecule biosynthetic process	1/19	107/18866	0.102478739582457	0.274692363202245	0.238340775874152	NUDT17	1
GO:0090174	organelle membrane fusion	1/19	107/18866	0.102478739582457	0.274692363202245	0.238340775874152	SEC22B	1
GO:0007229	integrin-mediated signaling pathway	1/19	108/18866	0.103387791448118	0.274692363202245	0.238340775874152	ITGA10	1
GO:0032508	DNA duplex unwinding	1/19	108/18866	0.103387791448118	0.274692363202245	0.238340775874152	CHD1L	1
GO:0006289	nucleotide-excision repair	1/19	110/18866	0.105203279017239	0.274692363202245	0.238340775874152	CHD1L	1
GO:0006900	vesicle budding from membrane	1/19	110/18866	0.105203279017239	0.274692363202245	0.238340775874152	SEC22B	1
GO:0006406	mRNA export from nucleus	1/19	113/18866	0.107919981814399	0.274692363202245	0.238340775874152	RBM8A	1
GO:0048024	regulation of mRNA splicing, via spliceosome	1/19	113/18866	0.107919981814399	0.274692363202245	0.238340775874152	RBM8A	1
GO:0071427	mRNA-containing ribonucleoprotein complex export from nucleus	1/19	113/18866	0.107919981814399	0.274692363202245	0.238340775874152	RBM8A	1
GO:0030004	cellular monovalent inorganic cation homeostasis	1/19	114/18866	0.108823811620059	0.274692363202245	0.238340775874152	GPR89A	1
GO:0032411	positive regulation of transporter activity	1/19	114/18866	0.108823811620059	0.274692363202245	0.238340775874152	PDZK1	1
GO:0032392	DNA geometric change	1/19	116/18866	0.110628869265731	0.27701468864139	0.240355774909967	CHD1L	1
GO:0014902	myotube differentiation	1/19	117/18866	0.111530098678208	0.277054927668883	0.240390688880349	BCL9	1
GO:0000184	nuclear-transcribed mRNA catabolic process, nonsense-mediated decay	1/19	120/18866	0.114228598694905	0.281524026704766	0.244268366873481	RBM8A	1
GO:0002761	regulation of myeloid leukocyte differentiation	1/19	123/18866	0.116919332835085	0.283687993623114	0.246145963863337	PIAS3	1
GO:0007173	epidermal growth factor receptor signaling pathway	1/19	123/18866	0.116919332835085	0.283687993623114	0.246145963863337	RNF115	1
GO:1905477	positive regulation of protein localization to membrane	1/19	127/18866	0.120494934582962	0.290114727111285	0.251722211517442	PDZK1	1
GO:0071426	ribonucleoprotein complex export from nucleus	1/19	130/18866	0.123167630348756	0.291953262809319	0.253317443433006	RBM8A	1
GO:0019218	regulation of steroid metabolic process	1/19	131/18866	0.124056817743257	0.291953262809319	0.253317443433006	FMO5	1
GO:0071166	ribonucleoprotein complex localization	1/19	131/18866	0.124056817743257	0.291953262809319	0.253317443433006	RBM8A	1
GO:0098754	detoxification	1/19	138/18866	0.13025725237776	0.292182573683	0.253516408307429	PDZK1	1
GO:0048284	organelle fusion	1/19	140/18866	0.132021153532078	0.292182573683	0.253516408307429	SEC22B	1
GO:0032355	response to estradiol	1/19	141/18866	0.132901832699166	0.292182573683	0.253516408307429	TXNIP	1
GO:1903322	positive regulation of protein modification by small protein conjugation or removal	1/19	141/18866	0.132901832699166	0.292182573683	0.253516408307429	PIAS3	1
GO:0006405	RNA export from nucleus	1/19	144/18866	0.135538793789654	0.292182573683	0.253516408307429	RBM8A	1
GO:0046434	organophosphate catabolic process	1/19	144/18866	0.135538793789654	0.292182573683	0.253516408307429	NUDT17	1
GO:0106106	cold-induced thermogenesis	1/19	144/18866	0.135538793789654	0.292182573683	0.253516408307429	PRKAB2	1
GO:0120161	regulation of cold-induced thermogenesis	1/19	144/18866	0.135538793789654	0.292182573683	0.253516408307429	PRKAB2	1
GO:0038127	ERBB signaling pathway	1/19	145/18866	0.136416091242811	0.292182573683	0.253516408307429	RNF115	1
GO:0042542	response to hydrogen peroxide	1/19	146/18866	0.137292545185783	0.292182573683	0.253516408307429	TXNIP	1
GO:0051592	response to calcium ion	1/19	147/18866	0.138168156384579	0.292182573683	0.253516408307429	TXNIP	1
GO:1904064	positive regulation of cation transmembrane transport	1/19	147/18866	0.138168156384579	0.292182573683	0.253516408307429	PDZK1	1
GO:0006606	protein import into nucleus	1/19	150/18866	0.140789941166177	0.292182573683	0.253516408307429	TXNIP	1
GO:1905039	carboxylic acid transmembrane transport	1/19	150/18866	0.140789941166177	0.292182573683	0.253516408307429	PRKAB2	1
GO:0007030	Golgi organization	1/19	151/18866	0.141662189035265	0.292182573683	0.253516408307429	PDE4DIP	1
GO:1903825	organic acid transmembrane transport	1/19	151/18866	0.141662189035265	0.292182573683	0.253516408307429	PRKAB2	1
GO:0050684	regulation of mRNA processing	1/19	152/18866	0.142533597980406	0.292182573683	0.253516408307429	RBM8A	1
GO:0051028	mRNA transport	1/19	152/18866	0.142533597980406	0.292182573683	0.253516408307429	RBM8A	1
GO:0008203	cholesterol metabolic process	1/19	153/18866	0.14340416876369	0.292182573683	0.253516408307429	FMO5	1
GO:0031123	RNA 3'-end processing	1/19	153/18866	0.14340416876369	0.292182573683	0.253516408307429	RBM8A	1
GO:1990845	adaptive thermogenesis	1/19	155/18866	0.145142798889777	0.292182573683	0.253516408307429	PRKAB2	1
GO:0043484	regulation of RNA splicing	1/19	156/18866	0.146010859753498	0.292182573683	0.253516408307429	RBM8A	1
GO:0007519	skeletal muscle tissue development	1/19	158/18866	0.14774447687972	0.292182573683	0.253516408307429	BCL9	1
GO:1903707	negative regulation of hemopoiesis	1/19	158/18866	0.14774447687972	0.292182573683	0.253516408307429	PIAS3	1
GO:0055067	monovalent inorganic cation homeostasis	1/19	159/18866	0.148610034659242	0.292182573683	0.253516408307429	GPR89A	1
GO:0034767	positive regulation of ion transmembrane transport	1/19	161/18866	0.150338652438792	0.292182573683	0.253516408307429	PDZK1	1
GO:0019827	stem cell population maintenance	1/19	162/18866	0.151201713951952	0.292182573683	0.253516408307429	BCL9	1
GO:1902652	secondary alcohol metabolic process	1/19	162/18866	0.151201713951952	0.292182573683	0.253516408307429	FMO5	1
GO:0098727	maintenance of cell number	1/19	164/18866	0.152925346003019	0.292182573683	0.253516408307429	BCL9	1
GO:0060538	skeletal muscle organ development	1/19	168/18866	0.156362667320103	0.292182573683	0.253516408307429	BCL9	1
GO:0016125	sterol metabolic process	1/19	169/18866	0.157219930627458	0.292182573683	0.253516408307429	FMO5	1
GO:0061025	membrane fusion	1/19	169/18866	0.157219930627458	0.292182573683	0.253516408307429	SEC22B	1
GO:0051170	import into nucleus	1/19	171/18866	0.158931982075688	0.292182573683	0.253516408307429	TXNIP	1
GO:0051302	regulation of cell division	1/19	171/18866	0.158931982075688	0.292182573683	0.253516408307429	TXNIP	1
GO:0015698	inorganic anion transport	1/19	172/18866	0.159786771716799	0.292182573683	0.253516408307429	GPR89A	1
GO:0006633	fatty acid biosynthetic process	1/19	173/18866	0.160640738301659	0.292182573683	0.253516408307429	PRKAB2	1
GO:0033209	tumor necrosis factor-mediated signaling pathway	1/19	173/18866	0.160640738301659	0.292182573683	0.253516408307429	PIAS3	1
GO:0001659	temperature homeostasis	1/19	174/18866	0.161493882578783	0.292182573683	0.253516408307429	PRKAB2	1
GO:0007033	vacuole organization	1/19	174/18866	0.161493882578783	0.292182573683	0.253516408307429	SEC22B	1
GO:0015718	monocarboxylic acid transport	1/19	174/18866	0.161493882578783	0.292182573683	0.253516408307429	PRKAB2	1
GO:0002478	antigen processing and presentation of exogenous peptide antigen	1/19	177/18866	0.164048389039255	0.295098538903947	0.25604648742969	SEC22B	1
GO:1901796	regulation of signal transduction by p53 class mediator	1/19	180/18866	0.166595521615118	0.297967990088754	0.258536207980153	PRKAB2	1
GO:0090316	positive regulation of intracellular protein transport	1/19	182/18866	0.168289523327618	0.299287618190594	0.259681202263909	PDZK1	1
GO:0006611	protein export from nucleus	1/19	184/18866	0.169980262639927	0.299956791789757	0.260261820352303	RBM8A	1
GO:0019884	antigen processing and presentation of exogenous antigen	1/19	185/18866	0.170824410750934	0.299956791789757	0.260261820352303	SEC22B	1
GO:0043123	positive regulation of I-kappaB kinase/NF-kappaB signaling	1/19	188/18866	0.173351977791769	0.299956791789757	0.260261820352303	GPR89A	1
GO:0010565	regulation of cellular ketone metabolic process	1/19	189/18866	0.174192876839952	0.299956791789757	0.260261820352303	PRKAB2	1
GO:0048002	antigen processing and presentation of peptide antigen	1/19	194/18866	0.178385230550479	0.299956791789757	0.260261820352303	SEC22B	1
GO:1902115	regulation of organelle assembly	1/19	194/18866	0.178385230550479	0.299956791789757	0.260261820352303	SEC22B	1
GO:1905475	regulation of protein localization to membrane	1/19	195/18866	0.1792212781415	0.299956791789757	0.260261820352303	PDZK1	1
GO:0009749	response to glucose	1/19	197/18866	0.180890956052524	0.299956791789757	0.260261820352303	TXNIP	1
GO:0017038	protein import	1/19	200/18866	0.183389440740681	0.299956791789757	0.260261820352303	TXNIP	1
GO:0050657	nucleic acid transport	1/19	200/18866	0.183389440740681	0.299956791789757	0.260261820352303	RBM8A	1
GO:0050658	RNA transport	1/19	200/18866	0.183389440740681	0.299956791789757	0.260261820352303	RBM8A	1
GO:1901654	response to ketone	1/19	200/18866	0.183389440740681	0.299956791789757	0.260261820352303	TXNIP	1
GO:0031099	regeneration	1/19	201/18866	0.184220663317876	0.299956791789757	0.260261820352303	BCL9	1
GO:0009746	response to hexose	1/19	202/18866	0.185051084287442	0.299956791789757	0.260261820352303	TXNIP	1
GO:0051236	establishment of RNA localization	1/19	203/18866	0.18588070437952	0.299956791789757	0.260261820352303	RBM8A	1
GO:0051168	nuclear export	1/19	204/18866	0.186709524323623	0.299956791789757	0.260261820352303	RBM8A	1
GO:0006888	endoplasmic reticulum to Golgi vesicle-mediated transport	1/19	206/18866	0.188364766682832	0.299956791789757	0.260261820352303	SEC22B	1
GO:0034284	response to monosaccharide	1/19	207/18866	0.189191190553841	0.299956791789757	0.260261820352303	TXNIP	1
GO:0046890	regulation of lipid biosynthetic process	1/19	207/18866	0.189191190553841	0.299956791789757	0.260261820352303	PRKAB2	1
GO:0009612	response to mechanical stimulus	1/19	209/18866	0.190841647313743	0.299956791789757	0.260261820352303	TXNIP	1
GO:0000956	nuclear-transcribed mRNA catabolic process	1/19	210/18866	0.191665681654797	0.299956791789757	0.260261820352303	RBM8A	1
GO:0002573	myeloid leukocyte differentiation	1/19	210/18866	0.191665681654797	0.299956791789757	0.260261820352303	PIAS3	1
GO:0006612	protein targeting to membrane	1/19	210/18866	0.191665681654797	0.299956791789757	0.260261820352303	PDZK1	1
GO:0034764	positive regulation of transmembrane transport	1/19	210/18866	0.191665681654797	0.299956791789757	0.260261820352303	PDZK1	1
GO:0051650	establishment of vesicle localization	1/19	212/18866	0.193311365884841	0.300810071240431	0.261002180528102	SEC22B	1
GO:0045089	positive regulation of innate immune response	1/19	213/18866	0.194133017222259	0.300810071240431	0.261002180528102	POLR3C	1
GO:0006338	chromatin remodeling	1/19	218/18866	0.198229395045978	0.305644338174341	0.265196701694905	CHD1L	1
GO:0032388	positive regulation of intracellular transport	1/19	222/18866	0.201492285926424	0.309152379877308	0.268240504484094	PDZK1	1
GO:0045732	positive regulation of protein catabolic process	1/19	225/18866	0.203931194311859	0.311368116193228	0.270163019935608	SEC22B	1
GO:0051648	vesicle localization	1/19	229/18866	0.207172095905478	0.314201236757797	0.272621217701401	SEC22B	1
GO:0007160	cell-matrix adhesion	1/19	230/18866	0.207980366022868	0.314201236757797	0.272621217701401	ITGA10	1
GO:0019882	antigen processing and presentation	1/19	232/18866	0.209594564912189	0.314201236757797	0.272621217701401	SEC22B	1
GO:0009743	response to carbohydrate	1/19	233/18866	0.210400495107889	0.314201236757797	0.272621217701401	TXNIP	1
GO:0007050	cell cycle arrest	1/19	234/18866	0.211205646752441	0.314201236757797	0.272621217701401	PRKAB2	1
GO:0000302	response to reactive oxygen species	1/19	235/18866	0.212010020556204	0.314201236757797	0.272621217701401	TXNIP	1
GO:0006403	RNA localization	1/19	236/18866	0.212813617228923	0.314201236757797	0.272621217701401	RBM8A	1
GO:1903320	regulation of protein modification by small protein conjugation or removal	1/19	242/18866	0.217618917182411	0.319460515639038	0.277184506591128	PIAS3	1
GO:0065004	protein-DNA complex assembly	1/19	243/18866	0.218417093759598	0.319460515639038	0.277184506591128	CHD1L	1
GO:0071216	cellular response to biotic stimulus	1/19	246/18866	0.220806997457841	0.319965695390297	0.277622833061028	TXNIP	1
GO:0072330	monocarboxylic acid biosynthetic process	1/19	246/18866	0.220806997457841	0.319965695390297	0.277622833061028	PRKAB2	1
GO:0009636	response to toxic substance	1/19	250/18866	0.223982767897977	0.322043629098858	0.279425782100237	PDZK1	1
GO:0002833	positive regulation of response to biotic stimulus	1/19	251/18866	0.224774792361339	0.322043629098858	0.279425782100237	POLR3C	1
GO:0043122	regulation of I-kappaB kinase/NF-kappaB signaling	1/19	252/18866	0.22556605096704	0.322043629098858	0.279425782100237	GPR89A	1
GO:0030217	T cell differentiation	1/19	253/18866	0.226356544414533	0.322043629098858	0.279425782100237	GPR89A	1
GO:0031334	positive regulation of protein-containing complex assembly	1/19	257/18866	0.229510880590398	0.323684608120321	0.280849601126763	CHD1L	1
GO:0051607	defense response to virus	1/19	258/18866	0.230297558717583	0.323684608120321	0.280849601126763	POLR3C	1
GO:0042180	cellular ketone metabolic process	1/19	260/18866	0.231868632744867	0.323684608120321	0.280849601126763	PRKAB2	1
GO:0015931	nucleobase-containing compound transport	1/19	261/18866	0.232653030034873	0.323684608120321	0.280849601126763	RBM8A	1
GO:0045637	regulation of myeloid cell differentiation	1/19	263/18866	0.234219548637898	0.323684608120321	0.280849601126763	PIAS3	1
GO:0033157	regulation of intracellular protein transport	1/19	264/18866	0.235001671337241	0.323684608120321	0.280849601126763	PDZK1	1
GO:0031330	negative regulation of cellular catabolic process	1/19	265/18866	0.235783037225026	0.323684608120321	0.280849601126763	SEC22B	1
GO:0032412	regulation of ion transmembrane transporter activity	1/19	265/18866	0.235783037225026	0.323684608120321	0.280849601126763	PDZK1	1
GO:0072331	signal transduction by p53 class mediator	1/19	267/18866	0.237343501332021	0.324403999637216	0.281473791513038	PRKAB2	1
GO:0006839	mitochondrial transport	1/19	271/18866	0.240455378201066	0.327228405986668	0.283924428264874	PRKAB2	1
GO:0022898	regulation of transmembrane transporter activity	1/19	276/18866	0.244328309821371	0.330674580802111	0.286914551360164	PDZK1	1
GO:0034504	protein localization to nucleus	1/19	277/18866	0.245100647751086	0.330674580802111	0.286914551360164	TXNIP	1
GO:0072659	protein localization to plasma membrane	1/19	281/18866	0.248182527645855	0.332998737836421	0.288931139605841	PDZK1	1
GO:0071824	protein-DNA complex subunit organization	1/19	282/18866	0.248951133078986	0.332998737836421	0.288931139605841	CHD1L	1
GO:0043270	positive regulation of ion transport	1/19	284/18866	0.250486111269987	0.333626182244706	0.28947555076218	PDZK1	1
GO:0007249	I-kappaB kinase/NF-kappaB signaling	1/19	286/18866	0.252018117097949	0.334244367168042	0.290011927793358	GPR89A	1
GO:1902105	regulation of leukocyte differentiation	1/19	290/18866	0.255073233401655	0.335047724235303	0.290708972095874	PIAS3	1
GO:0031503	protein-containing complex localization	1/19	291/18866	0.255835163233985	0.335047724235303	0.290708972095874	RBM8A	1
GO:0032409	regulation of transporter activity	1/19	291/18866	0.255835163233985	0.335047724235303	0.290708972095874	PDZK1	1
GO:0051146	striated muscle cell differentiation	1/19	295/18866	0.258875505879664	0.337616805584729	0.292938072442778	BCL9	1
GO:0071356	cellular response to tumor necrosis factor	1/19	297/18866	0.260391260638914	0.338184500331868	0.293430640947106	PIAS3	1
GO:0030216	keratinocyte differentiation	1/19	306/18866	0.267175886833689	0.345106437328431	0.299436559040643	TXNIP	1
GO:0045088	regulation of innate immune response	1/19	307/18866	0.267926083932297	0.345106437328431	0.299436559040643	POLR3C	1
GO:0090305	nucleic acid phosphodiester bond hydrolysis	1/19	313/18866	0.272412010210002	0.349446554080863	0.303202323702245	CHD1L	1
GO:0098656	anion transmembrane transport	1/19	315/18866	0.273901522998632	0.349923170198252	0.303615866524799	PRKAB2	1
GO:0034612	response to tumor necrosis factor	1/19	320/18866	0.27761267655697	0.35322263318021	0.306478692989723	PIAS3	1
GO:0009895	negative regulation of catabolic process	1/19	323/18866	0.279830735634569	0.354603320864858	0.307676666497842	SEC22B	1
GO:0032984	protein-containing complex disassembly	1/19	330/18866	0.28498114225522	0.358229307332867	0.31082280575712	LIX1L	1
GO:0071375	cellular response to peptide hormone stimulus	1/19	330/18866	0.28498114225522	0.358229307332867	0.31082280575712	GNRHR2	1
GO:0008202	steroid metabolic process	1/19	332/18866	0.286446265440805	0.358630724331887	0.311171100984116	FMO5	1
GO:1903829	positive regulation of cellular protein localization	1/19	338/18866	0.290824589222256	0.358757366789163	0.311280984131845	PDZK1	1
GO:0060070	canonical Wnt signaling pathway	1/19	339/18866	0.291551830846003	0.358757366789163	0.311280984131845	BCL9	1
GO:0000209	protein polyubiquitination	1/19	340/18866	0.292278365914494	0.358757366789163	0.311280984131845	RNF115	1
GO:0016050	vesicle organization	1/19	340/18866	0.292278365914494	0.358757366789163	0.311280984131845	SEC22B	1
GO:1990778	protein localization to cell periphery	1/19	340/18866	0.292278365914494	0.358757366789163	0.311280984131845	PDZK1	1
GO:0090150	establishment of protein localization to membrane	1/19	342/18866	0.29372931897857	0.359129987657393	0.3116042939822	PDZK1	1
GO:1903311	regulation of mRNA metabolic process	1/19	344/18866	0.295177453594615	0.359176492360198	0.311644644455796	RBM8A	1
GO:0048545	response to steroid hormone	1/19	346/18866	0.296622774933813	0.359176492360198	0.311644644455796	TXNIP	1
GO:0009615	response to virus	1/19	349/18866	0.29878549333851	0.359176492360198	0.311644644455796	POLR3C	1
GO:1904062	regulation of cation transmembrane transport	1/19	349/18866	0.29878549333851	0.359176492360198	0.311644644455796	PDZK1	1
GO:0046942	carboxylic acid transport	1/19	350/18866	0.299504998421762	0.359176492360198	0.311644644455796	PRKAB2	1
GO:0015849	organic acid transport	1/19	353/18866	0.301659319515445	0.359347765311192	0.311793251892677	PRKAB2	1
GO:0051222	positive regulation of protein transport	1/19	354/18866	0.302376030633536	0.359347765311192	0.311793251892677	PDZK1	1
GO:0071103	DNA conformation change	1/19	355/18866	0.303092044863114	0.359347765311192	0.311793251892677	CHD1L	1
GO:0032386	regulation of intracellular transport	1/19	358/18866	0.305235912618051	0.360007829324706	0.312365965918191	PDZK1	1
GO:0031589	cell-substrate adhesion	1/19	359/18866	0.305949145688089	0.360007829324706	0.312365965918191	ITGA10	1
GO:0009913	epidermal cell differentiation	1/19	365/18866	0.310213998818049	0.360743591797033	0.313004360799174	TXNIP	1
GO:0010038	response to metal ion	1/19	366/18866	0.310922389392745	0.360743591797033	0.313004360799174	TXNIP	1
GO:0046394	carboxylic acid biosynthetic process	1/19	367/18866	0.311630090722558	0.360743591797033	0.313004360799174	PRKAB2	1
GO:0016053	organic acid biosynthetic process	1/19	368/18866	0.312337103440881	0.360743591797033	0.313004360799174	PRKAB2	1
GO:0030098	lymphocyte differentiation	1/19	368/18866	0.312337103440881	0.360743591797033	0.313004360799174	GPR89A	1
GO:1904951	positive regulation of establishment of protein localization	1/19	370/18866	0.313749065573901	0.360903512771411	0.313143118530432	PDZK1	1
GO:0048193	Golgi vesicle transport	1/19	374/18866	0.316564754310665	0.360903512771411	0.313143118530432	SEC22B	1
GO:0006402	mRNA catabolic process	1/19	376/18866	0.317968491000604	0.360903512771411	0.313143118530432	RBM8A	1
GO:0032535	regulation of cellular component size	1/19	383/18866	0.32286008987259	0.360903512771411	0.313143118530432	PEX11B	1
GO:0006066	alcohol metabolic process	1/19	385/18866	0.324251573206224	0.360903512771411	0.313143118530432	FMO5	1
GO:0031349	positive regulation of defense response	1/19	385/18866	0.324251573206224	0.360903512771411	0.313143118530432	POLR3C	1
GO:0014706	striated muscle tissue development	1/19	389/18866	0.327026417210466	0.360903512771411	0.313143118530432	BCL9	1
GO:0000377	RNA splicing, via transesterification reactions with bulged adenosine as nucleophile	1/19	390/18866	0.327718439620651	0.360903512771411	0.313143118530432	RBM8A	1
GO:0000398	mRNA splicing, via spliceosome	1/19	390/18866	0.327718439620651	0.360903512771411	0.313143118530432	RBM8A	1
GO:0042692	muscle cell differentiation	1/19	390/18866	0.327718439620651	0.360903512771411	0.313143118530432	BCL9	1
GO:0000375	RNA splicing, via transesterification reactions	1/19	393/18866	0.329790464169753	0.360903512771411	0.313143118530432	RBM8A	1
GO:0006869	lipid transport	1/19	393/18866	0.329790464169753	0.360903512771411	0.313143118530432	PRKAB2	1
GO:0030198	extracellular matrix organization	1/19	395/18866	0.331168451164904	0.360903512771411	0.313143118530432	ITGA10	1
GO:0006631	fatty acid metabolic process	1/19	396/18866	0.331856437707478	0.360903512771411	0.313143118530432	PRKAB2	1
GO:0043062	extracellular structure organization	1/19	396/18866	0.331856437707478	0.360903512771411	0.313143118530432	ITGA10	1
GO:0042176	regulation of protein catabolic process	1/19	397/18866	0.332543753770475	0.360903512771411	0.313143118530432	SEC22B	1
GO:0042493	response to drug	1/19	397/18866	0.332543753770475	0.360903512771411	0.313143118530432	TXNIP	1
GO:1901653	cellular response to peptide	1/19	398/18866	0.333230399971047	0.360903512771411	0.313143118530432	GNRHR2	1
GO:0018205	peptidyl-lysine modification	1/19	405/18866	0.33801821895561	0.363998140342503	0.315828216607923	PIAS3	1
GO:0007517	muscle organ development	1/19	407/18866	0.339380173532565	0.363998140342503	0.315828216607923	BCL9	1
GO:0002831	regulation of response to biotic stimulus	1/19	409/18866	0.340739473227966	0.363998140342503	0.315828216607923	POLR3C	1
GO:0060537	muscle tissue development	1/19	409/18866	0.340739473227966	0.363998140342503	0.315828216607923	BCL9	1
GO:0006401	RNA catabolic process	1/19	415/18866	0.344801491864745	0.366556088309018	0.318047656915173	RBM8A	1
GO:0010639	negative regulation of organelle organization	1/19	416/18866	0.345476185466966	0.366556088309018	0.318047656915173	SEC22B	1
GO:0043588	skin development	1/19	425/18866	0.351518879866549	0.371707464183209	0.322517322210419	TXNIP	1
GO:0030099	myeloid cell differentiation	1/19	431/18866	0.355517939687345	0.374110806896226	0.324602617048012	PIAS3	1
GO:0051656	establishment of organelle localization	1/19	432/18866	0.356182173977876	0.374110806896226	0.324602617048012	SEC22B	1
GO:0010876	lipid localization	1/19	440/18866	0.361472749030122	0.378397894469659	0.328322370180501	PRKAB2	1
GO:0042391	regulation of membrane potential	1/19	443/18866	0.363446075184313	0.378618282593751	0.328513593103036	PIAS3	1
GO:0006605	protein targeting	1/19	444/18866	0.364102565689198	0.378618282593751	0.328513593103036	PDZK1	1
GO:0043434	response to peptide hormone	1/19	447/18866	0.366068190859109	0.378923626461114	0.328778529096914	GNRHR2	1
GO:0043254	regulation of protein-containing complex assembly	1/19	449/18866	0.367375408265039	0.378923626461114	0.328778529096914	CHD1L	1
GO:0006417	regulation of translation	1/19	450/18866	0.368028058927088	0.378923626461114	0.328778529096914	RBM8A	1
GO:0009896	positive regulation of catabolic process	1/19	454/18866	0.370632288382625	0.380353791028727	0.330019431933451	SEC22B	1
GO:0006979	response to oxidative stress	1/19	458/18866	0.373226348941478	0.381764206597002	0.331243199266946	TXNIP	1
GO:0002683	negative regulation of immune system process	1/19	463/18866	0.376454681759766	0.383812102250184	0.333020085355802	PIAS3	1
GO:0010256	endomembrane system organization	1/19	468/18866	0.379667257250047	0.385830686750859	0.334771539202024	PDE4DIP	1
GO:0048285	organelle fission	1/19	476/18866	0.384774784027506	0.38914019461078	0.337643081249643	PEX11B	1
GO:0008544	epidermis development	1/19	477/18866	0.385410416387674	0.38914019461078	0.337643081249643	TXNIP	1
GO:0042110	T cell activation	1/19	483/18866	0.389211164753191	0.391714130442922	0.339876393658227	GPR89A	1
GO:0008380	RNA splicing	1/19	487/18866	0.39173261449349	0.392988167745071	0.340981830429556	RBM8A	1
GO:1903706	regulation of hemopoiesis	1/19	498/18866	0.398615853123071	0.398615853123071	0.345864772509676	PIAS3	1
