ID	Description	GeneRatio	BgRatio	pvalue	p.adjust	qvalue	geneID	Count
GO:0055076	transition metal ion homeostasis	22/336	138/18866	4.60234385056314e-15	8.98770637635683e-12	8.76562383675256e-12	SLC11A2/NEO1/MT2A/MT1E/MT1M/MT1A/MT1DP/MT1B/MT1F/MT1G/MT1H/MT1X/HAMP/CYBRD1/SLC40A1/TMPRSS6/TFRC/BMP6/HFE/TFR2/SLC39A14/SLC25A37	22
GO:0010273	detoxification of copper ion	10/336	15/18866	7.7995716312035e-15	8.98770637635683e-12	8.76562383675256e-12	MT2A/MT1E/MT1M/MT1A/MT1DP/MT1B/MT1F/MT1G/MT1H/MT1X	10
GO:1990169	stress response to copper ion	10/336	15/18866	7.7995716312035e-15	8.98770637635683e-12	8.76562383675256e-12	MT2A/MT1E/MT1M/MT1A/MT1DP/MT1B/MT1F/MT1G/MT1H/MT1X	10
GO:0046916	cellular transition metal ion homeostasis	20/336	116/18866	1.75246224147461e-14	1.51456549219443e-11	1.47714119985346e-11	SLC11A2/MT2A/MT1E/MT1M/MT1A/MT1DP/MT1B/MT1F/MT1G/MT1H/MT1X/HAMP/CYBRD1/SLC40A1/TMPRSS6/TFRC/BMP6/HFE/TFR2/SLC39A14	20
GO:0061687	detoxification of inorganic compound	10/336	17/18866	4.89369226976976e-14	2.81958236276568e-11	2.74991163860922e-11	MT2A/MT1E/MT1M/MT1A/MT1DP/MT1B/MT1F/MT1G/MT1H/MT1X	10
GO:0097501	stress response to metal ion	10/336	17/18866	4.89369226976976e-14	2.81958236276568e-11	2.74991163860922e-11	MT2A/MT1E/MT1M/MT1A/MT1DP/MT1B/MT1F/MT1G/MT1H/MT1X	10
GO:0071280	cellular response to copper ion	11/336	28/18866	7.96287885833435e-13	3.93252460189455e-10	3.83535353131502e-10	CYP1A1/MT2A/MT1E/MT1M/MT1A/MT1DP/MT1B/MT1F/MT1G/MT1H/MT1X	11
GO:0071294	cellular response to zinc ion	10/336	24/18866	4.41750480874064e-12	1.90891426547705e-09	1.86174577663109e-09	MT2A/MT1E/MT1M/MT1A/MT1DP/MT1B/MT1F/MT1G/MT1H/MT1X	10
GO:0046688	response to copper ion	12/336	43/18866	7.83081795131338e-12	3.00790418418782e-09	2.93358010503588e-09	CYP1A1/MT2A/MT1E/MT1M/MT1A/MT1DP/MT1B/MT1F/MT1G/MT1H/MT1X/LOXL2	12
GO:0006882	cellular zinc ion homeostasis	11/336	37/18866	2.74758626843594e-11	9.49840572998303e-09	9.26370401873716e-09	MT2A/MT1E/MT1M/MT1A/MT1DP/MT1B/MT1F/MT1G/MT1H/MT1X/SLC39A14	11
GO:0055069	zinc ion homeostasis	11/336	39/18866	5.21757596013087e-11	1.63974182674295e-08	1.59922447849753e-08	MT2A/MT1E/MT1M/MT1A/MT1DP/MT1B/MT1F/MT1G/MT1H/MT1X/SLC39A14	11
GO:0071276	cellular response to cadmium ion	10/336	38/18866	8.53321715497629e-10	2.45827764206275e-07	2.39753460942009e-07	MT2A/MT1E/MT1M/MT1A/MT1DP/MT1B/MT1F/MT1G/MT1H/MT1X	10
GO:0010043	response to zinc ion	11/336	54/18866	2.3479699510116e-09	6.24379393895931e-07	6.08951235068029e-07	MT2A/MT1E/MT1M/MT1A/MT1DP/MT1B/MT1F/MT1G/MT1H/MT1X/HAMP	11
GO:0010038	response to metal ion	25/336	366/18866	1.06951347327966e-08	2.64093434080557e-06	2.57567793602613e-06	TXNIP/ATF1/SLC11A2/CYP1A1/MT2A/MT1E/MT1M/MT1A/MT1DP/MT1B/MT1F/MT1G/MT1H/MT1X/CPNE2/HAMP/CYBRD1/SLC25A12/SLC40A1/BMP6/GPLD1/HFE/TFR2/DMTN/LOXL2	25
GO:0071248	cellular response to metal ion	18/336	193/18866	1.16935035468216e-08	2.69496278409083e-06	2.62837135862945e-06	CYP1A1/MT2A/MT1E/MT1M/MT1A/MT1DP/MT1B/MT1F/MT1G/MT1H/MT1X/CPNE2/SLC40A1/BMP6/GPLD1/HFE/TFR2/DMTN	18
GO:0055072	iron ion homeostasis	12/336	87/18866	4.4894571263924e-08	9.70003330371159e-06	9.4603494577861e-06	SLC11A2/NEO1/HAMP/CYBRD1/SLC40A1/TMPRSS6/TFRC/BMP6/HFE/TFR2/SLC39A14/SLC25A37	12
GO:0010039	response to iron ion	8/336	33/18866	8.77236426959633e-08	1.7838860752938e-05	1.73980698176576e-05	SLC11A2/CYP1A1/HAMP/CYBRD1/SLC40A1/BMP6/HFE/TFR2	8
GO:0071241	cellular response to inorganic substance	18/336	221/18866	9.49292369364639e-08	1.82316873382975e-05	1.77811898191517e-05	CYP1A1/MT2A/MT1E/MT1M/MT1A/MT1DP/MT1B/MT1F/MT1G/MT1H/MT1X/CPNE2/SLC40A1/BMP6/GPLD1/HFE/TFR2/DMTN	18
GO:0046686	response to cadmium ion	10/336	64/18866	1.81391533403192e-07	3.30037121565702e-05	3.21882039606883e-05	MT2A/MT1E/MT1M/MT1A/MT1DP/MT1B/MT1F/MT1G/MT1H/MT1X	10
GO:0006879	cellular iron ion homeostasis	10/336	70/18866	4.32203996041857e-07	7.47064607158351e-05	7.28604947011615e-05	SLC11A2/HAMP/CYBRD1/SLC40A1/TMPRSS6/TFRC/BMP6/HFE/TFR2/SLC39A14	10
GO:0034755	iron ion transmembrane transport	6/336	18/18866	4.72982659672232e-07	7.7861954975567e-05	7.59380179914867e-05	SLC11A2/HAMP/SLC40A1/HFE/SLC39A14/SLC25A37	6
GO:0045926	negative regulation of growth	17/336	254/18866	3.32707123439831e-06	0.000522803875332498	0.000509885605922382	ACVRL1/ACVR1B/PML/SEMA7A/BBS2/MT2A/MT1E/MT1M/MT1A/MT1B/MT1F/MT1G/MT1H/MT1X/MAG/KIAA0319/CCAR2	17
GO:0006536	glutamate metabolic process	6/336	33/18866	2.25232326514939e-05	0.00338533979461802	0.00330168943628078	GOT2/PRODH2/GAD1/SLC25A12/GLS/ALDH5A1	6
GO:0071281	cellular response to iron ion	4/336	11/18866	2.95438918816777e-05	0.00425555142645666	0.00415039849548306	SLC40A1/BMP6/HFE/TFR2	4
GO:0098754	detoxification	11/336	138/18866	3.73506928864466e-05	0.00516485381233783	0.00503723239222267	PDZK1/MT2A/MT1E/MT1M/MT1A/MT1DP/MT1B/MT1F/MT1G/MT1H/MT1X	11
GO:0009636	response to toxic substance	15/336	250/18866	4.50304261658376e-05	0.00598731474058849	0.00583937064814485	PDZK1/CYP1A1/CES1/MT2A/MT1E/MT1M/MT1A/MT1DP/MT1B/MT1F/MT1G/MT1H/MT1X/ARHGAP33/MPST	15
GO:0006826	iron ion transport	8/336	79/18866	8.09469809815262e-05	0.010364211601968	0.0101081161826054	SLC11A2/HAMP/SLC40A1/TFRC/HFE/TFR2/SLC39A14/SLC25A37	8
GO:0009064	glutamine family amino acid metabolic process	7/336	75/18866	0.000375436102791704	0.0455304595789407	0.0444054205902127	GOT2/PRODH2/GAD1/SLC25A12/ASNSD1/GLS/ALDH5A1	7
GO:0009063	cellular amino acid catabolic process	9/336	124/18866	0.000381944844602048	0.0455304595789407	0.0444054205902127	CSAD/GOT2/PRODH2/GAD1/HIBCH/GLS/TST/MPST/ALDH5A1	9
