ID	Description	GeneRatio	BgRatio	pvalue	p.adjust	qvalue	geneID	Count
GO:0001889	liver development	3/28	141/18866	0.00116744013783894	0.25938794467801	0.22063833678087	LSR/HAMP/HPN	3
GO:0061008	hepaticobiliary system development	3/28	144/18866	0.0012404191187672	0.25938794467801	0.22063833678087	LSR/HAMP/HPN	3
GO:0031641	regulation of myelination	2/28	46/18866	0.00211148330631038	0.25938794467801	0.22063833678087	MAG/LGI4	2
GO:2000649	regulation of sodium ion transmembrane transporter activity	2/28	55/18866	0.00300464904583064	0.25938794467801	0.22063833678087	FXYD5/FXYD1	2
GO:0048732	gland development	4/28	443/18866	0.00392837782758041	0.25938794467801	0.22063833678087	LSR/USF2/HAMP/HPN	4
GO:1902305	regulation of sodium ion transmembrane transport	2/28	65/18866	0.00417018944195314	0.25938794467801	0.22063833678087	FXYD5/FXYD1	2
GO:0022604	regulation of cell morphogenesis	4/28	499/18866	0.005982987943519	0.25938794467801	0.22063833678087	MAG/WTIP/HPN/ARHGAP33	4
GO:0002028	regulation of sodium ion transport	2/28	88/18866	0.00751508725687945	0.25938794467801	0.22063833678087	FXYD5/FXYD1	2
GO:0098742	cell-cell adhesion via plasma-membrane adhesion molecules	3/28	277/18866	0.0078194562400416	0.25938794467801	0.22063833678087	FXYD5/MAG/LRFN3	3
GO:0002526	acute inflammatory response	2/28	111/18866	0.0117363762362438	0.25938794467801	0.22063833678087	HAMP/FFAR2	2
GO:0021782	glial cell development	2/28	122/18866	0.0140478784514411	0.25938794467801	0.22063833678087	MAG/LGI4	2
GO:1904062	regulation of cation transmembrane transport	3/28	349/18866	0.0146002655218328	0.25938794467801	0.22063833678087	FXYD5/HAMP/FXYD1	3
GO:0006560	proline metabolic process	1/28	10/18866	0.014746277599028	0.25938794467801	0.22063833678087	PRODH2	1
GO:0007220	Notch receptor processing	1/28	10/18866	0.014746277599028	0.25938794467801	0.22063833678087	PSENEN	1
GO:0046487	glyoxylate metabolic process	1/28	10/18866	0.014746277599028	0.25938794467801	0.22063833678087	PRODH2	1
GO:2000382	positive regulation of mesoderm development	1/28	10/18866	0.014746277599028	0.25938794467801	0.22063833678087	ETV2	1
GO:0035331	negative regulation of hippo signaling	1/28	11/18866	0.016209318765088	0.25938794467801	0.22063833678087	WTIP	1
GO:0106072	negative regulation of adenylate cyclase-activating G protein-coupled receptor signaling pathway	1/28	11/18866	0.016209318765088	0.25938794467801	0.22063833678087	APLP1	1
GO:1904478	regulation of intestinal absorption	1/28	11/18866	0.016209318765088	0.25938794467801	0.22063833678087	HAMP	1
GO:2000318	positive regulation of T-helper 17 type immune response	1/28	11/18866	0.016209318765088	0.25938794467801	0.22063833678087	NFKBID	1
GO:0042552	myelination	2/28	137/18866	0.0174902325496467	0.25938794467801	0.22063833678087	MAG/LGI4	2
GO:0010755	regulation of plasminogen activation	1/28	12/18866	0.0176702648841326	0.25938794467801	0.22063833678087	HPN	1
GO:0060856	establishment of blood-brain barrier	1/28	12/18866	0.0176702648841326	0.25938794467801	0.22063833678087	LSR	1
GO:0070243	regulation of thymocyte apoptotic process	1/28	12/18866	0.0176702648841326	0.25938794467801	0.22063833678087	NFKBID	1
GO:0071481	cellular response to X-ray	1/28	12/18866	0.0176702648841326	0.25938794467801	0.22063833678087	HAMP	1
GO:0007272	ensheathment of neurons	2/28	139/18866	0.0179738018653308	0.25938794467801	0.22063833678087	MAG/LGI4	2
GO:0008366	axon ensheathment	2/28	139/18866	0.0179738018653308	0.25938794467801	0.22063833678087	MAG/LGI4	2
GO:0007501	mesodermal cell fate specification	1/28	13/18866	0.0191291188452677	0.25938794467801	0.22063833678087	ETV2	1
GO:0032352	positive regulation of hormone metabolic process	1/28	13/18866	0.0191291188452677	0.25938794467801	0.22063833678087	HPN	1
GO:0048711	positive regulation of astrocyte differentiation	1/28	13/18866	0.0191291188452677	0.25938794467801	0.22063833678087	MAG	1
GO:0050910	detection of mechanical stimulus involved in sensory perception of sound	1/28	13/18866	0.0191291188452677	0.25938794467801	0.22063833678087	HPN	1
GO:0150105	protein localization to cell-cell junction	1/28	13/18866	0.0191291188452677	0.25938794467801	0.22063833678087	LSR	1
GO:0010959	regulation of metal ion transport	3/28	396/18866	0.020385934662408	0.25938794467801	0.22063833678087	FXYD5/HAMP/FXYD1	3
GO:0061051	positive regulation of cell growth involved in cardiac muscle cell development	1/28	14/18866	0.0205858835337701	0.25938794467801	0.22063833678087	HAMP	1
GO:0070234	positive regulation of T cell apoptotic process	1/28	14/18866	0.0205858835337701	0.25938794467801	0.22063833678087	NFKBID	1
GO:0106070	regulation of adenylate cyclase-activating G protein-coupled receptor signaling pathway	1/28	14/18866	0.0205858835337701	0.25938794467801	0.22063833678087	APLP1	1
GO:0036376	sodium ion export across plasma membrane	1/28	15/18866	0.0220405618310889	0.25938794467801	0.22063833678087	FXYD1	1
GO:2000345	regulation of hepatocyte proliferation	1/28	15/18866	0.0220405618310889	0.25938794467801	0.22063833678087	HPN	1
GO:0002523	leukocyte migration involved in inflammatory response	1/28	16/18866	0.0234931566148526	0.25938794467801	0.22063833678087	FFAR2	1
GO:0048012	hepatocyte growth factor receptor signaling pathway	1/28	16/18866	0.0234931566148526	0.25938794467801	0.22063833678087	HPN	1
GO:0001558	regulation of cell growth	3/28	420/18866	0.0237650299671832	0.25938794467801	0.22063833678087	HAMP/MAG/HPN	3
GO:0030033	microvillus assembly	1/28	17/18866	0.0249436707588733	0.25938794467801	0.22063833678087	FXYD5	1
GO:0043923	positive regulation by host of viral transcription	1/28	17/18866	0.0249436707588733	0.25938794467801	0.22063833678087	HPN	1
GO:0070242	thymocyte apoptotic process	1/28	17/18866	0.0249436707588733	0.25938794467801	0.22063833678087	NFKBID	1
GO:0001710	mesodermal cell fate commitment	1/28	18/18866	0.0263921071331501	0.25938794467801	0.22063833678087	ETV2	1
GO:0031293	membrane protein intracellular domain proteolysis	1/28	18/18866	0.0263921071331501	0.25938794467801	0.22063833678087	PSENEN	1
GO:0034755	iron ion transmembrane transport	1/28	18/18866	0.0263921071331501	0.25938794467801	0.22063833678087	HAMP	1
GO:0035330	regulation of hippo signaling	1/28	18/18866	0.0263921071331501	0.25938794467801	0.22063833678087	WTIP	1
GO:0060004	reflex	1/28	18/18866	0.0263921071331501	0.25938794467801	0.22063833678087	HPN	1
GO:0060457	negative regulation of digestive system process	1/28	18/18866	0.0263921071331501	0.25938794467801	0.22063833678087	HAMP	1
GO:0070230	positive regulation of lymphocyte apoptotic process	1/28	18/18866	0.0263921071331501	0.25938794467801	0.22063833678087	NFKBID	1
GO:0007584	response to nutrient	2/28	171/18866	0.0264586681835806	0.25938794467801	0.22063833678087	USF2/HAMP	2
GO:0030307	positive regulation of cell growth	2/28	171/18866	0.0264586681835806	0.25938794467801	0.22063833678087	HAMP/HPN	2
GO:0022407	regulation of cell-cell adhesion	3/28	439/18866	0.0266449975052754	0.25938794467801	0.22063833678087	FXYD5/NFKBID/LRFN3	3
GO:0035725	sodium ion transmembrane transport	2/28	174/18866	0.027323516510463	0.25938794467801	0.22063833678087	FXYD5/FXYD1	2
GO:0031643	positive regulation of myelination	1/28	19/18866	0.027838468603878	0.25938794467801	0.22063833678087	MAG	1
GO:0033189	response to vitamin A	1/28	19/18866	0.027838468603878	0.25938794467801	0.22063833678087	HAMP	1
GO:2000319	regulation of T-helper 17 cell differentiation	1/28	19/18866	0.027838468603878	0.25938794467801	0.22063833678087	NFKBID	1
GO:0019083	viral transcription	2/28	178/18866	0.0284943895785087	0.25938794467801	0.22063833678087	USF2/HPN	2
GO:0006123	mitochondrial electron transport, cytochrome c to oxygen	1/28	21/18866	0.0307249782804526	0.25938794467801	0.22063833678087	COX6B1	1
GO:0019646	aerobic electron transport chain	1/28	21/18866	0.0307249782804526	0.25938794467801	0.22063833678087	COX6B1	1
GO:0030728	ovulation	1/28	21/18866	0.0307249782804526	0.25938794467801	0.22063833678087	KMT2B	1
GO:0072574	hepatocyte proliferation	1/28	21/18866	0.0307249782804526	0.25938794467801	0.22063833678087	HPN	1
GO:0072575	epithelial cell proliferation involved in liver morphogenesis	1/28	21/18866	0.0307249782804526	0.25938794467801	0.22063833678087	HPN	1
GO:0080182	histone H3-K4 trimethylation	1/28	21/18866	0.0307249782804526	0.25938794467801	0.22063833678087	KMT2B	1
GO:1902307	positive regulation of sodium ion transmembrane transport	1/28	21/18866	0.0307249782804526	0.25938794467801	0.22063833678087	FXYD1	1
GO:2000380	regulation of mesoderm development	1/28	21/18866	0.0307249782804526	0.25938794467801	0.22063833678087	ETV2	1
GO:0003012	muscle system process	3/28	467/18866	0.0312190725466203	0.25938794467801	0.22063833678087	HAMP/FXYD1/HSPB6	3
GO:0045624	positive regulation of T-helper cell differentiation	1/28	22/18866	0.0321651321996961	0.25938794467801	0.22063833678087	NFKBID	1
GO:0048025	negative regulation of mRNA splicing, via spliceosome	1/28	22/18866	0.0321651321996961	0.25938794467801	0.22063833678087	RBM42	1
GO:0072576	liver morphogenesis	1/28	22/18866	0.0321651321996961	0.25938794467801	0.22063833678087	HPN	1
GO:2000316	regulation of T-helper 17 type immune response	1/28	22/18866	0.0321651321996961	0.25938794467801	0.22063833678087	NFKBID	1
GO:0022408	negative regulation of cell-cell adhesion	2/28	191/18866	0.0324367585167535	0.25938794467801	0.22063833678087	FXYD5/NFKBID	2
GO:0006590	thyroid hormone generation	1/28	23/18866	0.0336032226421931	0.25938794467801	0.22063833678087	HPN	1
GO:0018027	peptidyl-lysine dimethylation	1/28	23/18866	0.0336032226421931	0.25938794467801	0.22063833678087	KMT2B	1
GO:0022010	central nervous system myelination	1/28	23/18866	0.0336032226421931	0.25938794467801	0.22063833678087	MAG	1
GO:0031639	plasminogen activation	1/28	23/18866	0.0336032226421931	0.25938794467801	0.22063833678087	HPN	1
GO:0032291	axon ensheathment in central nervous system	1/28	23/18866	0.0336032226421931	0.25938794467801	0.22063833678087	MAG	1
GO:0007219	Notch signaling pathway	2/28	195/18866	0.033691000523387	0.25938794467801	0.22063833678087	ETV2/PSENEN	2
GO:0019080	viral gene expression	2/28	195/18866	0.033691000523387	0.25938794467801	0.22063833678087	USF2/HPN	2
GO:0090103	cochlea morphogenesis	1/28	24/18866	0.0350392524551747	0.25938794467801	0.22063833678087	HPN	1
GO:2000637	positive regulation of gene silencing by miRNA	1/28	24/18866	0.0350392524551747	0.25938794467801	0.22063833678087	WTIP	1
GO:0034765	regulation of ion transmembrane transport	3/28	489/18866	0.0350877772223603	0.25938794467801	0.22063833678087	FXYD5/HAMP/FXYD1	3
GO:0016049	cell growth	3/28	490/18866	0.0352693478628532	0.25938794467801	0.22063833678087	HAMP/MAG/HPN	3
GO:0031099	regeneration	2/28	201/18866	0.0356078084490174	0.25938794467801	0.22063833678087	HAMP/MAG	2
GO:0010954	positive regulation of protein processing	1/28	25/18866	0.0364732244820962	0.25938794467801	0.22063833678087	HPN	1
GO:0032528	microvillus organization	1/28	25/18866	0.0364732244820962	0.25938794467801	0.22063833678087	FXYD5	1
GO:0060148	positive regulation of posttranscriptional gene silencing	1/28	25/18866	0.0364732244820962	0.25938794467801	0.22063833678087	WTIP	1
GO:0061050	regulation of cell growth involved in cardiac muscle cell development	1/28	25/18866	0.0364732244820962	0.25938794467801	0.22063833678087	HAMP	1
GO:0061436	establishment of skin barrier	1/28	25/18866	0.0364732244820962	0.25938794467801	0.22063833678087	LSR	1
GO:0035637	multicellular organismal signaling	2/28	206/18866	0.0372371019033435	0.25938794467801	0.22063833678087	MAG/FXYD1	2
GO:0033119	negative regulation of RNA splicing	1/28	26/18866	0.0379051415626382	0.25938794467801	0.22063833678087	RBM42	1
GO:0042403	thyroid hormone metabolic process	1/28	26/18866	0.0379051415626382	0.25938794467801	0.22063833678087	HPN	1
GO:0043951	negative regulation of cAMP-mediated signaling	1/28	26/18866	0.0379051415626382	0.25938794467801	0.22063833678087	APLP1	1
GO:0097066	response to thyroid hormone	1/28	26/18866	0.0379051415626382	0.25938794467801	0.22063833678087	HPN	1
GO:0009612	response to mechanical stimulus	2/28	209/18866	0.038228404437558	0.25938794467801	0.22063833678087	MAG/HPN	2
GO:0009065	glutamine family amino acid catabolic process	1/28	27/18866	0.0393350065327155	0.25938794467801	0.22063833678087	PRODH2	1
GO:0033081	regulation of T cell differentiation in thymus	1/28	27/18866	0.0393350065327155	0.25938794467801	0.22063833678087	NFKBID	1
GO:0045603	positive regulation of endothelial cell differentiation	1/28	27/18866	0.0393350065327155	0.25938794467801	0.22063833678087	ETV2	1
GO:0072539	T-helper 17 cell differentiation	1/28	27/18866	0.0393350065327155	0.25938794467801	0.22063833678087	NFKBID	1
GO:1903319	positive regulation of protein maturation	1/28	27/18866	0.0393350065327155	0.25938794467801	0.22063833678087	HPN	1
GO:0022011	myelination in peripheral nervous system	1/28	28/18866	0.0407628222244766	0.25938794467801	0.22063833678087	LGI4	1
GO:0032292	peripheral nervous system axon ensheathment	1/28	28/18866	0.0407628222244766	0.25938794467801	0.22063833678087	LGI4	1
GO:0033561	regulation of water loss via skin	1/28	28/18866	0.0407628222244766	0.25938794467801	0.22063833678087	LSR	1
GO:0099560	synaptic membrane adhesion	1/28	28/18866	0.0407628222244766	0.25938794467801	0.22063833678087	LRFN3	1
GO:0051569	regulation of histone H3-K4 methylation	1/28	29/18866	0.042188591466313	0.25938794467801	0.22063833678087	KMT2B	1
GO:2000108	positive regulation of leukocyte apoptotic process	1/28	29/18866	0.042188591466313	0.25938794467801	0.22063833678087	NFKBID	1
GO:2000727	positive regulation of cardiac muscle cell differentiation	1/28	29/18866	0.042188591466313	0.25938794467801	0.22063833678087	HAMP	1
GO:0002699	positive regulation of immune effector process	2/28	223/18866	0.0429872736910133	0.25938794467801	0.22063833678087	FFAR2/NFKBID	2
GO:0016485	protein processing	2/28	223/18866	0.0429872736910133	0.25938794467801	0.22063833678087	HPN/PSENEN	2
GO:0043372	positive regulation of CD4-positive, alpha-beta T cell differentiation	1/28	30/18866	0.0436123170828622	0.25938794467801	0.22063833678087	NFKBID	1
GO:0071711	basement membrane organization	1/28	30/18866	0.0436123170828622	0.25938794467801	0.22063833678087	HPN	1
GO:0002675	positive regulation of acute inflammatory response	1/28	31/18866	0.0450340018950132	0.25938794467801	0.22063833678087	FFAR2	1
GO:0014044	Schwann cell development	1/28	31/18866	0.0450340018950132	0.25938794467801	0.22063833678087	LGI4	1
GO:0048710	regulation of astrocyte differentiation	1/28	31/18866	0.0450340018950132	0.25938794467801	0.22063833678087	MAG	1
GO:0050686	negative regulation of mRNA processing	1/28	31/18866	0.0450340018950132	0.25938794467801	0.22063833678087	RBM42	1
GO:0050974	detection of mechanical stimulus involved in sensory perception	1/28	31/18866	0.0450340018950132	0.25938794467801	0.22063833678087	HPN	1
GO:0072538	T-helper 17 type immune response	1/28	31/18866	0.0450340018950132	0.25938794467801	0.22063833678087	NFKBID	1
GO:0050807	regulation of synapse organization	2/28	229/18866	0.0450920130988004	0.25938794467801	0.22063833678087	ARHGAP33/LRFN3	2
GO:0010001	glial cell differentiation	2/28	230/18866	0.0454465168039935	0.25938794467801	0.22063833678087	MAG/LGI4	2
GO:0010165	response to X-ray	1/28	32/18866	0.0464536487199106	0.25938794467801	0.22063833678087	HAMP	1
GO:0032350	regulation of hormone metabolic process	1/28	32/18866	0.0464536487199106	0.25938794467801	0.22063833678087	HPN	1
GO:0097421	liver regeneration	1/28	32/18866	0.0464536487199106	0.25938794467801	0.22063833678087	HAMP	1
GO:0006536	glutamate metabolic process	1/28	33/18866	0.0478712603709586	0.25938794467801	0.22063833678087	PRODH2	1
GO:0010039	response to iron ion	1/28	33/18866	0.0478712603709586	0.25938794467801	0.22063833678087	HAMP	1
GO:0048588	developmental cell growth	2/28	237/18866	0.047957275437948	0.25938794467801	0.22063833678087	HAMP/MAG	2
GO:0050803	regulation of synapse structure or activity	2/28	240/18866	0.049048775966272	0.25938794467801	0.22063833678087	ARHGAP33/LRFN3	2
GO:0010765	positive regulation of sodium ion transport	1/28	34/18866	0.0492868396578283	0.25938794467801	0.22063833678087	FXYD1	1
GO:0035633	maintenance of blood-brain barrier	1/28	34/18866	0.0492868396578283	0.25938794467801	0.22063833678087	LSR	1
GO:0060795	cell fate commitment involved in formation of primary germ layer	1/28	34/18866	0.0492868396578283	0.25938794467801	0.22063833678087	ETV2	1
GO:0070232	regulation of T cell apoptotic process	1/28	34/18866	0.0492868396578283	0.25938794467801	0.22063833678087	NFKBID	1
GO:0006814	sodium ion transport	2/28	241/18866	0.0494146445604052	0.25938794467801	0.22063833678087	FXYD5/FXYD1	2
GO:0006813	potassium ion transport	2/28	242/18866	0.0497815247361838	0.25938794467801	0.22063833678087	HPN/FXYD1	2
GO:0048333	mesodermal cell differentiation	1/28	35/18866	0.0507003893864597	0.260261998850493	0.221381817204035	ETV2	1
GO:1905606	regulation of presynapse assembly	1/28	35/18866	0.0507003893864597	0.260261998850493	0.221381817204035	LRFN3	1
GO:0045622	regulation of T-helper cell differentiation	1/28	36/18866	0.0521119123590675	0.261692429455317	0.222598557750403	NFKBID	1
GO:0099174	regulation of presynapse organization	1/28	36/18866	0.0521119123590675	0.261692429455317	0.222598557750403	LRFN3	1
GO:2000516	positive regulation of CD4-positive, alpha-beta T cell activation	1/28	36/18866	0.0521119123590675	0.261692429455317	0.222598557750403	NFKBID	1
GO:0010667	negative regulation of cardiac muscle cell apoptotic process	1/28	37/18866	0.0535214113741468	0.262714628355738	0.223468051764583	HSPB6	1
GO:0002385	mucosal immune response	1/28	38/18866	0.0549288892264771	0.262714628355738	0.223468051764583	FFAR2	1
GO:0003298	physiological muscle hypertrophy	1/28	38/18866	0.0549288892264771	0.262714628355738	0.223468051764583	HAMP	1
GO:0003301	physiological cardiac muscle hypertrophy	1/28	38/18866	0.0549288892264771	0.262714628355738	0.223468051764583	HAMP	1
GO:0061049	cell growth involved in cardiac muscle cell development	1/28	38/18866	0.0549288892264771	0.262714628355738	0.223468051764583	HAMP	1
GO:0090257	regulation of muscle system process	2/28	256/18866	0.0550220808477009	0.262714628355738	0.223468051764583	HAMP/HSPB6	2
GO:0014037	Schwann cell differentiation	1/28	39/18866	0.0563343487071259	0.262714628355738	0.223468051764583	LGI4	1
GO:0034205	amyloid-beta formation	1/28	39/18866	0.0563343487071259	0.262714628355738	0.223468051764583	PSENEN	1
GO:0010613	positive regulation of cardiac muscle hypertrophy	1/28	40/18866	0.0577377926034561	0.262714628355738	0.223468051764583	HAMP	1
GO:0010664	negative regulation of striated muscle cell apoptotic process	1/28	40/18866	0.0577377926034561	0.262714628355738	0.223468051764583	HSPB6	1
GO:0010719	negative regulation of epithelial to mesenchymal transition	1/28	40/18866	0.0577377926034561	0.262714628355738	0.223468051764583	HPN	1
GO:0050892	intestinal absorption	1/28	40/18866	0.0577377926034561	0.262714628355738	0.223468051764583	HAMP	1
GO:0032412	regulation of ion transmembrane transporter activity	2/28	265/18866	0.0584908624662324	0.262714628355738	0.223468051764583	FXYD5/FXYD1	2
GO:0002251	organ or tissue specific immune response	1/28	41/18866	0.0591392236991271	0.262714628355738	0.223468051764583	FFAR2	1
GO:0014742	positive regulation of muscle hypertrophy	1/28	41/18866	0.0591392236991271	0.262714628355738	0.223468051764583	HAMP	1
GO:0050434	positive regulation of viral transcription	1/28	41/18866	0.0591392236991271	0.262714628355738	0.223468051764583	HPN	1
GO:0050832	defense response to fungus	1/28	41/18866	0.0591392236991271	0.262714628355738	0.223468051764583	HAMP	1
GO:1905209	positive regulation of cardiocyte differentiation	1/28	41/18866	0.0591392236991271	0.262714628355738	0.223468051764583	HAMP	1
GO:0006509	membrane protein ectodomain proteolysis	1/28	42/18866	0.0605386447741032	0.263462633487785	0.224104313439902	PSENEN	1
GO:0044058	regulation of digestive system process	1/28	42/18866	0.0605386447741032	0.263462633487785	0.224104313439902	HAMP	1
GO:0016339	calcium-dependent cell-cell adhesion via plasma membrane cell adhesion molecules	1/28	43/18866	0.0619360586046555	0.263462633487785	0.224104313439902	FXYD5	1
GO:0021762	substantia nigra development	1/28	43/18866	0.0619360586046555	0.263462633487785	0.224104313439902	COX6B1	1
GO:0030517	negative regulation of axon extension	1/28	43/18866	0.0619360586046555	0.263462633487785	0.224104313439902	MAG	1
GO:0045927	positive regulation of growth	2/28	274/18866	0.0620348254292159	0.263462633487785	0.224104313439902	HAMP/HPN	2
GO:0022898	regulation of transmembrane transporter activity	2/28	276/18866	0.0628323355845041	0.263462633487785	0.224104313439902	FXYD5/FXYD1	2
GO:0031670	cellular response to nutrient	1/28	44/18866	0.0633314679633695	0.263462633487785	0.224104313439902	USF2	1
GO:0035329	hippo signaling	1/28	44/18866	0.0633314679633695	0.263462633487785	0.224104313439902	WTIP	1
GO:0045687	positive regulation of glial cell differentiation	1/28	44/18866	0.0633314679633695	0.263462633487785	0.224104313439902	MAG	1
GO:0032722	positive regulation of chemokine production	1/28	45/18866	0.0647248756191457	0.263462633487785	0.224104313439902	FFAR2	1
GO:0045581	negative regulation of T cell differentiation	1/28	46/18866	0.0661162843372091	0.263462633487785	0.224104313439902	NFKBID	1
GO:0050982	detection of mechanical stimulus	1/28	46/18866	0.0661162843372091	0.263462633487785	0.224104313439902	HPN	1
GO:0006953	acute-phase response	1/28	47/18866	0.0675056968791091	0.263462633487785	0.224104313439902	HAMP	1
GO:0014003	oligodendrocyte development	1/28	47/18866	0.0675056968791091	0.263462633487785	0.224104313439902	MAG	1
GO:0042551	neuron maturation	1/28	47/18866	0.0675056968791091	0.263462633487785	0.224104313439902	LGI4	1
GO:0046638	positive regulation of alpha-beta T cell differentiation	1/28	47/18866	0.0675056968791091	0.263462633487785	0.224104313439902	NFKBID	1
GO:0043370	regulation of CD4-positive, alpha-beta T cell differentiation	1/28	48/18866	0.0688931160027277	0.263462633487785	0.224104313439902	NFKBID	1
GO:0045601	regulation of endothelial cell differentiation	1/28	48/18866	0.0688931160027277	0.263462633487785	0.224104313439902	ETV2	1
GO:0055023	positive regulation of cardiac muscle tissue growth	1/28	48/18866	0.0688931160027277	0.263462633487785	0.224104313439902	HAMP	1
GO:0061001	regulation of dendritic spine morphogenesis	1/28	48/18866	0.0688931160027277	0.263462633487785	0.224104313439902	ARHGAP33	1
GO:0032409	regulation of transporter activity	2/28	291/18866	0.0689254887405206	0.263462633487785	0.224104313439902	FXYD5/FXYD1	2
GO:0051604	protein maturation	2/28	293/18866	0.0697524690702484	0.263462633487785	0.224104313439902	HPN/PSENEN	2
GO:0002673	regulation of acute inflammatory response	1/28	49/18866	0.070278544462284	0.263462633487785	0.224104313439902	FFAR2	1
GO:0007595	lactation	1/28	49/18866	0.070278544462284	0.263462633487785	0.224104313439902	USF2	1
GO:0070231	T cell apoptotic process	1/28	49/18866	0.070278544462284	0.263462633487785	0.224104313439902	NFKBID	1
GO:0014009	glial cell proliferation	1/28	50/18866	0.0716619850083355	0.263462633487785	0.224104313439902	LGI4	1
GO:0042987	amyloid precursor protein catabolic process	1/28	50/18866	0.0716619850083355	0.263462633487785	0.224104313439902	PSENEN	1
GO:0099054	presynapse assembly	1/28	50/18866	0.0716619850083355	0.263462633487785	0.224104313439902	LRFN3	1
GO:2000725	regulation of cardiac muscle cell differentiation	1/28	50/18866	0.0716619850083355	0.263462633487785	0.224104313439902	HAMP	1
GO:0050435	amyloid-beta metabolic process	1/28	51/18866	0.0730434403877874	0.263462633487785	0.224104313439902	PSENEN	1
GO:0071354	cellular response to interleukin-6	1/28	51/18866	0.0730434403877874	0.263462633487785	0.224104313439902	HAMP	1
GO:0090102	cochlea development	1/28	51/18866	0.0730434403877874	0.263462633487785	0.224104313439902	HPN	1
GO:0007162	negative regulation of cell adhesion	2/28	301/18866	0.0730935802411539	0.263462633487785	0.224104313439902	FXYD5/NFKBID	2
GO:0009994	oocyte differentiation	1/28	52/18866	0.0744229133438943	0.263462633487785	0.224104313439902	KMT2B	1
GO:0031103	axon regeneration	1/28	52/18866	0.0744229133438943	0.263462633487785	0.224104313439902	MAG	1
GO:0060421	positive regulation of heart growth	1/28	52/18866	0.0744229133438943	0.263462633487785	0.224104313439902	HAMP	1
GO:0042063	gliogenesis	2/28	307/18866	0.0756335569115099	0.263462633487785	0.224104313439902	MAG/LGI4	2
GO:0018023	peptidyl-lysine trimethylation	1/28	53/18866	0.0758004066162642	0.263462633487785	0.224104313439902	KMT2B	1
GO:0043124	negative regulation of I-kappaB kinase/NF-kappaB signaling	1/28	53/18866	0.0758004066162642	0.263462633487785	0.224104313439902	NFKBID	1
GO:0043949	regulation of cAMP-mediated signaling	1/28	53/18866	0.0758004066162642	0.263462633487785	0.224104313439902	APLP1	1
GO:0045744	negative regulation of G protein-coupled receptor signaling pathway	1/28	53/18866	0.0758004066162642	0.263462633487785	0.224104313439902	APLP1	1
GO:0099172	presynapse organization	1/28	53/18866	0.0758004066162642	0.263462633487785	0.224104313439902	LRFN3	1
GO:0010769	regulation of cell morphogenesis involved in differentiation	2/28	310/18866	0.0769142812596246	0.263462633487785	0.224104313439902	MAG/ARHGAP33	2
GO:0009620	response to fungus	1/28	54/18866	0.0771759229408664	0.263462633487785	0.224104313439902	HAMP	1
GO:0010043	response to zinc ion	1/28	54/18866	0.0771759229408664	0.263462633487785	0.224104313439902	HAMP	1
GO:0032757	positive regulation of interleukin-8 production	1/28	54/18866	0.0771759229408664	0.263462633487785	0.224104313439902	FFAR2	1
GO:0002720	positive regulation of cytokine production involved in immune response	1/28	55/18866	0.0785494650500338	0.263832639991692	0.224419045181662	FFAR2	1
GO:0045620	negative regulation of lymphocyte differentiation	1/28	55/18866	0.0785494650500338	0.263832639991692	0.224419045181662	NFKBID	1
GO:0070741	response to interleukin-6	1/28	55/18866	0.0785494650500338	0.263832639991692	0.224419045181662	HAMP	1
GO:0010665	regulation of cardiac muscle cell apoptotic process	1/28	56/18866	0.0799210356724674	0.263832639991692	0.224419045181662	HSPB6	1
GO:0070228	regulation of lymphocyte apoptotic process	1/28	56/18866	0.0799210356724674	0.263832639991692	0.224419045181662	NFKBID	1
GO:0001541	ovarian follicle development	1/28	57/18866	0.0812906375332423	0.263832639991692	0.224419045181662	KMT2B	1
GO:0051568	histone H3-K4 methylation	1/28	57/18866	0.0812906375332423	0.263832639991692	0.224419045181662	KMT2B	1
GO:0071398	cellular response to fatty acid	1/28	57/18866	0.0812906375332423	0.263832639991692	0.224419045181662	FFAR2	1
GO:0010656	negative regulation of muscle cell apoptotic process	1/28	58/18866	0.08265827335381	0.263832639991692	0.224419045181662	HSPB6	1
GO:0010662	regulation of striated muscle cell apoptotic process	1/28	58/18866	0.08265827335381	0.263832639991692	0.224419045181662	HSPB6	1
GO:0031638	zymogen activation	1/28	58/18866	0.08265827335381	0.263832639991692	0.224419045181662	HPN	1
GO:0071496	cellular response to external stimulus	2/28	326/18866	0.0838618110787324	0.263832639991692	0.224419045181662	USF2/MAG	2
GO:0010659	cardiac muscle cell apoptotic process	1/28	59/18866	0.0840239458520071	0.263832639991692	0.224419045181662	HSPB6	1
GO:0031102	neuron projection regeneration	1/28	59/18866	0.0840239458520071	0.263832639991692	0.224419045181662	MAG	1
GO:0042093	T-helper cell differentiation	1/28	60/18866	0.085387657742056	0.263832639991692	0.224419045181662	NFKBID	1
GO:0061077	chaperone-mediated protein folding	1/28	60/18866	0.085387657742056	0.263832639991692	0.224419045181662	HSPB6	1
GO:0071214	cellular response to abiotic stimulus	2/28	331/18866	0.0860720601463363	0.263832639991692	0.224419045181662	HAMP/MAG	2
GO:0104004	cellular response to environmental stimulus	2/28	331/18866	0.0860720601463363	0.263832639991692	0.224419045181662	HAMP/MAG	2
GO:0010658	striated muscle cell apoptotic process	1/28	61/18866	0.0867494117345704	0.263832639991692	0.224419045181662	HSPB6	1
GO:0033619	membrane protein proteolysis	1/28	61/18866	0.0867494117345704	0.263832639991692	0.224419045181662	PSENEN	1
GO:0002294	CD4-positive, alpha-beta T cell differentiation involved in immune response	1/28	62/18866	0.0881092105365606	0.263832639991692	0.224419045181662	NFKBID	1
GO:0048857	neural nucleus development	1/28	62/18866	0.0881092105365606	0.263832639991692	0.224419045181662	COX6B1	1
GO:0051851	modulation by host of symbiont process	1/28	62/18866	0.0881092105365606	0.263832639991692	0.224419045181662	HPN	1
GO:0055025	positive regulation of cardiac muscle tissue development	1/28	62/18866	0.0881092105365606	0.263832639991692	0.224419045181662	HAMP	1
GO:0060997	dendritic spine morphogenesis	1/28	62/18866	0.0881092105365606	0.263832639991692	0.224419045181662	ARHGAP33	1
GO:0140115	export across plasma membrane	1/28	62/18866	0.0881092105365606	0.263832639991692	0.224419045181662	FXYD1	1
GO:0002287	alpha-beta T cell activation involved in immune response	1/28	63/18866	0.0894670568514394	0.263832639991692	0.224419045181662	NFKBID	1
GO:0002293	alpha-beta T cell differentiation involved in immune response	1/28	63/18866	0.0894670568514394	0.263832639991692	0.224419045181662	NFKBID	1
GO:0006081	cellular aldehyde metabolic process	1/28	63/18866	0.0894670568514394	0.263832639991692	0.224419045181662	PRODH2	1
GO:0046622	positive regulation of organ growth	1/28	63/18866	0.0894670568514394	0.263832639991692	0.224419045181662	HAMP	1
GO:0046635	positive regulation of alpha-beta T cell activation	1/28	63/18866	0.0894670568514394	0.263832639991692	0.224419045181662	NFKBID	1
GO:2000514	regulation of CD4-positive, alpha-beta T cell activation	1/28	63/18866	0.0894670568514394	0.263832639991692	0.224419045181662	NFKBID	1
GO:0046637	regulation of alpha-beta T cell differentiation	1/28	64/18866	0.0908229533790234	0.266696214795183	0.226854834488194	NFKBID	1
GO:0031640	killing of cells of other organism	1/28	65/18866	0.0921769028155404	0.267274450423303	0.227346688292018	HAMP	1
GO:0031646	positive regulation of nervous system process	1/28	65/18866	0.0921769028155404	0.267274450423303	0.227346688292018	MAG	1
GO:0046782	regulation of viral transcription	1/28	65/18866	0.0921769028155404	0.267274450423303	0.227346688292018	HPN	1
GO:1905207	regulation of cardiocyte differentiation	1/28	66/18866	0.093528907853632	0.270064721427362	0.22972012455278	HAMP	1
GO:0031060	regulation of histone methylation	1/28	67/18866	0.0948789711823603	0.271698872022214	0.231110151640373	KMT2B	1
GO:0070613	regulation of protein processing	1/28	67/18866	0.0948789711823603	0.271698872022214	0.231110151640373	HPN	1
GO:0048638	regulation of developmental growth	2/28	353/18866	0.0960061107750925	0.272185212949542	0.231523838766224	HAMP/MAG	2
GO:0032642	regulation of chemokine production	1/28	68/18866	0.0962270954872116	0.272185212949542	0.231523838766224	FFAR2	1
GO:0071479	cellular response to ionizing radiation	1/28	68/18866	0.0962270954872116	0.272185212949542	0.231523838766224	HAMP	1
GO:1903317	regulation of protein maturation	1/28	69/18866	0.097573283450099	0.274871078987474	0.233808466974991	HPN	1
GO:0006879	cellular iron ion homeostasis	1/28	70/18866	0.0989175377493702	0.275714617914476	0.23452599078318	HAMP	1
GO:0050771	negative regulation of axonogenesis	1/28	70/18866	0.0989175377493702	0.275714617914476	0.23452599078318	MAG	1
GO:0006936	muscle contraction	2/28	362/18866	0.100163411673314	0.275714617914476	0.23452599078318	FXYD1/HSPB6	2
GO:0002292	T cell differentiation involved in immune response	1/28	71/18866	0.10025986105981	0.275714617914476	0.23452599078318	NFKBID	1
GO:0042982	amyloid precursor protein metabolic process	1/28	71/18866	0.10025986105981	0.275714617914476	0.23452599078318	PSENEN	1
GO:0050891	multicellular organismal water homeostasis	1/28	71/18866	0.10025986105981	0.275714617914476	0.23452599078318	LSR	1
GO:0019226	transmission of nerve impulse	1/28	72/18866	0.101600256052644	0.276179845904412	0.234921719004284	MAG	1
GO:0010611	regulation of cardiac muscle hypertrophy	1/28	73/18866	0.102938725395547	0.276179845904412	0.234921719004284	HAMP	1
GO:0051155	positive regulation of striated muscle cell differentiation	1/28	73/18866	0.102938725395547	0.276179845904412	0.234921719004284	HAMP	1
GO:0070227	lymphocyte apoptotic process	1/28	73/18866	0.102938725395547	0.276179845904412	0.234921719004284	NFKBID	1
GO:1903779	regulation of cardiac conduction	1/28	73/18866	0.102938725395547	0.276179845904412	0.234921719004284	FXYD1	1
GO:0045862	positive regulation of proteolysis	2/28	370/18866	0.103901844938576	0.276179845904412	0.234921719004284	HPN/PSENEN	2
GO:0001707	mesoderm formation	1/28	75/18866	0.105609897784515	0.276179845904412	0.234921719004284	ETV2	1
GO:0008344	adult locomotory behavior	1/28	75/18866	0.105609897784515	0.276179845904412	0.234921719004284	LGI4	1
GO:0009064	glutamine family amino acid metabolic process	1/28	75/18866	0.105609897784515	0.276179845904412	0.234921719004284	PRODH2	1
GO:0030858	positive regulation of epithelial cell differentiation	1/28	75/18866	0.105609897784515	0.276179845904412	0.234921719004284	ETV2	1
GO:0031100	animal organ regeneration	1/28	75/18866	0.105609897784515	0.276179845904412	0.234921719004284	HAMP	1
GO:0032602	chemokine production	1/28	75/18866	0.105609897784515	0.276179845904412	0.234921719004284	FFAR2	1
GO:0045685	regulation of glial cell differentiation	1/28	75/18866	0.105609897784515	0.276179845904412	0.234921719004284	MAG	1
GO:0014743	regulation of muscle hypertrophy	1/28	76/18866	0.106942606148202	0.277570135058817	0.236104314776239	HAMP	1
GO:0033077	T cell differentiation in thymus	1/28	76/18866	0.106942606148202	0.277570135058817	0.236104314776239	NFKBID	1
GO:0007422	peripheral nervous system development	1/28	77/18866	0.108273399497209	0.277901725376171	0.23638636927266	LGI4	1
GO:0014015	positive regulation of gliogenesis	1/28	77/18866	0.108273399497209	0.277901725376171	0.23638636927266	MAG	1
GO:0048332	mesoderm morphogenesis	1/28	77/18866	0.108273399497209	0.277901725376171	0.23638636927266	ETV2	1
GO:0043367	CD4-positive, alpha-beta T cell differentiation	1/28	78/18866	0.109602280481513	0.27852888210529	0.236919835921565	NFKBID	1
GO:0060998	regulation of dendritic spine development	1/28	78/18866	0.109602280481513	0.27852888210529	0.236919835921565	ARHGAP33	1
GO:0006826	iron ion transport	1/28	79/18866	0.110929251747561	0.27852888210529	0.236919835921565	HAMP	1
GO:0030104	water homeostasis	1/28	79/18866	0.110929251747561	0.27852888210529	0.236919835921565	LSR	1
GO:0071260	cellular response to mechanical stimulus	1/28	79/18866	0.110929251747561	0.27852888210529	0.236919835921565	MAG	1
GO:0120192	tight junction assembly	1/28	79/18866	0.110929251747561	0.27852888210529	0.236919835921565	LSR	1
GO:0048678	response to axon injury	1/28	80/18866	0.112254315938282	0.279385341817447	0.237648350296606	MAG	1
GO:0055021	regulation of cardiac muscle tissue growth	1/28	80/18866	0.112254315938282	0.279385341817447	0.237648350296606	HAMP	1
GO:0000377	RNA splicing, via transesterification reactions with bulged adenosine as nucleophile	2/28	390/18866	0.113415919554511	0.279385341817447	0.237648350296606	RBM42/U2AF1L4	2
GO:0000398	mRNA splicing, via spliceosome	2/28	390/18866	0.113415919554511	0.279385341817447	0.237648350296606	RBM42/U2AF1L4	2
GO:0019915	lipid storage	1/28	81/18866	0.113577475693085	0.279385341817447	0.237648350296606	FFAR2	1
GO:0000375	RNA splicing, via transesterification reactions	2/28	393/18866	0.114862791982306	0.279385341817447	0.237648350296606	RBM42/U2AF1L4	2
GO:0022617	extracellular matrix disassembly	1/28	82/18866	0.114898733647868	0.279385341817447	0.237648350296606	HPN	1
GO:0045652	regulation of megakaryocyte differentiation	1/28	82/18866	0.114898733647868	0.279385341817447	0.237648350296606	KMT2B	1
GO:0120193	tight junction organization	1/28	82/18866	0.114898733647868	0.279385341817447	0.237648350296606	LSR	1
GO:0002718	regulation of cytokine production involved in immune response	1/28	83/18866	0.116218092435019	0.279649784921765	0.237873288609689	FFAR2	1
GO:0048708	astrocyte differentiation	1/28	83/18866	0.116218092435019	0.279649784921765	0.237873288609689	MAG	1
GO:0055013	cardiac muscle cell development	1/28	83/18866	0.116218092435019	0.279649784921765	0.237873288609689	HAMP	1
GO:0097061	dendritic spine organization	1/28	84/18866	0.117535554683426	0.281841312787593	0.239737427145214	ARHGAP33	1
GO:0045844	positive regulation of striated muscle tissue development	1/28	85/18866	0.118851123018474	0.282023693731885	0.239892562451364	HAMP	1
GO:0048636	positive regulation of muscle organ development	1/28	85/18866	0.118851123018474	0.282023693731885	0.239892562451364	HAMP	1
GO:0110110	positive regulation of animal organ morphogenesis	1/28	85/18866	0.118851123018474	0.282023693731885	0.239892562451364	HPN	1
GO:1901863	positive regulation of muscle tissue development	1/28	86/18866	0.120164800062054	0.282023693731885	0.239892562451364	HAMP	1
GO:2000106	regulation of leukocyte apoptotic process	1/28	86/18866	0.120164800062054	0.282023693731885	0.239892562451364	NFKBID	1
GO:0009060	aerobic respiration	1/28	87/18866	0.121476588432568	0.282023693731885	0.239892562451364	COX6B1	1
GO:0048013	ephrin receptor signaling pathway	1/28	87/18866	0.121476588432568	0.282023693731885	0.239892562451364	PSENEN	1
GO:0055072	iron ion homeostasis	1/28	87/18866	0.121476588432568	0.282023693731885	0.239892562451364	HAMP	1
GO:0060420	regulation of heart growth	1/28	87/18866	0.121476588432568	0.282023693731885	0.239892562451364	HAMP	1
GO:0014068	positive regulation of phosphatidylinositol 3-kinase signaling	1/28	88/18866	0.122786490744932	0.282023693731885	0.239892562451364	HCST	1
GO:1903312	negative regulation of mRNA metabolic process	1/28	88/18866	0.122786490744932	0.282023693731885	0.239892562451364	RBM42	1
GO:0055006	cardiac cell development	1/28	89/18866	0.124094509610581	0.282023693731885	0.239892562451364	HAMP	1
GO:0070542	response to fatty acid	1/28	90/18866	0.12540064763747	0.282023693731885	0.239892562451364	FFAR2	1
GO:0030901	midbrain development	1/28	91/18866	0.126704907430086	0.282023693731885	0.239892562451364	COX6B1	1
GO:0033273	response to vitamin	1/28	91/18866	0.126704907430086	0.282023693731885	0.239892562451364	HAMP	1
GO:0048477	oogenesis	1/28	91/18866	0.126704907430086	0.282023693731885	0.239892562451364	KMT2B	1
GO:1904063	negative regulation of cation transmembrane transport	1/28	91/18866	0.126704907430086	0.282023693731885	0.239892562451364	HAMP	1
GO:0045582	positive regulation of T cell differentiation	1/28	92/18866	0.128007291589444	0.282023693731885	0.239892562451364	NFKBID	1
GO:0106027	neuron projection organization	1/28	92/18866	0.128007291589444	0.282023693731885	0.239892562451364	ARHGAP33	1
GO:0032088	negative regulation of NF-kappaB transcription factor activity	1/28	93/18866	0.1293078027131	0.282023693731885	0.239892562451364	NFKBID	1
GO:0032677	regulation of interleukin-8 production	1/28	93/18866	0.1293078027131	0.282023693731885	0.239892562451364	FFAR2	1
GO:0051702	interaction with symbiont	1/28	93/18866	0.1293078027131	0.282023693731885	0.239892562451364	HPN	1
GO:0010660	regulation of muscle cell apoptotic process	1/28	94/18866	0.130606443395144	0.282023693731885	0.239892562451364	HSPB6	1
GO:0007589	body fluid secretion	1/28	95/18866	0.131903216226219	0.282023693731885	0.239892562451364	USF2	1
GO:0048814	regulation of dendrite morphogenesis	1/28	95/18866	0.131903216226219	0.282023693731885	0.239892562451364	ARHGAP33	1
GO:0097711	ciliary basal body-plasma membrane docking	1/28	95/18866	0.131903216226219	0.282023693731885	0.239892562451364	HAUS5	1
GO:0030099	myeloid cell differentiation	2/28	431/18866	0.133595990754019	0.282023693731885	0.239892562451364	ETV2/KMT2B	2
GO:0030516	regulation of axon extension	1/28	97/18866	0.134491168680768	0.282023693731885	0.239892562451364	MAG	1
GO:0035710	CD4-positive, alpha-beta T cell activation	1/28	97/18866	0.134491168680768	0.282023693731885	0.239892562451364	NFKBID	1
GO:0042775	mitochondrial ATP synthesis coupled electron transport	1/28	97/18866	0.134491168680768	0.282023693731885	0.239892562451364	COX6B1	1
GO:0043648	dicarboxylic acid metabolic process	1/28	97/18866	0.134491168680768	0.282023693731885	0.239892562451364	PRODH2	1
GO:0046634	regulation of alpha-beta T cell activation	1/28	97/18866	0.134491168680768	0.282023693731885	0.239892562451364	NFKBID	1
GO:1902476	chloride transmembrane transport	1/28	97/18866	0.134491168680768	0.282023693731885	0.239892562451364	FXYD1	1
GO:0050808	synapse organization	2/28	433/18866	0.13460140538745	0.282023693731885	0.239892562451364	ARHGAP33/LRFN3	2
GO:0034329	cell junction assembly	2/28	434/18866	0.135104793609564	0.282023693731885	0.239892562451364	LSR/LRFN3	2
GO:0010657	muscle cell apoptotic process	1/28	98/18866	0.135782353468287	0.282023693731885	0.239892562451364	HSPB6	1
GO:0010771	negative regulation of cell morphogenesis involved in differentiation	1/28	98/18866	0.135782353468287	0.282023693731885	0.239892562451364	MAG	1
GO:0042773	ATP synthesis coupled electron transport	1/28	98/18866	0.135782353468287	0.282023693731885	0.239892562451364	COX6B1	1
GO:0010717	regulation of epithelial to mesenchymal transition	1/28	99/18866	0.137071680732934	0.282023693731885	0.239892562451364	HPN	1
GO:0051817	modulation of process of other organism involved in symbiotic interaction	1/28	99/18866	0.137071680732934	0.282023693731885	0.239892562451364	HPN	1
GO:0002702	positive regulation of production of molecular mediator of immune response	1/28	100/18866	0.13835915304814	0.282023693731885	0.239892562451364	FFAR2	1
GO:0008585	female gonad development	1/28	100/18866	0.13835915304814	0.282023693731885	0.239892562451364	KMT2B	1
GO:0030219	megakaryocyte differentiation	1/28	100/18866	0.13835915304814	0.282023693731885	0.239892562451364	KMT2B	1
GO:0001708	cell fate specification	1/28	101/18866	0.13964477298391	0.282023693731885	0.239892562451364	ETV2	1
GO:0031124	mRNA 3'-end processing	1/28	101/18866	0.13964477298391	0.282023693731885	0.239892562451364	U2AF1L4	1
GO:0032637	interleukin-8 production	1/28	101/18866	0.13964477298391	0.282023693731885	0.239892562451364	FFAR2	1
GO:0048608	reproductive structure development	2/28	443/18866	0.139655299303545	0.282023693731885	0.239892562451364	ETV2/KMT2B	2
GO:0022600	digestive system process	1/28	102/18866	0.140928543106822	0.282023693731885	0.239892562451364	HAMP	1
GO:0033108	mitochondrial respiratory chain complex assembly	1/28	102/18866	0.140928543106822	0.282023693731885	0.239892562451364	SDHAF1	1
GO:0043502	regulation of muscle adaptation	1/28	102/18866	0.140928543106822	0.282023693731885	0.239892562451364	HAMP	1
GO:0055024	regulation of cardiac muscle tissue development	1/28	102/18866	0.140928543106822	0.282023693731885	0.239892562451364	HAMP	1
GO:0060996	dendritic spine development	1/28	102/18866	0.140928543106822	0.282023693731885	0.239892562451364	ARHGAP33	1
GO:0061458	reproductive system development	2/28	447/18866	0.141689031148889	0.282023693731885	0.239892562451364	ETV2/KMT2B	2
GO:0034766	negative regulation of ion transmembrane transport	1/28	103/18866	0.142210465980037	0.282023693731885	0.239892562451364	HAMP	1
GO:0042472	inner ear morphogenesis	1/28	103/18866	0.142210465980037	0.282023693731885	0.239892562451364	HPN	1
GO:0048709	oligodendrocyte differentiation	1/28	103/18866	0.142210465980037	0.282023693731885	0.239892562451364	MAG	1
GO:0001824	blastocyst development	1/28	104/18866	0.1434905441633	0.282023693731885	0.239892562451364	ETV2	1
GO:0002367	cytokine production involved in immune response	1/28	104/18866	0.1434905441633	0.282023693731885	0.239892562451364	FFAR2	1
GO:0003300	cardiac muscle hypertrophy	1/28	104/18866	0.1434905441633	0.282023693731885	0.239892562451364	HAMP	1
GO:1901606	alpha-amino acid catabolic process	1/28	104/18866	0.1434905441633	0.282023693731885	0.239892562451364	PRODH2	1
GO:0002824	positive regulation of adaptive immune response based on somatic recombination of immune receptors built from immunoglobulin superfamily domains	1/28	105/18866	0.144768780212944	0.282023693731885	0.239892562451364	NFKBID	1
GO:0045621	positive regulation of lymphocyte differentiation	1/28	105/18866	0.144768780212944	0.282023693731885	0.239892562451364	NFKBID	1
GO:0046545	development of primary female sexual characteristics	1/28	105/18866	0.144768780212944	0.282023693731885	0.239892562451364	KMT2B	1
GO:1902106	negative regulation of leukocyte differentiation	1/28	105/18866	0.144768780212944	0.282023693731885	0.239892562451364	NFKBID	1
GO:1902414	protein localization to cell junction	1/28	105/18866	0.144768780212944	0.282023693731885	0.239892562451364	LSR	1
GO:0046632	alpha-beta T cell differentiation	1/28	106/18866	0.146045176681898	0.282023693731885	0.239892562451364	NFKBID	1
GO:0071868	cellular response to monoamine stimulus	1/28	106/18866	0.146045176681898	0.282023693731885	0.239892562451364	APLP1	1
GO:0071870	cellular response to catecholamine stimulus	1/28	106/18866	0.146045176681898	0.282023693731885	0.239892562451364	APLP1	1
GO:0014897	striated muscle hypertrophy	1/28	107/18866	0.147319736119686	0.282023693731885	0.239892562451364	HAMP	1
GO:0048524	positive regulation of viral process	1/28	107/18866	0.147319736119686	0.282023693731885	0.239892562451364	HPN	1
GO:0051963	regulation of synapse assembly	1/28	107/18866	0.147319736119686	0.282023693731885	0.239892562451364	LRFN3	1
GO:0055017	cardiac muscle tissue growth	1/28	107/18866	0.147319736119686	0.282023693731885	0.239892562451364	HAMP	1
GO:0099175	regulation of postsynapse organization	1/28	107/18866	0.147319736119686	0.282023693731885	0.239892562451364	ARHGAP33	1
GO:0071887	leukocyte apoptotic process	1/28	108/18866	0.148592461072437	0.283518267552204	0.241163863946585	NFKBID	1
GO:0002286	T cell activation involved in immune response	1/28	109/18866	0.149863354082884	0.283518267552204	0.241163863946585	NFKBID	1
GO:0014896	muscle hypertrophy	1/28	109/18866	0.149863354082884	0.283518267552204	0.241163863946585	HAMP	1
GO:0018958	phenol-containing compound metabolic process	1/28	109/18866	0.149863354082884	0.283518267552204	0.241163863946585	HPN	1
GO:0002821	positive regulation of adaptive immune response	1/28	110/18866	0.151132417690373	0.283518267552204	0.241163863946585	NFKBID	1
GO:0071867	response to monoamine	1/28	110/18866	0.151132417690373	0.283518267552204	0.241163863946585	APLP1	1
GO:0071869	response to catecholamine	1/28	110/18866	0.151132417690373	0.283518267552204	0.241163863946585	APLP1	1
GO:0006821	chloride transport	1/28	111/18866	0.152399654430866	0.283518267552204	0.241163863946585	FXYD1	1
GO:0051149	positive regulation of muscle cell differentiation	1/28	111/18866	0.152399654430866	0.283518267552204	0.241163863946585	HAMP	1
GO:0061387	regulation of extent of cell growth	1/28	111/18866	0.152399654430866	0.283518267552204	0.241163863946585	MAG	1
GO:0002697	regulation of immune effector process	2/28	470/18866	0.153509419644777	0.283518267552204	0.241163863946585	FFAR2/NFKBID	2
GO:0006406	mRNA export from nucleus	1/28	113/18866	0.154928657437802	0.283518267552204	0.241163863946585	U2AF1L4	1
GO:0035821	modulation of process of other organism	1/28	113/18866	0.154928657437802	0.283518267552204	0.241163863946585	HPN	1
GO:0048024	regulation of mRNA splicing, via spliceosome	1/28	113/18866	0.154928657437802	0.283518267552204	0.241163863946585	RBM42	1
GO:0071427	mRNA-containing ribonucleoprotein complex export from nucleus	1/28	113/18866	0.154928657437802	0.283518267552204	0.241163863946585	U2AF1L4	1
GO:0031667	response to nutrient levels	2/28	473/18866	0.155066236842976	0.283518267552204	0.241163863946585	USF2/HAMP	2
GO:0048640	negative regulation of developmental growth	1/28	115/18866	0.15745038332385	0.283518267552204	0.241163863946585	MAG	1
GO:0051225	spindle assembly	1/28	115/18866	0.15745038332385	0.283518267552204	0.241163863946585	HAUS5	1
GO:0060419	heart growth	1/28	115/18866	0.15745038332385	0.283518267552204	0.241163863946585	HAMP	1
GO:0002220	innate immune response activating cell surface receptor signaling pathway	1/28	116/18866	0.158708523650602	0.283518267552204	0.241163863946585	FFAR2	1
GO:0022904	respiratory electron transport chain	1/28	116/18866	0.158708523650602	0.283518267552204	0.241163863946585	COX6B1	1
GO:0034968	histone lysine methylation	1/28	116/18866	0.158708523650602	0.283518267552204	0.241163863946585	KMT2B	1
GO:0046620	regulation of organ growth	1/28	116/18866	0.158708523650602	0.283518267552204	0.241163863946585	HAMP	1
GO:0046916	cellular transition metal ion homeostasis	1/28	116/18866	0.158708523650602	0.283518267552204	0.241163863946585	HAMP	1
GO:0060964	regulation of gene silencing by miRNA	1/28	116/18866	0.158708523650602	0.283518267552204	0.241163863946585	WTIP	1
GO:0002429	immune response-activating cell surface receptor signaling pathway	2/28	481/18866	0.15923363734184	0.283518267552204	0.241163863946585	FFAR2/NFKBID	2
GO:0002757	immune response-activating signal transduction	2/28	481/18866	0.15923363734184	0.283518267552204	0.241163863946585	FFAR2/NFKBID	2
GO:0002758	innate immune response-activating signal transduction	1/28	117/18866	0.159964852255284	0.283518267552204	0.241163863946585	FFAR2	1
GO:0045446	endothelial cell differentiation	1/28	117/18866	0.159964852255284	0.283518267552204	0.241163863946585	ETV2	1
GO:0050868	negative regulation of T cell activation	1/28	118/18866	0.161219371650284	0.285012817738894	0.242435145338772	NFKBID	1
GO:0008380	RNA splicing	2/28	487/18866	0.162373856756689	0.285045960635027	0.242463337063287	RBM42/U2AF1L4	2
GO:0046660	female sex differentiation	1/28	119/18866	0.16247208434464	0.285045960635027	0.242463337063287	KMT2B	1
GO:0051153	regulation of striated muscle cell differentiation	1/28	119/18866	0.16247208434464	0.285045960635027	0.242463337063287	HAMP	1
GO:0060147	regulation of posttranscriptional gene silencing	1/28	120/18866	0.163722992844045	0.28579353662701	0.243099233707186	WTIP	1
GO:0060966	regulation of gene silencing by RNA	1/28	120/18866	0.163722992844045	0.28579353662701	0.243099233707186	WTIP	1
GO:0007613	memory	1/28	121/18866	0.16497209965085	0.285814162645097	0.243116778432831	KMT2B	1
GO:0030218	erythrocyte differentiation	1/28	121/18866	0.16497209965085	0.285814162645097	0.243116778432831	ETV2	1
GO:0098661	inorganic anion transmembrane transport	1/28	121/18866	0.16497209965085	0.285814162645097	0.243116778432831	FXYD1	1
GO:0045471	response to ethanol	1/28	122/18866	0.166219407264068	0.287256980633415	0.244344055828529	HAMP	1
GO:0042471	ear morphogenesis	1/28	123/18866	0.16746491817938	0.287968187138355	0.244949016172976	HPN	1
GO:0048675	axon extension	1/28	123/18866	0.16746491817938	0.287968187138355	0.244949016172976	MAG	1
GO:1903706	regulation of hemopoiesis	2/28	498/18866	0.168161982547486	0.287968187138355	0.244949016172976	KMT2B/NFKBID	2
GO:0009063	cellular amino acid catabolic process	1/28	124/18866	0.168708634889137	0.287968187138355	0.244949016172976	PRODH2	1
GO:0022612	gland morphogenesis	1/28	124/18866	0.168708634889137	0.287968187138355	0.244949016172976	HPN	1
GO:0007098	centrosome cycle	1/28	125/18866	0.169950559882367	0.288666024506079	0.245542604577207	HAUS5	1
GO:0043500	muscle adaptation	1/28	125/18866	0.169950559882367	0.288666024506079	0.245542604577207	HAMP	1
GO:0055007	cardiac muscle cell differentiation	1/28	126/18866	0.171190695644775	0.290061496532589	0.24672960895914	HAMP	1
GO:0001704	formation of primary germ layer	1/28	127/18866	0.172429044658753	0.290738024205634	0.247305071094638	ETV2	1
GO:0014066	regulation of phosphatidylinositol 3-kinase signaling	1/28	127/18866	0.172429044658753	0.290738024205634	0.247305071094638	HCST	1
GO:0014013	regulation of gliogenesis	1/28	128/18866	0.173665609403379	0.29140500560906	0.247872413064591	MAG	1
GO:0034763	negative regulation of transmembrane transport	1/28	128/18866	0.173665609403379	0.29140500560906	0.247872413064591	HAMP	1
GO:0000041	transition metal ion transport	1/28	129/18866	0.174900392354425	0.292062582895462	0.248431755785614	HAMP	1
GO:0034101	erythrocyte homeostasis	1/28	129/18866	0.174900392354425	0.292062582895462	0.248431755785614	ETV2	1
GO:0071426	ribonucleoprotein complex export from nucleus	1/28	130/18866	0.17613339598436	0.293414527445099	0.24958173520051	U2AF1L4	1
GO:0071166	ribonucleoprotein complex localization	1/28	131/18866	0.177364622762351	0.294757034950382	0.250723687358113	U2AF1L4	1
GO:0018022	peptidyl-lysine methylation	1/28	132/18866	0.178594075154273	0.296090177229452	0.251857673347753	KMT2B	1
GO:0007498	mesoderm development	1/28	134/18866	0.181047666626956	0.299441606139571	0.254708436907663	ETV2	1
GO:0003158	endothelium development	1/28	135/18866	0.182271810623029	0.300748487527998	0.255820085084953	ETV2	1
GO:0031023	microtubule organizing center organization	1/28	136/18866	0.183494190063665	0.302046255853016	0.256923981586829	HAUS5	1
GO:0030534	adult behavior	1/28	137/18866	0.184714807398327	0.302617875950451	0.257410208144988	LGI4	1
GO:1903038	negative regulation of leukocyte cell-cell adhesion	1/28	137/18866	0.184714807398327	0.302617875950451	0.257410208144988	NFKBID	1
GO:0055076	transition metal ion homeostasis	1/28	138/18866	0.185933665073208	0.303896296923899	0.258497647569505	HAMP	1
GO:0060968	regulation of gene silencing	1/28	140/18866	0.188366111212078	0.307147564870518	0.261263213074338	WTIP	1
GO:0007586	digestion	1/28	141/18866	0.189579704552144	0.307678536896102	0.261714863920129	HAMP	1
GO:0009581	detection of external stimulus	1/28	141/18866	0.189579704552144	0.307678536896102	0.261714863920129	HPN	1
GO:0007292	female gamete generation	1/28	142/18866	0.190791547984589	0.307803509025757	0.261821166635413	KMT2B	1
GO:0030879	mammary gland development	1/28	142/18866	0.190791547984589	0.307803509025757	0.261821166635413	USF2	1
GO:0016571	histone methylation	1/28	143/18866	0.192001643939322	0.307803509025757	0.261821166635413	KMT2B	1
GO:0002218	activation of innate immune response	1/28	144/18866	0.193209994843008	0.307803509025757	0.261821166635413	FFAR2	1
GO:0002700	regulation of production of molecular mediator of immune response	1/28	144/18866	0.193209994843008	0.307803509025757	0.261821166635413	FFAR2	1
GO:0006405	RNA export from nucleus	1/28	144/18866	0.193209994843008	0.307803509025757	0.261821166635413	U2AF1L4	1
GO:0009582	detection of abiotic stimulus	1/28	144/18866	0.193209994843008	0.307803509025757	0.261821166635413	HPN	1
GO:0010212	response to ionizing radiation	1/28	144/18866	0.193209994843008	0.307803509025757	0.261821166635413	HAMP	1
GO:0046631	alpha-beta T cell activation	1/28	146/18866	0.195621471187689	0.309559150680535	0.263314535400774	NFKBID	1
GO:0048813	dendrite morphogenesis	1/28	146/18866	0.195621471187689	0.309559150680535	0.263314535400774	ARHGAP33	1
GO:0007043	cell-cell junction assembly	1/28	147/18866	0.196824601465827	0.309559150680535	0.263314535400774	LSR	1
GO:0007189	adenylate cyclase-activating G protein-coupled receptor signaling pathway	1/28	147/18866	0.196824601465827	0.309559150680535	0.263314535400774	APLP1	1
GO:1904064	positive regulation of cation transmembrane transport	1/28	147/18866	0.196824601465827	0.309559150680535	0.263314535400774	FXYD1	1
GO:0008277	regulation of G protein-coupled receptor signaling pathway	1/28	148/18866	0.198025996367209	0.309559150680535	0.263314535400774	APLP1	1
GO:0031644	regulation of nervous system process	1/28	148/18866	0.198025996367209	0.309559150680535	0.263314535400774	MAG	1
GO:0061337	cardiac conduction	1/28	148/18866	0.198025996367209	0.309559150680535	0.263314535400774	FXYD1	1
GO:0006119	oxidative phosphorylation	1/28	149/18866	0.199225658302336	0.309559150680535	0.263314535400774	COX6B1	1
GO:0031056	regulation of histone modification	1/28	149/18866	0.199225658302336	0.309559150680535	0.263314535400774	KMT2B	1
GO:0043524	negative regulation of neuron apoptotic process	1/28	149/18866	0.199225658302336	0.309559150680535	0.263314535400774	MAG	1
GO:0045580	regulation of T cell differentiation	1/28	150/18866	0.200423589678493	0.310020376349136	0.263706859201817	NFKBID	1
GO:0001837	epithelial to mesenchymal transition	1/28	152/18866	0.202814270366957	0.310020376349136	0.263706859201817	HPN	1
GO:0007605	sensory perception of sound	1/28	152/18866	0.202814270366957	0.310020376349136	0.263706859201817	HPN	1
GO:0050684	regulation of mRNA processing	1/28	152/18866	0.202814270366957	0.310020376349136	0.263706859201817	RBM42	1
GO:0051028	mRNA transport	1/28	152/18866	0.202814270366957	0.310020376349136	0.263706859201817	U2AF1L4	1
GO:0002822	regulation of adaptive immune response based on somatic recombination of immune receptors built from immunoglobulin superfamily domains	1/28	153/18866	0.204007024477768	0.310020376349136	0.263706859201817	NFKBID	1
GO:0016202	regulation of striated muscle tissue development	1/28	153/18866	0.204007024477768	0.310020376349136	0.263706859201817	HAMP	1
GO:0031123	RNA 3'-end processing	1/28	153/18866	0.204007024477768	0.310020376349136	0.263706859201817	U2AF1L4	1
GO:0002262	myeloid cell homeostasis	1/28	154/18866	0.205198057626628	0.310020376349136	0.263706859201817	ETV2	1
GO:0010977	negative regulation of neuron projection development	1/28	154/18866	0.205198057626628	0.310020376349136	0.263706859201817	MAG	1
GO:0014065	phosphatidylinositol 3-kinase signaling	1/28	154/18866	0.205198057626628	0.310020376349136	0.263706859201817	HCST	1
GO:0051250	negative regulation of lymphocyte activation	1/28	154/18866	0.205198057626628	0.310020376349136	0.263706859201817	NFKBID	1
GO:0030509	BMP signaling pathway	1/28	155/18866	0.206387372204784	0.310020376349136	0.263706859201817	ETV2	1
GO:0050773	regulation of dendrite development	1/28	155/18866	0.206387372204784	0.310020376349136	0.263706859201817	ARHGAP33	1
GO:0001890	placenta development	1/28	156/18866	0.207574970600288	0.310020376349136	0.263706859201817	ETV2	1
GO:0008360	regulation of cell shape	1/28	156/18866	0.207574970600288	0.310020376349136	0.263706859201817	HPN	1
GO:0043484	regulation of RNA splicing	1/28	156/18866	0.207574970600288	0.310020376349136	0.263706859201817	RBM42	1
GO:1901861	regulation of muscle tissue development	1/28	156/18866	0.207574970600288	0.310020376349136	0.263706859201817	HAMP	1
GO:0043271	negative regulation of ion transport	1/28	157/18866	0.208760855198	0.310217280739998	0.263874348316851	HAMP	1
GO:0048634	regulation of muscle organ development	1/28	157/18866	0.208760855198	0.310217280739998	0.263874348316851	HAMP	1
GO:0035051	cardiocyte differentiation	1/28	158/18866	0.209945028379594	0.310217280739998	0.263874348316851	HAMP	1
GO:0050729	positive regulation of inflammatory response	1/28	158/18866	0.209945028379594	0.310217280739998	0.263874348316851	FFAR2	1
GO:1903707	negative regulation of hemopoiesis	1/28	158/18866	0.209945028379594	0.310217280739998	0.263874348316851	NFKBID	1
GO:1902107	positive regulation of leukocyte differentiation	1/28	159/18866	0.211127492523563	0.310639813840402	0.264233759779183	NFKBID	1
GO:1902600	proton transmembrane transport	1/28	159/18866	0.211127492523563	0.310639813840402	0.264233759779183	COX6B1	1
GO:0034767	positive regulation of ion transmembrane transport	1/28	161/18866	0.213487303196701	0.313446400668038	0.266621074465104	FXYD1	1
GO:0055088	lipid homeostasis	1/28	163/18866	0.215840306181846	0.316231146266425	0.26898981075294	USF2	1
GO:0002819	regulation of adaptive immune response	1/28	168/18866	0.221693154007035	0.322759150686712	0.274542605581467	NFKBID	1
GO:0071772	response to BMP	1/28	168/18866	0.221693154007035	0.322759150686712	0.274542605581467	ETV2	1
GO:0071773	cellular response to BMP stimulus	1/28	168/18866	0.221693154007035	0.322759150686712	0.274542605581467	ETV2	1
GO:0055002	striated muscle cell development	1/28	169/18866	0.222858657894499	0.323775785997668	0.275407367143152	HAMP	1
GO:0030856	regulation of epithelial cell differentiation	1/28	171/18866	0.225184618760705	0.325072534310502	0.27651039601106	ETV2	1
GO:0140056	organelle localization by membrane tethering	1/28	171/18866	0.225184618760705	0.325072534310502	0.27651039601106	HAUS5	1
GO:0001906	cell killing	1/28	172/18866	0.226345080417549	0.325072534310502	0.27651039601106	HAMP	1
GO:0015698	inorganic anion transport	1/28	172/18866	0.226345080417549	0.325072534310502	0.27651039601106	FXYD1	1
GO:1990138	neuron projection extension	1/28	172/18866	0.226345080417549	0.325072534310502	0.27651039601106	MAG	1
GO:0006937	regulation of muscle contraction	1/28	173/18866	0.227503866003743	0.325072534310502	0.27651039601106	HSPB6	1
GO:0050954	sensory perception of mechanical stimulus	1/28	173/18866	0.227503866003743	0.325072534310502	0.27651039601106	HPN	1
GO:0099173	postsynapse organization	1/28	173/18866	0.227503866003743	0.325072534310502	0.27651039601106	ARHGAP33	1
GO:0050680	negative regulation of epithelial cell proliferation	1/28	175/18866	0.229816418286015	0.327701189037466	0.278746359627829	HPN	1
GO:0048469	cell maturation	1/28	179/18866	0.234421512368561	0.332834804100285	0.283113071005027	LGI4	1
GO:0022406	membrane docking	1/28	180/18866	0.235568630560549	0.332834804100285	0.283113071005027	HAUS5	1
GO:0008361	regulation of cell size	1/28	181/18866	0.236714091244714	0.332834804100285	0.283113071005027	MAG	1
GO:0010950	positive regulation of endopeptidase activity	1/28	181/18866	0.236714091244714	0.332834804100285	0.283113071005027	PSENEN	1
GO:0045619	regulation of lymphocyte differentiation	1/28	181/18866	0.236714091244714	0.332834804100285	0.283113071005027	NFKBID	1
GO:0007051	spindle organization	1/28	183/18866	0.239000049312114	0.332834804100285	0.283113071005027	HAUS5	1
GO:0043433	negative regulation of DNA-binding transcription factor activity	1/28	183/18866	0.239000049312114	0.332834804100285	0.283113071005027	NFKBID	1
GO:0055001	muscle cell development	1/28	183/18866	0.239000049312114	0.332834804100285	0.283113071005027	HAMP	1
GO:0002695	negative regulation of leukocyte activation	1/28	184/18866	0.240140551298907	0.332834804100285	0.283113071005027	NFKBID	1
GO:0006479	protein methylation	1/28	184/18866	0.240140551298907	0.332834804100285	0.283113071005027	KMT2B	1
GO:0006611	protein export from nucleus	1/28	184/18866	0.240140551298907	0.332834804100285	0.283113071005027	U2AF1L4	1
GO:0007416	synapse assembly	1/28	184/18866	0.240140551298907	0.332834804100285	0.283113071005027	LRFN3	1
GO:0008213	protein alkylation	1/28	184/18866	0.240140551298907	0.332834804100285	0.283113071005027	KMT2B	1
GO:0022900	electron transport chain	1/28	184/18866	0.240140551298907	0.332834804100285	0.283113071005027	COX6B1	1
GO:0050770	regulation of axonogenesis	1/28	186/18866	0.242416612664485	0.334221105749429	0.284292274959642	MAG	1
GO:0051147	regulation of muscle cell differentiation	1/28	186/18866	0.242416612664485	0.334221105749429	0.284292274959642	HAMP	1
GO:0002285	lymphocyte activation involved in immune response	1/28	187/18866	0.243552176628372	0.334221105749429	0.284292274959642	NFKBID	1
GO:0045333	cellular respiration	1/28	187/18866	0.243552176628372	0.334221105749429	0.284292274959642	COX6B1	1
GO:0048639	positive regulation of developmental growth	1/28	187/18866	0.243552176628372	0.334221105749429	0.284292274959642	HAMP	1
GO:0031345	negative regulation of cell projection organization	1/28	188/18866	0.24468609916461	0.334452597082988	0.284489184121627	MAG	1
GO:0071478	cellular response to radiation	1/28	188/18866	0.24468609916461	0.334452597082988	0.284489184121627	HAMP	1
GO:0007369	gastrulation	1/28	189/18866	0.245818382558089	0.335338856521173	0.285243046482656	ETV2	1
GO:0006575	cellular modified amino acid metabolic process	1/28	190/18866	0.246949029090635	0.335560151293746	0.285431282333861	HPN	1
GO:0030308	negative regulation of cell growth	1/28	190/18866	0.246949029090635	0.335560151293746	0.285431282333861	MAG	1
GO:0035265	organ growth	1/28	191/18866	0.248078041041025	0.336434603603581	0.286175101417188	HAMP	1
GO:0048015	phosphatidylinositol-mediated signaling	1/28	192/18866	0.249205420684979	0.337303430731817	0.286914135657048	HCST	1
GO:1902275	regulation of chromatin organization	1/28	195/18866	0.252577788489796	0.341201573924811	0.2902299406059	KMT2B	1
GO:0048017	inositol lipid-mediated signaling	1/28	196/18866	0.253698661604373	0.342048973719515	0.290950748512081	HCST	1
GO:0048839	inner ear development	1/28	197/18866	0.254817913745513	0.342890901409011	0.291666901783316	HPN	1
GO:0007626	locomotory behavior	1/28	198/18866	0.255935547170717	0.343395422367622	0.292096053050609	LGI4	1
GO:0019933	cAMP-mediated signaling	1/28	199/18866	0.257051564134463	0.343395422367622	0.292096053050609	APLP1	1
GO:0010389	regulation of G2/M transition of mitotic cell cycle	1/28	200/18866	0.258165966888212	0.343395422367622	0.292096053050609	HAUS5	1
GO:0050657	nucleic acid transport	1/28	200/18866	0.258165966888212	0.343395422367622	0.292096053050609	U2AF1L4	1
GO:0050658	RNA transport	1/28	200/18866	0.258165966888212	0.343395422367622	0.292096053050609	U2AF1L4	1
GO:1901888	regulation of cell junction assembly	1/28	200/18866	0.258165966888212	0.343395422367622	0.292096053050609	LRFN3	1
GO:0002221	pattern recognition receptor signaling pathway	1/28	201/18866	0.259278757680409	0.34355674774861	0.292233278255064	FFAR2	1
GO:0010952	positive regulation of peptidase activity	1/28	201/18866	0.259278757680409	0.34355674774861	0.292233278255064	PSENEN	1
GO:1901605	alpha-amino acid metabolic process	1/28	202/18866	0.260389938756484	0.34437066327909	0.292925604065149	PRODH2	1
GO:0051236	establishment of RNA localization	1/28	203/18866	0.261499512358864	0.3451793563137	0.29361348756083	U2AF1L4	1
GO:0051168	nuclear export	1/28	204/18866	0.262607480726969	0.345326345623889	0.293738518340363	U2AF1L4	1
GO:1903708	positive regulation of hemopoiesis	1/28	204/18866	0.262607480726969	0.345326345623889	0.293738518340363	NFKBID	1
GO:0042594	response to starvation	1/28	206/18866	0.264818610703045	0.346917386043876	0.295091875422755	HAMP	1
GO:0050852	T cell receptor signaling pathway	1/28	206/18866	0.264818610703045	0.346917386043876	0.295091875422755	NFKBID	1
GO:0050866	negative regulation of cell activation	1/28	207/18866	0.265921776774873	0.347705266613184	0.295762055598668	NFKBID	1
GO:0045766	positive regulation of angiogenesis	1/28	208/18866	0.26702334654015	0.347833043519406	0.295870744088809	HSPB6	1
GO:0071222	cellular response to lipopolysaccharide	1/28	208/18866	0.26702334654015	0.347833043519406	0.295870744088809	HAMP	1
GO:0034764	positive regulation of transmembrane transport	1/28	210/18866	0.269221706045909	0.349383225261826	0.297189346315216	FXYD1	1
GO:0045216	cell-cell junction organization	1/28	210/18866	0.269221706045909	0.349383225261826	0.297189346315216	LSR	1
GO:0050679	positive regulation of epithelial cell proliferation	1/28	211/18866	0.270318500226372	0.350150879732478	0.297842321941502	HPN	1
GO:1901215	negative regulation of neuron death	1/28	212/18866	0.271413706980253	0.350913617420365	0.298491115296429	MAG	1
GO:0045089	positive regulation of innate immune response	1/28	213/18866	0.272507328520114	0.351017804208994	0.298579737764163	FFAR2	1
GO:0090276	regulation of peptide hormone secretion	1/28	213/18866	0.272507328520114	0.351017804208994	0.298579737764163	FFAR2	1
GO:0043523	regulation of neuron apoptotic process	1/28	214/18866	0.273599367055547	0.351119187721285	0.298665975733151	MAG	1
GO:0050870	positive regulation of T cell activation	1/28	214/18866	0.273599367055547	0.351119187721285	0.298665975733151	NFKBID	1
GO:0050792	regulation of viral process	1/28	217/18866	0.276866006686828	0.354000263162309	0.301116651281071	HPN	1
GO:1902749	regulation of cell cycle G2/M phase transition	1/28	217/18866	0.276866006686828	0.354000263162309	0.301116651281071	HAUS5	1
GO:0071805	potassium ion transmembrane transport	1/28	218/18866	0.277951735241322	0.354733982545555	0.301740761335932	HPN	1
GO:0031669	cellular response to nutrient levels	1/28	221/18866	0.281199497664578	0.357561930057894	0.30414624566328	USF2	1
GO:0042445	hormone metabolic process	1/28	221/18866	0.281199497664578	0.357561930057894	0.30414624566328	HPN	1
GO:0071219	cellular response to molecule of bacterial origin	1/28	222/18866	0.282278951355401	0.35827713056647	0.304754603352659	HAMP	1
GO:0008406	gonad development	1/28	223/18866	0.28335684179533	0.358987735583481	0.30535905206463	KMT2B	1
GO:0019935	cyclic-nucleotide-mediated signaling	1/28	224/18866	0.284433171164516	0.359038593109307	0.3054023120547	APLP1	1
GO:0043583	ear development	1/28	224/18866	0.284433171164516	0.359038593109307	0.3054023120547	HPN	1
GO:0045665	negative regulation of neuron differentiation	1/28	225/18866	0.285507941640183	0.359740006466631	0.305998942236369	MAG	1
GO:0045137	development of primary sexual characteristics	1/28	229/18866	0.289791478050063	0.363814301247634	0.309464583730044	KMT2B	1
GO:0048762	mesenchymal cell differentiation	1/28	229/18866	0.289791478050063	0.363814301247634	0.309464583730044	HPN	1
GO:0006457	protein folding	1/28	230/18866	0.290858486614456	0.36449354651685	0.310042357483764	HSPB6	1
GO:0043903	regulation of symbiotic process	1/28	231/18866	0.291923949287498	0.364510444786011	0.310056731343763	HPN	1
GO:0048738	cardiac muscle tissue development	1/28	231/18866	0.291923949287498	0.364510444786011	0.310056731343763	HAMP	1
GO:0030595	leukocyte chemotaxis	1/28	232/18866	0.292987868226051	0.365180922087507	0.310627046964386	FFAR2	1
GO:0007188	adenylate cyclase-modulating G protein-coupled receptor signaling pathway	1/28	233/18866	0.294050245584089	0.365206541321916	0.310648838976643	APLP1	1
GO:0097305	response to alcohol	1/28	234/18866	0.295111083512691	0.365206541321916	0.310648838976643	HAMP	1
GO:0045444	fat cell differentiation	1/28	235/18866	0.296170384160053	0.365206541321916	0.310648838976643	FFAR2	1
GO:0071695	anatomical structure maturation	1/28	235/18866	0.296170384160053	0.365206541321916	0.310648838976643	LGI4	1
GO:1903039	positive regulation of leukocyte cell-cell adhesion	1/28	235/18866	0.296170384160053	0.365206541321916	0.310648838976643	NFKBID	1
GO:1904018	positive regulation of vasculature development	1/28	235/18866	0.296170384160053	0.365206541321916	0.310648838976643	HSPB6	1
GO:0006403	RNA localization	1/28	236/18866	0.297228149671486	0.365211183904858	0.310652788010512	U2AF1L4	1
GO:0060560	developmental growth involved in morphogenesis	1/28	236/18866	0.297228149671486	0.365211183904858	0.310652788010512	MAG	1
GO:0042593	glucose homeostasis	1/28	245/18866	0.306679310712044	0.375442318066593	0.319355507127352	FFAR2	1
GO:0051402	neuron apoptotic process	1/28	245/18866	0.306679310712044	0.375442318066593	0.319355507127352	MAG	1
GO:0033500	carbohydrate homeostasis	1/28	246/18866	0.307721842224855	0.375442318066593	0.319355507127352	FFAR2	1
GO:0071216	cellular response to biotic stimulus	1/28	246/18866	0.307721842224855	0.375442318066593	0.319355507127352	HAMP	1
GO:0016358	dendrite development	1/28	247/18866	0.308762862010984	0.37605037499756	0.319872727270652	ARHGAP33	1
GO:0009636	response to toxic substance	1/28	250/18866	0.311876872105197	0.379176618191055	0.32253194529808	ARHGAP33	1
GO:0002833	positive regulation of response to biotic stimulus	1/28	251/18866	0.312911866066362	0.379538023311034	0.322839360604814	FFAR2	1
GO:0043122	regulation of I-kappaB kinase/NF-kappaB signaling	1/28	252/18866	0.313945358827584	0.379538023311034	0.322839360604814	NFKBID	1
GO:0030217	T cell differentiation	1/28	253/18866	0.314977352485735	0.379538023311034	0.322839360604814	NFKBID	1
GO:0031668	cellular response to extracellular stimulus	1/28	253/18866	0.314977352485735	0.379538023311034	0.322839360604814	USF2	1
GO:0000086	G2/M transition of mitotic cell cycle	1/28	254/18866	0.316007849134873	0.379538023311034	0.322839360604814	HAUS5	1
GO:0045926	negative regulation of growth	1/28	254/18866	0.316007849134873	0.379538023311034	0.322839360604814	MAG	1
GO:2000027	regulation of animal organ morphogenesis	1/28	254/18866	0.316007849134873	0.379538023311034	0.322839360604814	HPN	1
GO:0008016	regulation of heart contraction	1/28	256/18866	0.318064359768274	0.380688430603478	0.323817910135867	FXYD1	1
GO:0048872	homeostasis of number of cells	1/28	256/18866	0.318064359768274	0.380688430603478	0.323817910135867	ETV2	1
GO:0030072	peptide hormone secretion	1/28	257/18866	0.319090377926602	0.381257986039889	0.324302380469868	FFAR2	1
GO:0007611	learning or memory	1/28	260/18866	0.322159508753642	0.384156864876602	0.32676819978871	KMT2B	1
GO:0001894	tissue homeostasis	1/28	261/18866	0.323179584737459	0.384156864876602	0.32676819978871	LSR	1
GO:0015931	nucleobase-containing compound transport	1/28	261/18866	0.323179584737459	0.384156864876602	0.32676819978871	U2AF1L4	1
GO:0007187	G protein-coupled receptor signaling pathway, coupled to cyclic nucleotide second messenger	1/28	263/18866	0.325215297701421	0.385255044969376	0.327702324269538	APLP1	1
GO:0045637	regulation of myeloid cell differentiation	1/28	263/18866	0.325215297701421	0.385255044969376	0.327702324269538	KMT2B	1
GO:0046883	regulation of hormone secretion	1/28	267/18866	0.329269025445836	0.38939152667912	0.331220862672298	FFAR2	1
GO:0090596	sensory organ morphogenesis	1/28	269/18866	0.331287073172847	0.391110633234724	0.332683154266645	HPN	1
GO:0044839	cell cycle G2/M phase transition	1/28	273/18866	0.335305618371209	0.395181621651782	0.336145983329533	HAUS5	1
GO:0007281	germ cell development	1/28	275/18866	0.337306148524267	0.39686444979171	0.337577416090769	KMT2B	1
GO:0015980	energy derivation by oxidation of organic compounds	1/28	278/18866	0.340296061485117	0.399027361436864	0.339417213343425	COX6B1	1
GO:0045165	cell fate commitment	1/28	278/18866	0.340296061485117	0.399027361436864	0.339417213343425	ETV2	1
GO:0022409	positive regulation of cell-cell adhesion	1/28	279/18866	0.341289805313309	0.399516613314397	0.339833376556637	NFKBID	1
GO:0007548	sex differentiation	1/28	280/18866	0.34228210560121	0.400002528130925	0.340246701227794	KMT2B	1
GO:0016054	organic acid catabolic process	1/28	282/18866	0.344262383630917	0.400964423287774	0.34106490019162	PRODH2	1
GO:0046395	carboxylic acid catabolic process	1/28	282/18866	0.344262383630917	0.400964423287774	0.34106490019162	PRODH2	1
GO:0043270	positive regulation of ion transport	1/28	284/18866	0.346236911696636	0.402587550009679	0.342445550247468	FXYD1	1
GO:0007249	I-kappaB kinase/NF-kappaB signaling	1/28	286/18866	0.348205705877419	0.403985400229163	0.343634577547401	NFKBID	1
GO:0021700	developmental maturation	1/28	287/18866	0.349187957773836	0.403985400229163	0.343634577547401	LGI4	1
GO:0060047	heart contraction	1/28	287/18866	0.349187957773836	0.403985400229163	0.343634577547401	FXYD1	1
GO:0060485	mesenchyme development	1/28	290/18866	0.352126156684294	0.406028995977065	0.345372883340406	HPN	1
GO:1902105	regulation of leukocyte differentiation	1/28	290/18866	0.352126156684294	0.406028995977065	0.345372883340406	NFKBID	1
GO:0031503	protein-containing complex localization	1/28	291/18866	0.353102710711686	0.406478701865778	0.345755408285617	U2AF1L4	1
GO:0050768	negative regulation of neurogenesis	1/28	295/18866	0.356994751814558	0.409598283124981	0.348408959595943	MAG	1
GO:0051146	striated muscle cell differentiation	1/28	295/18866	0.356994751814558	0.409598283124981	0.348408959595943	HAMP	1
GO:0003015	heart process	1/28	297/18866	0.358932295114593	0.410462179066688	0.34914379931244	FXYD1	1
GO:0071356	cellular response to tumor necrosis factor	1/28	297/18866	0.358932295114593	0.410462179066688	0.34914379931244	HAMP	1
GO:0048562	embryonic organ morphogenesis	1/28	302/18866	0.363751554734731	0.41460497932758	0.352667712346692	HPN	1
GO:0050890	cognition	1/28	302/18866	0.363751554734731	0.41460497932758	0.352667712346692	KMT2B	1
GO:1903522	regulation of blood circulation	1/28	303/18866	0.364711205481737	0.415016199341287	0.353017500768772	FXYD1	1
GO:0002440	production of molecular mediator of immune response	1/28	306/18866	0.36758179063247	0.417597017882461	0.355212774381679	FFAR2	1
GO:0045088	regulation of innate immune response	1/28	307/18866	0.368535869827636	0.417995675598284	0.355551877170257	FFAR2	1
GO:0046034	ATP metabolic process	1/28	311/18866	0.372338325908758	0.420930603351989	0.358048360108018	COX6B1	1
GO:0060326	cell chemotaxis	1/28	311/18866	0.372338325908758	0.420930603351989	0.358048360108018	FFAR2	1
GO:0046879	hormone secretion	1/28	314/18866	0.375175668538041	0.423447456509548	0.360189224037893	FFAR2	1
GO:0098656	anion transmembrane transport	1/28	315/18866	0.376118697930071	0.423821557179738	0.360507438324073	FXYD1	1
GO:0043414	macromolecule methylation	1/28	318/18866	0.378939558621989	0.425978700378525	0.362342328870622	KMT2B	1
GO:0007568	aging	1/28	319/18866	0.379877109428468	0.425978700378525	0.362342328870622	HAMP	1
GO:0051961	negative regulation of nervous system development	1/28	319/18866	0.379877109428468	0.425978700378525	0.362342328870622	MAG	1
GO:0034612	response to tumor necrosis factor	1/28	320/18866	0.380813295385011	0.426338632797759	0.362648491481347	HAMP	1
GO:1901214	regulation of neuron death	1/28	321/18866	0.381748118405027	0.426695880733361	0.362952370639754	MAG	1
GO:0009914	hormone transport	1/28	323/18866	0.383613683276225	0.427402383457273	0.363553329894544	FFAR2	1
GO:0051056	regulation of small GTPase mediated signal transduction	1/28	323/18866	0.383613683276225	0.427402383457273	0.363553329894544	ARHGAP33	1
GO:0051235	maintenance of location	1/28	324/18866	0.384544428941342	0.427751668148234	0.363850435426462	FFAR2	1
GO:0050851	antigen receptor-mediated signaling pathway	1/28	325/18866	0.38547381929781	0.428098328162472	0.364145308378498	NFKBID	1
GO:1903037	regulation of leukocyte cell-cell adhesion	1/28	329/18866	0.389177865609702	0.431520417388037	0.367056176406624	NFKBID	1
GO:0050863	regulation of T cell activation	1/28	332/18866	0.391941762474317	0.433890800950003	0.369072451632113	NFKBID	1
GO:0032496	response to lipopolysaccharide	1/28	334/18866	0.393777656362774	0.435227935979908	0.370209833901038	HAMP	1
GO:0006520	cellular amino acid metabolic process	1/28	340/18866	0.399253323899469	0.440577314430465	0.374760076070571	PRODH2	1
GO:0010721	negative regulation of cell development	1/28	343/18866	0.40197324219259	0.442873540285318	0.376713271906703	MAG	1
GO:1903311	regulation of mRNA metabolic process	1/28	344/18866	0.402877239882954	0.443164963871249	0.376961160124401	RBM42	1
GO:0042742	defense response to bacterium	1/28	348/18866	0.406480071322193	0.446419476111379	0.379729485262204	HAMP	1
GO:0006913	nucleocytoplasmic transport	1/28	354/18866	0.411845043251296	0.451595909767639	0.384132618622128	U2AF1L4	1
GO:0002237	response to molecule of bacterial origin	1/28	356/18866	0.413622952552701	0.451659440459837	0.384186658551695	HAMP	1
GO:0033044	regulation of chromosome organization	1/28	356/18866	0.413622952552701	0.451659440459837	0.384186658551695	KMT2B	1
GO:0051169	nuclear transport	1/28	357/18866	0.414509962673097	0.451659440459837	0.384186658551695	U2AF1L4	1
GO:0051251	positive regulation of lymphocyte activation	1/28	357/18866	0.414509962673097	0.451659440459837	0.384186658551695	NFKBID	1
GO:0001666	response to hypoxia	1/28	359/18866	0.416280102954092	0.452166318725996	0.384617814971608	WTIP	1
GO:0007178	transmembrane receptor protein serine/threonine kinase signaling pathway	1/28	359/18866	0.416280102954092	0.452166318725996	0.384617814971608	ETV2	1
GO:0070997	neuron death	1/28	360/18866	0.417163236747645	0.452416468022094	0.384830594808799	MAG	1
GO:0007159	leukocyte cell-cell adhesion	1/28	364/18866	0.420682905212272	0.455520708300163	0.38747109690604	NFKBID	1
GO:0010038	response to metal ion	1/28	366/18866	0.422435044703835	0.456704346302274	0.388477912856799	HAMP	1
GO:0030098	lymphocyte differentiation	1/28	368/18866	0.424182073574477	0.457878780353758	0.389476899822442	NFKBID	1
GO:0002460	adaptive immune response based on somatic recombination of immune receptors built from immunoglobulin superfamily domains	1/28	370/18866	0.425924006180254	0.458554410295534	0.390051598337509	NFKBID	1
GO:0032259	methylation	1/28	371/18866	0.42679306585948	0.458554410295534	0.390051598337509	KMT2B	1
GO:0036293	response to decreased oxygen levels	1/28	371/18866	0.42679306585948	0.458554410295534	0.390051598337509	WTIP	1
GO:0022412	cellular process involved in reproduction in multicellular organism	1/28	375/18866	0.430256635397879	0.461560136734876	0.392608303442744	KMT2B	1
GO:0060271	cilium assembly	1/28	377/18866	0.431980843571595	0.462693546514861	0.39357239469632	HAUS5	1
GO:0002791	regulation of peptide secretion	1/28	381/18866	0.435414177639841	0.465651273309275	0.39608827075749	FFAR2	1
GO:0001701	in utero embryonic development	1/28	383/18866	0.437123331784155	0.466040721425261	0.396419539755671	ETV2	1
GO:0032535	regulation of cellular component size	1/28	383/18866	0.437123331784155	0.466040721425261	0.396419539755671	MAG	1
GO:0031349	positive regulation of defense response	1/28	385/18866	0.438827496104834	0.467138947466436	0.397353703320732	FFAR2	1
GO:0014706	striated muscle tissue development	1/28	389/18866	0.442220911355807	0.470029281548427	0.399812254373994	HAMP	1
GO:0042692	muscle cell differentiation	1/28	390/18866	0.443066168404139	0.470206515626445	0.399963011697136	HAMP	1
GO:0030198	extracellular matrix organization	1/28	395/18866	0.447273960064584	0.472665904792092	0.402054996101727	HPN	1
GO:0050678	regulation of epithelial cell proliferation	1/28	395/18866	0.447273960064584	0.472665904792092	0.402054996101727	HPN	1
GO:0043062	extracellular structure organization	1/28	396/18866	0.44811183181588	0.472665904792092	0.402054996101727	HPN	1
GO:0070482	response to oxygen levels	1/28	396/18866	0.44811183181588	0.472665904792092	0.402054996101727	WTIP	1
GO:0044782	cilium organization	1/28	397/18866	0.448948478741118	0.472828716972029	0.402193485994283	HAUS5	1
GO:0045765	regulation of angiogenesis	1/28	403/18866	0.453942735341042	0.477363149607499	0.406050525981924	HSPB6	1
GO:0018205	peptidyl-lysine modification	1/28	405/18866	0.455597766827525	0.477796772006235	0.406419370127579	KMT2B	1
GO:0002696	positive regulation of leukocyte activation	1/28	406/18866	0.456423467630776	0.477796772006235	0.406419370127579	NFKBID	1
GO:0043547	positive regulation of GTPase activity	1/28	406/18866	0.456423467630776	0.477796772006235	0.406419370127579	ARHGAP33	1
GO:0007517	muscle organ development	1/28	407/18866	0.457247960745962	0.477937913720893	0.406539426875826	HAMP	1
GO:0002831	regulation of response to biotic stimulus	1/28	409/18866	0.45889333071408	0.478215155165199	0.406775251602508	FFAR2	1
GO:0060537	muscle tissue development	1/28	409/18866	0.45889333071408	0.478215155165199	0.406775251602508	HAMP	1
GO:0050867	positive regulation of cell activation	1/28	421/18866	0.468665005525848	0.487664938182302	0.414813344546349	NFKBID	1
GO:0043588	skin development	1/28	425/18866	0.471884250253565	0.48954458896066	0.41641219688307	LSR	1
GO:0050727	regulation of inflammatory response	1/28	425/18866	0.471884250253565	0.48954458896066	0.41641219688307	FFAR2	1
GO:0045785	positive regulation of cell adhesion	1/28	428/18866	0.474286332500091	0.491301088822964	0.417906295649518	NFKBID	1
GO:0019216	regulation of lipid metabolic process	1/28	431/18866	0.476677877602046	0.493041446534654	0.419386663719004	LSR	1
GO:0052548	regulation of endopeptidase activity	1/28	434/18866	0.479058930077692	0.494765780244174	0.42085340158994	PSENEN	1
GO:0010876	lipid localization	1/28	440/18866	0.483789734319394	0.498908163516876	0.424376959929293	FFAR2	1
GO:0042391	regulation of membrane potential	1/28	443/18866	0.48613957422039	0.5005865155048	0.42580458522471	FXYD1	1
GO:1901342	regulation of vasculature development	1/28	444/18866	0.486920559506273	0.500646806732711	0.4258558696291	HSPB6	1
GO:0001819	positive regulation of cytokine production	1/28	447/18866	0.489256653969535	0.501560445563443	0.426633021212924	FFAR2	1
GO:0009314	response to radiation	1/28	447/18866	0.489256653969535	0.501560445563443	0.426633021212924	HAMP	1
GO:1901990	regulation of mitotic cell cycle phase transition	1/28	448/18866	0.490033070370471	0.501614354160615	0.426678876478992	HAUS5	1
GO:0048568	embryonic organ development	1/28	451/18866	0.492355496839075	0.503248317565604	0.428068744340758	HPN	1
GO:0044282	small molecule catabolic process	1/28	452/18866	0.49312737009938	0.503294944740604	0.428108405946287	PRODH2	1
GO:0050673	epithelial cell proliferation	1/28	453/18866	0.49389811158071	0.50334028136093	0.428146969791328	HPN	1
GO:0051090	regulation of DNA-binding transcription factor activity	1/28	455/18866	0.495436205596774	0.50416635899936	0.428849640828802	NFKBID	1
GO:0019932	second-messenger-mediated signaling	1/28	456/18866	0.496203561321248	0.504206844568365	0.428884078314399	APLP1	1
GO:0002683	negative regulation of immune system process	1/28	463/18866	0.501543629065787	0.508886874000864	0.432864964594037	NFKBID	1
GO:0052547	regulation of peptidase activity	1/28	466/18866	0.503815483144187	0.510444634238189	0.43419001317443	PSENEN	1
GO:0016570	histone modification	1/28	468/18866	0.505324501900938	0.511226101923139	0.434854738477949	KMT2B	1
GO:0060249	anatomical structure homeostasis	1/28	469/18866	0.506077350794664	0.51124140539461	0.434867755784889	LSR	1
GO:0016569	covalent chromatin modification	1/28	481/18866	0.515025800110648	0.517996868484151	0.440614029545264	KMT2B	1
GO:0043087	regulation of GTPase activity	1/28	481/18866	0.515025800110648	0.517996868484151	0.440614029545264	ARHGAP33	1
GO:0007409	axonogenesis	1/28	482/18866	0.515764406452607	0.517996868484151	0.440614029545264	MAG	1
GO:0042110	T cell activation	1/28	483/18866	0.516501928026765	0.517996868484151	0.440614029545264	NFKBID	1
GO:0051051	negative regulation of transport	1/28	483/18866	0.516501928026765	0.517996868484151	0.440614029545264	HAMP	1
GO:0050769	positive regulation of neurogenesis	1/28	485/18866	0.517973723006562	0.518707999474426	0.441218925656077	MAG	1
GO:1901987	regulation of cell cycle phase transition	1/28	486/18866	0.518707999474426	0.518707999474426	0.441218925656077	HAUS5	1
